ACGCCTGACACGCGCT-1,0,0,0,3371,4720
TACCGATCCAACACTT-1,0,1,1,3623,4864
ATTAAAGCGGACGAGC-1,0,0,2,3372,5008
GATAAGGGACGATTAG-1,0,1,3,3623,5152
GTGCAAATCACCAATA-1,0,0,4,3372,5297
TGTTGGCTGGCGGAAG-1,0,1,5,3623,5441
GCATCCTCTCCTATTA-1,0,0,6,3372,5586
GCGAGGGACTGCTAGA-1,0,1,7,3623,5730
TGGTACCGGCACAGCC-1,0,0,8,3372,5874
GCGCGTTTAAATCGTA-1,0,1,9,3623,6018
TGCCTTGCCCTTACGG-1,0,0,10,3372,6163
GACGACTTTCCAAGAA-1,0,1,11,3623,6307
CCAGTGAGCTCCTTGT-1,0,0,12,3372,6452
ATACCCTGGCTCAAAT-1,0,1,13,3623,6596
GGGTTTCCGGCTTCCA-1,0,0,14,3372,6740
TAACCGTCCAGTTCAT-1,0,1,15,3623,6884
AAACAACGAATAGTTC-1,0,0,16,3372,7029
CAAGGGAGTGTATTTG-1,0,1,17,3624,7173
CCAAGCTTGATCTCCT-1,0,0,18,3372,7318
TTATTTCATCCCAAAC-1,0,1,19,3624,7462
GAGCGCTATGTCAGGC-1,0,0,20,3373,7606
TATGGCAGACTTTCGA-1,0,1,21,3624,7751
CTTCGTGCCCGCATCG-1,0,0,22,3373,7895
AAACGGGTTGGTATCC-1,0,1,23,3624,8039
TGCAAACCCACATCAA-1,0,0,24,3373,8184
GACGGGATGTCTTATG-1,0,1,25,3624,8328
GGCGAGCATCGAGGAC-1,0,0,26,3373,8472
CGCGTGCTATCAACGA-1,0,1,27,3624,8617
TGAAACCTCAACTCAC-1,0,0,28,3373,8761
CACATAAGGCGACCGT-1,0,1,29,3624,8905
TGACCCAACTCACATT-1,0,0,30,3373,9050
ATACGCCGATCTACCG-1,0,1,31,3624,9194
ACTTATCTGATCTATA-1,0,0,32,3373,9338
GTGTGAGCCGAGGTGC-1,0,1,33,3625,9483
GATGATTTGAAACTGG-1,0,0,34,3373,9627
GGGAACCACCTGTTTC-1,0,1,35,3625,9771
GTTCGTTGCGGACCAG-1,0,0,36,3374,9916
TGAGGTTGATCCCAAG-1,0,1,37,3625,10060
GATGCCACACTACAGC-1,0,0,38,3374,10204
AGGCAAAGAGGAATCA-1,0,1,39,3625,10349
AAGTAAGCTTCCAAAC-1,0,0,40,3374,10493
AACGTAGTCTACCCAT-1,0,1,41,3625,10637
GTTTGAGCGGTTATGT-1,0,0,42,3374,10782
GAAGCAAGGCAATGTT-1,0,1,43,3625,10926
TCACTCAGCGCATTAG-1,0,0,44,3374,11070
TACAATGAAACCAGCA-1,0,1,45,3625,11215
GTGCGCTTACAAATGA-1,0,0,46,3374,11359
GCACTCCCACAGTCCC-1,0,1,47,3625,11503
CGAAGACTGCCCGGGA-1,0,0,48,3374,11648
CAGGATCCGCCCGACC-1,0,1,49,3625,11792
CACGATTGGTCGTTAA-1,0,0,50,3374,11936
GGTTGTATCGTGAAAT-1,0,1,51,3626,12081
TCTTATGGGTAGTACC-1,0,0,52,3375,12225
TACAAGCTGTTCACTG-1,0,1,53,3626,12369
GTATCTTGTTGCTCAC-1,0,0,54,3375,12514
ATACCAGGTGAGCGAT-1,0,1,55,3626,12658
CCTAAACAGGGTCCGT-1,0,0,56,3375,12802
ATGGTGCTCAAAGCCA-1,0,1,57,3626,12947
CAAATGCGGAGTGTTC-1,0,0,58,3375,13091
CGTGCCCGACATTTGT-1,0,1,59,3626,13235
GTATCTCCCTAACTGT-1,0,0,60,3375,13380
ATTTGCCTAGTTACGA-1,0,1,61,3626,13524
ACGTCCTAAACGAGAT-1,0,0,62,3375,13668
CTGGGATCGCCCAGAT-1,0,1,63,3626,13813
CTGCAAATGGGCTCCA-1,0,0,64,3375,13957
CATTATAACAGGGTCC-1,0,1,65,3626,14101
ACCTTTCCTTTAGAAG-1,0,0,66,3375,14246
ATAGATTTGCAGTCGG-1,0,1,67,3627,14390
CTCGGGCATCGTCGGG-1,0,0,68,3375,14534
GTGGCGGGCCGTAGCT-1,0,1,69,3627,14679
CAACAGTGCCAAACGG-1,0,0,70,3376,14823
TGCGGGTATTGGGATC-1,0,1,71,3627,14967
GTCTCGCCAACACGCC-1,0,0,72,3376,15112
CTGGGCGGCCAAATGT-1,0,1,73,3627,15256
TAAAGGAGAAACTAGT-1,0,0,74,3376,15400
TCCCACGGAGGGAGCT-1,0,1,75,3627,15545
AGCTTCAATACTTTGA-1,0,0,76,3376,15689
TTCCACATTTCTCGTC-1,0,1,77,3627,15833
ACAAACCGACAAGGCG-1,0,0,78,3376,15978
AGACGGGATTGGTATA-1,0,1,79,3627,16122
AACCTAAAGCCGTCCG-1,0,0,80,3376,16266
TACAAATTGCGGAGGT-1,0,1,81,3627,16411
CCCGCTAGAGGGTTAA-1,0,0,82,3376,16555
CATTGCAAAGCATAAT-1,0,1,83,3628,16699
TGTACGCTATCAGCTT-1,0,0,84,3376,16844
TTCTTCGCAATAGAGC-1,0,1,85,3628,16988
TGTGATTCCAGCGCTT-1,0,0,86,3377,17132
ATTCAGGATCGCCTCT-1,0,1,87,3628,17277
GCCCATGGGTGCAATG-1,0,0,88,3377,17421
TTCCCGACGCTTCACT-1,0,1,89,3628,17565
AGCGGTTGAGATGTAC-1,0,0,90,3377,17710
GCTGTCTGTGATCGAC-1,0,1,91,3628,17854
AAAGACATGAAGTTTA-1,0,0,92,3377,17998
CAACAGAATAACGCTA-1,0,1,93,3628,18143
TGCGGTCTACGAGTAA-1,0,0,94,3377,18287
AAGACTCACGCCCACT-1,0,1,95,3628,18431
CTTTGAAACATATTCC-1,0,0,96,3377,18576
CTGGGCACTAGTCGGA-1,0,1,97,3628,18720
CGCCCTTACATCCACC-1,0,0,98,3377,18864
CACGACCACAGACTTT-1,0,1,99,3629,19009
CAATCCATTATCCGTT-1,0,0,100,3377,19153
GTGGCGTGCACCAGAG-1,0,1,101,3629,19297
CGGAGTCCTAACCTGG-1,0,0,102,3378,19442
GGTCCCATAACATAGA-1,0,1,103,3629,19586
ATCTCATAAACCTACC-1,0,0,104,3378,19730
TGCATGGCAGTCTTGC-1,0,1,105,3629,19875
TTGCAGGTCATGAAGT-1,0,0,106,3378,20019
AGCTGCATTTGAGGTG-1,0,1,107,3629,20163
TAATCAGGAATGCTGC-1,0,0,108,3378,20308
CCATCATAAGAACAGG-1,0,1,109,3629,20452
TCGTATCACCAAGCTA-1,0,0,110,3378,20596
ATTCAGATGAATCCCT-1,0,1,111,3629,20741
AAAGGTCAACGACATG-1,0,0,112,3378,20885
AGCTGCTGTGCCGAAT-1,0,1,113,3629,21029
CTAGCGCCAATCCTAC-1,0,0,114,3378,21174
GCTCGACCGAACTGAA-1,0,1,115,3629,21318
ACAGTGCAGCGCATTT-1,0,0,116,3378,21462
CGGCTGAAGGTTACGC-1,0,1,117,3630,21607
CACCTCTACGAGTGTG-1,0,0,118,3379,21751
ATACGACAGATGGGTA-1,0,1,119,3630,21895
ACTTCCTGTCGTGCGA-1,0,0,120,3379,22040
CGTAACGGAACGATCA-1,0,1,121,3630,22184
AAATCACTCCTAAACG-1,0,0,122,3379,22328
CTCCGAGTAAATCCGC-1,0,1,123,3630,22473
ACGCTAGTATCAGTGC-1,0,0,124,3379,22617
AGAGTGAACAGACACC-1,0,1,125,3630,22761
ACACCCGTAAATCTGT-1,0,0,126,3379,22906
GCTTTGCTGCCGGGTA-1,0,1,127,3630,23050
ACAGGAGGCGCAGCCG-1,0,2,0,3874,4719
AGGCAATACGGAGGAC-1,0,3,1,4125,4864
TGGTGTGACAGACGAT-1,0,2,2,3874,5008
ATCTATCGATGATCAA-1,0,3,3,4125,5152
CGGTAACAAGATACAT-1,0,2,4,3874,5297
TCGCCGGAGAGTCTTA-1,0,3,5,4125,5441
GGAGGAGTGTGTTTAT-1,0,2,6,3874,5585
TTAGGTGTGACTGGTC-1,0,3,7,4125,5730
CAGGGCTAACGAAACC-1,0,2,8,3874,5874
CCCGTGGGTTAATTGA-1,0,3,9,4125,6018
GACCGACCGCTAATAT-1,0,2,10,3874,6163
GGTATCAAGCATAGAA-1,0,3,11,4125,6307
TGCATGAGTAGATTCG-1,0,2,12,3874,6451
AATTCCAACTTGGTGA-1,0,3,13,4126,6596
TGCCGATGTCATCAAT-1,0,2,14,3875,6740
GCTGGGTCCGCTGTTA-1,0,3,15,4126,6884
TGAACACCCGAAGCAG-1,0,2,16,3875,7029
AACATTGGTCAGCCGT-1,0,3,17,4126,7173
GTGGGTCTTCTTTGCG-1,0,2,18,3875,7317
CATCGAATGGATCTCT-1,0,3,19,4126,7462
GCTACACTGTCCGAAC-1,0,2,20,3875,7606
CGGGTTGTAGCTTTGG-1,0,3,21,4126,7750
CCTAAGTGTCTAACCG-1,0,2,22,3875,7895
TCTGTGACTGACCGTT-1,0,3,23,4126,8039
TTATCATACTCGCAAA-1,0,2,24,3875,8183
AGCGTAGCGCTAGACC-1,0,3,25,4126,8328
TCCCTCCGAAATCGTT-1,0,2,26,3875,8472
AGGTCGCCACTTCGGT-1,0,3,27,4126,8616
CTAGCAACTAATTTAC-1,0,2,28,3875,8761
TTGCTAGCTACCAATC-1,0,3,29,4127,8905
GCCGGTTTGGGCGGAT-1,0,2,30,3875,9049
TGTAACTTGTCAACCT-1,0,3,31,4127,9194
CGAGATGTTGCCTATA-1,0,2,32,3876,9338
GTTACGAAATCCACGC-1,0,3,33,4127,9482
CTTGTCGTACGTGTCA-1,0,2,34,3876,9627
GCGTCCAGCTCGTGGC-1,0,3,35,4127,9771
CCCTTCTCGTACGCGA-1,0,2,36,3876,9915
CCAAAGTCCCGCTAAC-1,0,3,37,4127,10060
CCGCTTCGCGGTTAAC-1,0,2,38,3876,10204
GTTACGGCCCGACTGC-1,0,3,39,4127,10348
CCCGCTTGCCCTCGTC-1,0,2,40,3876,10493
TAGTGAGAAGTGGTTG-1,0,3,41,4127,10637
CGCTACCGCCCTATGA-1,0,2,42,3876,10781
AAACAATCTACTAGCA-1,0,3,43,4127,10926
GCGCGATGGGTCAAGT-1,0,2,44,3876,11070
ATAAACCATTGGACGG-1,0,3,45,4128,11214
TCGGGCACTTCTGGAT-1,0,2,46,3876,11359
TCTGTGGCTACATTTC-1,0,3,47,4128,11503
CTCTGTGCCTGCTATG-1,0,2,48,3877,11647
CACGACTAAAGTTCTG-1,0,3,49,4128,11792
GAGGAGTAATTCCTAC-1,0,2,50,3877,11936
AGAGGTATCTCGGTCC-1,0,3,51,4128,12080
GGCGTACCCTATATAA-1,0,2,52,3877,12225
GCCGGAAACACATCTT-1,0,3,53,4128,12369
AAATGTGGGTGCTCCT-1,0,2,54,3877,12513
ACCAGGAGTGTGATCT-1,0,3,55,4128,12658
TGTGGAGGAAGCTTAA-1,0,2,56,3877,12802
AAGGAGAACTTATAAG-1,0,3,57,4128,12946
CCCTCGGGAGCCTTGT-1,0,2,58,3877,13091
ACTGTTTAGTGTAGGC-1,0,3,59,4128,13235
CGTCAGTTTATCGTCT-1,0,2,60,3877,13379
GCGTGTATGTCGTATT-1,0,3,61,4128,13524
ACAATCGATCTTTATA-1,0,2,62,3877,13668
CAGCCCTCACAGGCAG-1,0,3,63,4129,13812
CGCGTCATATTAAACC-1,0,2,64,3878,13957
GAAGACTTCAATGCCG-1,0,3,65,4129,14101
TTGCGGCGACTCATGC-1,0,2,66,3878,14245
ACCAAACTAGAAATCC-1,0,3,67,4129,14390
TTACTGTTTCTCTACG-1,0,2,68,3878,14534
GACCAGGTCATTCATA-1,0,3,69,4129,14678
TTCTTCCCTTTGATAT-1,0,2,70,3878,14823
ACGCCCAGCTGTCGAT-1,0,3,71,4129,14967
AGTAGCGTGAACGAAC-1,0,2,72,3878,15111
CCTCGACCCACTGCCT-1,0,3,73,4129,15256
AGTTATTGAAAGGTAA-1,0,2,74,3878,15400
TCAGTTACGGAATGAT-1,0,3,75,4129,15544
GAATCTATACTCGGAC-1,0,2,76,3878,15689
TCGGCTAACTTCCCTT-1,0,3,77,4129,15833
ACGTGGTCGAATGTGC-1,0,2,78,3878,15977
ATATCGTGCCAGACCC-1,0,3,79,4130,16122
GTAGCTAGTAAGCGCG-1,0,2,80,3879,16266
ACGCTTAGTGTCTCTC-1,0,3,81,4130,16410
TCCGGCCTGCATCGAT-1,0,2,82,3879,16555
TAGTGGAACTCATACA-1,0,3,83,4130,16699
ATCATCTGCCCAGTGT-1,0,2,84,3879,16843
GTTATTAAATACGACC-1,0,3,85,4130,16988
GCGCTAAGTATGCATG-1,0,2,86,3879,17132
CCTGACGCAACCTTTA-1,0,3,87,4130,17276
CCCAAGAATGCACGGT-1,0,2,88,3879,17421
AACTGGGTTCGAGCCG-1,0,3,89,4130,17565
GGTTCCACCCGCTTCT-1,0,2,90,3879,17710
CATGCACGTGTTACTG-1,0,3,91,4130,17854
AGCGTTCCGATTTAAA-1,0,2,92,3879,17998
CCTACGCGACCTTACA-1,0,3,93,4130,18142
CGAATTACATGGTGTT-1,0,2,94,3879,18287
GAGGTCTTAGTGGGTC-1,0,3,95,4131,18431
GCCGCTAGATACGCAG-1,0,2,96,3879,18576
GTCACCTGTCTATGTC-1,0,3,97,4131,18720
CCGATTGGTCAATGAA-1,0,2,98,3880,18864
CCTGTGCGGATTGTAA-1,0,3,99,4131,19008
TTACGTAGCGCGTGCT-1,0,2,100,3880,19153
GGAGGCGAAGAACCGC-1,0,3,101,4131,19297
GGGTCACGTGCTTATG-1,0,2,102,3880,19442
GCTCCGGACGTTGATA-1,0,3,103,4131,19586
ATGTTTGTAAGATCAT-1,0,2,104,3880,19730
TGACCCAGCATTCCCG-1,0,3,105,4131,19874
TGGTCGTTTGATAGAT-1,0,2,106,3880,20019
TGTAATGCCTTCGGAC-1,0,3,107,4131,20163
TGCTCACACAACAACC-1,0,2,108,3880,20308
TACGATCCAAGCCACT-1,0,3,109,4131,20452
TTGTAACTTCATAGCG-1,0,2,110,3880,20596
AGATTCAAGCGGGTCG-1,0,3,111,4132,20740
CTCAGCAGACTGCCGA-1,0,2,112,3880,20885
GTAACATCAGCTCATC-1,0,3,113,4132,21029
ATGGAACAGAATAAAC-1,0,2,114,3881,21174
GGGCCTATACAACCGG-1,0,3,115,4132,21318
TCAAACAATTAGGACA-1,0,2,116,3881,21462
AAACCACTACACAGAT-1,0,3,117,4132,21606
AAACGACAGTCTTGCC-1,0,2,118,3881,21751
TTGAGGGTCGAACGCG-1,0,3,119,4132,21895
TGTTGATCACTGTTTA-1,0,2,120,3881,22040
AGGGTGTGCTACACGC-1,0,3,121,4132,22184
GTAGTTAGACAATATA-1,0,2,122,3881,22328
AATGGCCGCCAATGCG-1,0,3,123,4132,22472
TCGGCGGTATTAGATT-1,0,2,124,3881,22617
GGGTCACTGAGTAGTG-1,0,3,125,4132,22761
GAATTATGCAACCTAC-1,0,2,126,3881,22906
GATCTTAGTGAACGTG-1,0,3,127,4132,23050
CTAATGCGCCCAACAA-1,0,4,0,4376,4719
GCCACCCATTCCACTT-1,1,5,1,4627,4863
TACTCACAACGTAGTA-1,0,4,2,4376,5008
GTTCGGTGTGGATTTA-1,1,5,3,4627,5152
TCTTTCGGCGGGACAC-1,1,4,4,4376,5296
GGAGACATTCACGGGC-1,1,5,5,4627,5441
GGGATTATCTCACAAC-1,1,4,6,4376,5585
TAGAACGCCAGTAACG-1,1,5,7,4628,5729
ACGAGTCGCCGGCGTT-1,1,4,8,4376,5874
TGATGGGACTAAGTCA-1,1,5,9,4628,6018
TGCGAGAAACGTTACG-1,1,4,10,4377,6163
TCGCCTCGACCTGTTG-1,1,5,11,4628,6307
AACTCGATAAACACGT-1,1,4,12,4377,6451
AGGAAAGCCTCTGATG-1,1,5,13,4628,6595
GAAGGACTAAATTGAA-1,1,4,14,4377,6740
GTATCGGGACGAGCTG-1,1,5,15,4628,6884
CCTGTGCATAGGAGAC-1,1,4,16,4377,7029
CATACGGGTGCATGAT-1,1,5,17,4628,7173
CCACTAAACTGAATCG-1,0,4,18,4377,7317
AAATTGCGGCGGTTCT-1,1,5,19,4628,7461
AGTCCAGCGGGTACGT-1,0,4,20,4377,7606
CATTCAGGTCAGTGCG-1,0,5,21,4628,7750
CTAAAGTCCGAAGCTA-1,0,4,22,4377,7895
AATCAGACTGCAGGAC-1,0,5,23,4628,8039
AGTATCCATAATAACG-1,0,4,24,4377,8183
CTGGCTGCTAACGTAA-1,0,5,25,4629,8327
GTTCCAAGACAGCGAC-1,0,4,26,4378,8472
AAGACTAACCCGTTGT-1,0,5,27,4629,8616
GATTAATCCTGGCTCA-1,0,4,28,4378,8761
CGCGCAAGGAACTACA-1,0,5,29,4629,8905
CAGTAGCGAGGTAGTA-1,0,4,30,4378,9049
ACGGCGGGTTGCCCTG-1,0,5,31,4629,9193
CTAGGCGGCAGAGAAT-1,0,4,32,4378,9338
GTGCGCAGCTTGCTCC-1,0,5,33,4629,9482
TCACTATCGTGCAATC-1,0,4,34,4378,9627
TATGATTCTGCTTGGT-1,0,5,35,4629,9771
TAAGATTTAGCGGGAG-1,0,4,36,4378,9915
TTACGGTGTCACCGAG-1,0,5,37,4629,10059
CTACACTAGCTTGTTC-1,0,4,38,4378,10204
TGAGCAGTCGTGAAGT-1,0,5,39,4629,10348
CGCTGAGGACGTCCAA-1,0,4,40,4378,10493
GTGTATGACTTTAAAG-1,0,5,41,4630,10637
CTAAACGGGTGTAATC-1,0,4,42,4378,10781
TGTACTGTGCCAAAGT-1,0,5,43,4630,10925
GGCCACAAGCGATGGC-1,0,4,44,4379,11070
GTCAATTGTACTGAAG-1,0,5,45,4630,11214
AGGGACAGCACGGCGG-1,0,4,46,4379,11359
AGCTTATAGAGACCTG-1,0,5,47,4630,11503
AACTAGCGTATCGCAC-1,0,4,48,4379,11647
AACTTTAGCTGCTGAG-1,0,5,49,4630,11791
CCCAAGACAGAGTATG-1,0,4,50,4379,11936
GGCATCAACGAGCACG-1,0,5,51,4630,12080
ATGCATTCCGTGATGG-1,0,4,52,4379,12225
TTATAGATGCACATTA-1,0,5,53,4630,12369
GAACCATCTGGGAGAC-1,0,4,54,4379,12513
TGCTATACAAACGGAC-1,0,5,55,4630,12657
ACTTGCCATATTGTAC-1,0,4,56,4379,12802
TATTCCGGCAGTCCTA-1,0,5,57,4631,12946
GACGGACCGCGTTCCT-1,0,4,58,4379,13091
ATGTGTAGTTTAGTCA-1,0,5,59,4631,13235
ATACCAGCAAATTGCT-1,0,4,60,4380,13379
AAGTTTACTAATGGCA-1,0,5,61,4631,13523
CTCTCGATGTGCGCCT-1,0,4,62,4380,13668
GATTGACACTCTGCTC-1,0,5,63,4631,13812
TATCACAGCACGGGCA-1,0,4,64,4380,13957
ACCGTTCCCGCTCTGA-1,0,5,65,4631,14101
CCGCCACCACAATCCA-1,0,4,66,4380,14245
CATTCACTGACAGCTA-1,0,5,67,4631,14389
CGGCTGCAAGATTAAG-1,0,4,68,4380,14534
CATGAACCTCTTATCA-1,0,5,69,4631,14678
TTAATGCGAGGTAACT-1,0,4,70,4380,14823
AATAAGTCCTCGAGAC-1,0,5,71,4631,14967
ACCAGCCCGGTCTTTG-1,0,4,72,4380,15111
CTACGAACTAGGTCGA-1,0,5,73,4632,15255
ACATCTCAACGCGTAA-1,0,4,74,4380,15400
CACTACTCAGTTCTGT-1,0,5,75,4632,15544
CCGACTCGCATAGTCT-1,0,4,76,4381,15689
CATTTATCGTTCAAGA-1,0,5,77,4632,15833
CAAACGTGGTCTTGCG-1,0,4,78,4381,15977
TAGAAACCACTAAGTA-1,0,5,79,4632,16122
ACTGATTTAGTGATTC-1,0,4,80,4381,16266
TCGTATTTCGTCCGGA-1,0,5,81,4632,16410
CGGAAATTTCACATCC-1,0,4,82,4381,16555
ATCCACGCTAAATGTT-1,0,5,83,4632,16699
GTTCAATCTATGTCAA-1,0,4,84,4381,16843
ATAAAGGTCAAGTACG-1,0,5,85,4632,16988
CAACTCCAACGTTTAG-1,0,4,86,4381,17132
TAGGAACAGCCTCCAG-1,0,5,87,4632,17276
ATGGGAACGGAAGCGG-1,0,4,88,4381,17421
CACACGTTTCAATGGG-1,0,5,89,4632,17565
GGTGTTCTGTTTCTAC-1,0,4,90,4381,17709
AGTAACGTTCATCCTG-1,0,5,91,4633,17854
GTATAGTGGCCCATGT-1,0,4,92,4382,17998
TCTACACGTTCATGCA-1,0,5,93,4633,18142
AATCTGGGTAGACCCT-1,0,4,94,4382,18287
TCGGTTAGCCATGTAG-1,0,5,95,4633,18431
TGCCATGGCTTATAAG-1,0,4,96,4382,18575
TAAGTAAATGTGCCGC-1,0,5,97,4633,18720
GTGTCCGATAAGGCAT-1,0,4,98,4382,18864
TGGCACGAGCTCGAGT-1,0,5,99,4633,19008
ACCGGTCTGAGTACGG-1,0,4,100,4382,19153
GAACTTAGCGCCCGGT-1,0,5,101,4633,19297
AGTAGCTAGACGCCGA-1,0,4,102,4382,19441
ATAGGAATCTAAGCTT-1,0,5,103,4633,19586
CTTCCTGCATATTTAC-1,0,4,104,4382,19730
CAATATGTAGATTTAC-1,0,5,105,4633,19874
ACAAGGCCTACCAGCC-1,0,4,106,4382,20019
TTATAGTCCAAGGTGC-1,0,5,107,4634,20163
AAACGCCCGAGATCGG-1,0,4,108,4382,20307
CCTCGTTACGCCTGTT-1,0,5,109,4634,20452
GAACGGTGTAAAGCAG-1,0,4,110,4383,20596
ACGCATAAATGACATG-1,0,5,111,4634,20740
GGTTCGATGCTGAGTT-1,0,4,112,4383,20885
CTTTGGCAGACAGAGT-1,0,5,113,4634,21029
TTCGTGGGCTGGAAGC-1,0,4,114,4383,21173
CAAAGGTTAAATTCAG-1,0,5,115,4634,21318
GTTTGGCGTCAGGCAC-1,0,4,116,4383,21462
GCTTTCTATCTCAACT-1,0,5,117,4634,21606
TGCATCTCCGGATCTT-1,0,4,118,4383,21751
CTGAAACGGCCCTCAG-1,0,5,119,4634,21895
TAGCAGTAAATACGCG-1,0,4,120,4383,22039
CGGGCTACTTAAATTG-1,0,5,121,4634,22184
ATTATGCTCAGTATTG-1,0,4,122,4383,22328
TGATGCTCACGTAGTC-1,0,5,123,4635,22472
GTCTAAGATGCCCAGC-1,0,4,124,4383,22617
AACCCGATAGGGCTTC-1,0,5,125,4635,22761
CGCTATCGTGGCTTTA-1,0,4,126,4384,22905
CGTCTCTCGCCGAGGC-1,0,5,127,4635,23050
AGTGGGAGTATACACG-1,1,6,0,4878,4719
GGTCTTGGTGTTAACT-1,1,7,1,5129,4863
GGCTGGCAGCTTTATG-1,1,6,2,4878,5008
CGCCAATTATTGCGTT-1,1,7,3,5130,5152
GGTAACCGGCAAAGGT-1,1,6,4,4878,5296
TGGGACCATTGGGAGT-1,1,7,5,5130,5441
CTGCAGGTGCTCGGCC-1,1,6,6,4879,5585
CCGGTGCGAGTGATAG-1,1,7,7,5130,5729
GGGTACACTCTGGAGG-1,1,6,8,4879,5874
TAGCCAGAGGGTCCGG-1,1,7,9,5130,6018
CTTGTGAGGACAGCGG-1,1,6,10,4879,6162
GAAGGGCATAACCATG-1,1,7,11,5130,6307
CAACATGGCCTGATAA-1,1,6,12,4879,6451
CAATTTGACCGGGAAG-1,1,7,13,5130,6595
TCTGACTGTAATGGTT-1,1,6,14,4879,6740
TTCATAGCCTTGTAAC-1,1,7,15,5130,6884
TGGAAACGGAGTGAAC-1,1,6,16,4879,7028
ATCGCACGATTGTTCA-1,1,7,17,5130,7173
CGCCACCCGCATTAAC-1,1,6,18,4879,7317
TGGACCACGGCGTTGA-1,0,7,19,5131,7461
GTATATGTTACGGCGG-1,1,6,20,4879,7606
GTATTCTTACCGTGCT-1,1,7,21,5131,7750
TTCAGAGTAACCTGAC-1,0,6,22,4880,7894
GCGGTAACCCAAATGA-1,1,7,23,5131,8039
CTACGTGTTGCCACCA-1,1,6,24,4880,8183
CTAGATAAACTCCTCG-1,1,7,25,5131,8327
TCCATTAGTTGGATAG-1,0,6,26,4880,8472
CTGGCTCCTGCGGGAT-1,1,7,27,5131,8616
CAGTCTCTCGGCTAAT-1,0,6,28,4880,8760
GTATGACGTGGGAAAC-1,1,7,29,5131,8905
AGTCACTCCGCCTCAT-1,0,6,30,4880,9049
GCAGCGGTGGGCATTA-1,0,7,31,5131,9193
TATGGAGTTTCTCGTT-1,0,6,32,4880,9338
ACTCAACGAATGTATT-1,0,7,33,5131,9482
AACACGCGGCCGCGAA-1,0,6,34,4880,9626
CGATATTAGCCGCAGG-1,0,7,35,5131,9771
AGCGTCTGAACCCGCA-1,0,6,36,4880,9915
GATGTCCGGATCACAT-1,1,7,37,5132,10059
GGTCACGTTAGATTCA-1,1,6,38,4881,10204
TTAAGGATACGGAGGT-1,1,7,39,5132,10348
GTGCGGGACCATCGGC-1,1,6,40,4881,10492
CCATCTTGTTCACAAT-1,1,7,41,5132,10637
TCCGAGAAGGCTAAGC-1,1,6,42,4881,10781
TGGCGGTGTGCGATTG-1,1,7,43,5132,10925
ATCCTGCTGCAGATAG-1,1,6,44,4881,11070
TTATGCGTCCCGGTCC-1,1,7,45,5132,11214
CATAATGAGCGGGCGA-1,1,6,46,4881,11358
AGACATAGATCCTTCC-1,1,7,47,5132,11503
GGTGAAACCGGGAATG-1,1,6,48,4881,11647
AACTGGTGTGGGCCTT-1,1,7,49,5132,11791
GTAGCGCTGTTGTAGT-1,1,6,50,4881,11936
TTGTTTGTGTAAATTC-1,1,7,51,5132,12080
GGATCAAAGGACGAGG-1,0,6,52,4881,12224
CGTAGCGCCGACGTTG-1,1,7,53,5133,12369
CAAGTGAACTTTGGTT-1,1,6,54,4882,12513
GTAGACAACCGATGAA-1,1,7,55,5133,12657
CAATGGTCGGCCTGGG-1,1,6,56,4882,12802
ACAGATTAGGTTAGTG-1,1,7,57,5133,12946
GTTATCACCTTCTGAA-1,1,6,58,4882,13090
TGGTATCGGTCTGTAT-1,1,7,59,5133,13235
GGAATAACCTCAAGAA-1,0,6,60,4882,13379
ATTATCTCGACAGATC-1,1,7,61,5133,13523
CCGAGGGATGTTAGGC-1,0,6,62,4882,13668
TGAGATCAAATACTCA-1,1,7,63,5133,13812
AAACGAAGAACATACC-1,1,6,64,4882,13956
CTGGTCCTAACTTGGC-1,0,7,65,5133,14101
TGCACGAGTCGGCAGC-1,0,6,66,4882,14245
ATAGTCTTTGACGTGC-1,0,7,67,5133,14389
TGGAGCTAAAGTTCCC-1,0,6,68,4882,14534
GGGTGGTCCAGCCTGT-1,1,7,69,5134,14678
CATGCATGGAGACCCT-1,0,6,70,4882,14822
ACACGGCACTATGCAT-1,1,7,71,5134,14967
CCCTGGTATGGGCGGC-1,0,6,72,4883,15111
GGAGGATTGAAAGGAG-1,0,7,73,5134,15255
CCGCTGGTGCCATTCA-1,0,6,74,4883,15400
GTTAGAGTGTGCCGCT-1,0,7,75,5134,15544
TCGGAATGACCATCAA-1,0,6,76,4883,15688
TTCAATTAGCCATAAT-1,0,7,77,5134,15833
GATGTGTTGTCACAAG-1,0,6,78,4883,15977
TCTTTCTCTTAAGGAG-1,0,7,79,5134,16121
ACCCTTTAGTTCTCCA-1,0,6,80,4883,16266
ACCACAACTCAGAACA-1,0,7,81,5134,16410
TATGATAAATCTAACG-1,0,6,82,4883,16554
GATCCTCTTGCGCTTA-1,0,7,83,5134,16699
TTCTACCTTTATGTTG-1,0,6,84,4883,16843
GAAATACCTGCTGGCT-1,0,7,85,5135,16987
ATTCTGAGTATGAACT-1,0,6,86,4883,17132
GGATTAAGCTAAGGTC-1,0,7,87,5135,17276
AGTACGTGGCCTGTCT-1,0,6,88,4884,17420
TCAGGGTGCACGAAAC-1,0,7,89,5135,17565
AAATTTACCGAAATCC-1,0,6,90,4884,17709
TTGAGGCATTTAACTC-1,0,7,91,5135,17853
AACCAGTATCACTCTT-1,0,6,92,4884,17998
CACCGGAGATATCTCC-1,0,7,93,5135,18142
GACTGGGCGCCGCAAC-1,0,6,94,4884,18286
CACGTCTATGATGTGG-1,0,7,95,5135,18431
TTAAGACGAACGAACC-1,0,6,96,4884,18575
TGACCAGCTTCAAAGT-1,0,7,97,5135,18719
AGAGTTAGAGACCGAT-1,0,6,98,4884,18864
TTCGGACTGATGCCTT-1,0,7,99,5135,19008
CTCGAATGGAACGTAT-1,0,6,100,4884,19152
GGACGGCTTGCGCAAC-1,0,7,101,5135,19297
CTAAGTACAGGGCTAC-1,0,6,102,4884,19441
ACAAATTCAGATCTGA-1,0,7,103,5136,19585
CATGGAAATGGGACCA-1,0,6,104,4885,19730
GGTGGACCACGTGTTA-1,0,7,105,5136,19874
CACGACGTAATAGTAA-1,0,6,106,4885,20018
CGGGTTCGGCACGTAT-1,0,7,107,5136,20163
CTGGGCTATCCTTTGG-1,0,6,108,4885,20307
GTATTAGGGTTCGCGT-1,0,7,109,5136,20451
TCATTCGTATAATTTG-1,0,6,110,4885,20596
AATAGCAAGCCTCCTG-1,0,7,111,5136,20740
CATCTACCCGAGAACG-1,0,6,112,4885,20884
GCTTCAGTGGGATTAC-1,0,7,113,5136,21029
TCTGTGATGGAGGTTG-1,0,6,114,4885,21173
ATCCACTTTCAGACTA-1,0,7,115,5136,21317
ATGGTTACGAAACATG-1,0,6,116,4885,21462
GGCCCAATCTAGAGGG-1,0,7,117,5136,21606
GATGGTGAAATAACCC-1,0,6,118,4885,21750
AGAGGGACAATTGTCC-1,0,7,119,5137,21895
CGCGTACATTCTGGAA-1,0,6,120,4885,22039
CAAGAAACCCTAAACT-1,0,7,121,5137,22183
TTGGTGCGGTGTTGAA-1,0,6,122,4886,22328
GGTTCCCTAGTGTCTC-1,0,7,123,5137,22472
CGATAACCAATTTGAG-1,0,6,124,4886,22616
GCCCACTGGTCCACAA-1,0,7,125,5137,22761
GAGGGCCGGCAGAGTC-1,0,6,126,4886,22905
CGACACGGATGCCCAC-1,0,7,127,5137,23049
CTGTCTGTGGCTGGCT-1,1,8,0,5381,4719
ATATTATCCCGTATTT-1,1,9,1,5632,4863
GCGCTGGCGGAAAGTC-1,1,8,2,5381,5007
ATCTAACGTCCCTATG-1,1,9,3,5632,5152
GTCAGACAGCGTTGGA-1,1,8,4,5381,5296
GCCAGGCTTAGTGGTA-1,1,9,5,5632,5440
ATTCAAAGTACCTGTT-1,1,8,6,5381,5585
TGGACGTAGGCGAATC-1,1,9,7,5632,5729
ACACATTGACGCAACA-1,1,8,8,5381,5873
GATATCAGTATGTATC-1,1,9,9,5632,6018
TGGGCCTTGCCTGCAT-1,1,8,10,5381,6162
CAAAGTCAGGTTAGCT-1,1,9,11,5632,6306
GGATCCCTACCAGCTA-1,1,8,12,5381,6451
ATCGTCCAATCGAGTC-1,1,9,13,5632,6595
ACATGGCTCAATTTAG-1,1,8,14,5381,6739
AGGCCCAGTGACTGGT-1,1,9,15,5633,6884
GCTTCCAGCTTAGATT-1,1,8,16,5381,7028
TGCTTGAAACCATGCA-1,1,9,17,5633,7172
CAATATTGGACTAGTG-1,1,8,18,5382,7317
CGTGCTGGCCTAGTCG-1,1,9,19,5633,7461
CCTGCGATAGAACTGT-1,1,8,20,5382,7605
GGGTAATGCTGTGTTT-1,1,9,21,5633,7750
AACGCGAACGGCAACA-1,1,8,22,5382,7894
TGTCGGCATGGTGGAA-1,1,9,23,5633,8038
AGCGTACGAGAGCTAG-1,1,8,24,5382,8183
ATACTCTCGCCACTCT-1,1,9,25,5633,8327
AATCCATGCAAGGGTG-1,1,8,26,5382,8471
TTAAACAGAGTCCCGC-1,1,9,27,5633,8616
CCACAGCTGAAATCAT-1,1,8,28,5382,8760
CGGTTCCGGCTTCTTG-1,1,9,29,5633,8904
GACGTGAGACTCCATG-1,1,8,30,5382,9049
TCGTTGGCTCGTCAAT-1,1,9,31,5634,9193
GGTGAACGGGCTAGCC-1,1,8,32,5382,9337
GCACTGTGCAAATGTA-1,1,9,33,5634,9482
ACGAGAACCCATCACG-1,1,8,34,5383,9626
CCAGCTACGCCTCATA-1,1,9,35,5634,9770
TCCCGGTCAGGAATTT-1,1,8,36,5383,9915
TCGCATTCAATGACTT-1,1,9,37,5634,10059
CTGGTTCAACGCATCA-1,1,8,38,5383,10203
GGTGATTTCATCTTGT-1,1,9,39,5634,10348
CACCCTTTCCTCGCTC-1,1,8,40,5383,10492
CAACTTGTAGTGGGCA-1,1,9,41,5634,10636
AATATCAAGGTCGGAT-1,1,8,42,5383,10781
ACTCAGACCTGCTTCT-1,1,9,43,5634,10925
TTGGAGTCTCCCTTCT-1,1,8,44,5383,11069
GGATACTCATGAATTG-1,1,9,45,5634,11214
TGGGCACAAACAGAAC-1,1,8,46,5383,11358
GAGCCACGGTAGTAGG-1,1,9,47,5635,11502
TCGATAGGCTAGTCGC-1,1,8,48,5383,11647
TAACCGCCCGCAGTGC-1,1,9,49,5635,11791
GCCTATTTGCTACACA-1,1,8,50,5384,11935
TTGACGATTCAGCACG-1,1,9,51,5635,12080
TTAAACCGGTAGCGAC-1,1,8,52,5384,12224
ACCGAAAGGGCCCTGC-1,1,9,53,5635,12368
ACGTTCCGCGCTCCGT-1,1,8,54,5384,12513
ATACCAGGCTAATAGA-1,1,9,55,5635,12657
CGGCTTTGTATGATAA-1,1,8,56,5384,12801
CTTGACCCGAAAGATA-1,1,9,57,5635,12946
CGCAGAAACATTTGCG-1,1,8,58,5384,13090
GACCCGTCGCCGGCTA-1,1,9,59,5635,13234
AATCGGGACACTACGA-1,1,8,60,5384,13379
GTCACAAAGTTTCCAA-1,1,9,61,5635,13523
TATATTCGCGTCGATA-1,1,8,62,5384,13667
CCTCCCGACAATCCCT-1,1,9,63,5635,13812
CGACATGCGATCTTCT-1,1,8,64,5384,13956
AACACGACTGTACTGA-1,1,9,65,5636,14100
CCCAACCACACTAACA-1,1,8,66,5385,14245
CACCGCCGACCAGCGA-1,1,9,67,5636,14389
TGGTATCGCATCCCAA-1,1,8,68,5385,14534
CAGAGTGATTTAACGT-1,1,9,69,5636,14678
AACCCTGGTGGAACCA-1,1,8,70,5385,14822
GTCAGTTGTGCTCGTT-1,1,9,71,5636,14966
ATTGACGTAACTCGGT-1,1,8,72,5385,15111
GATGTCGGTCAACTGC-1,1,9,73,5636,15255
AGGGCAGCGGCGTGGT-1,1,8,74,5385,15400
ACATCGTTAACCTAGT-1,1,9,75,5636,15544
TCCATTGTGACCTCGT-1,1,8,76,5385,15688
TGTTTAATACTTCATC-1,1,9,77,5636,15832
TTGCTGGCCGGGCTTC-1,1,8,78,5385,15977
CATATTATTTGCCCTA-1,1,9,79,5636,16121
CTGCCTAGCCACCAAG-1,0,8,80,5385,16266
ACGAGATATTTGCTTA-1,1,9,81,5637,16410
GACTACAATTGCTCGT-1,1,8,82,5385,16554
AACGTGATGAAGGACA-1,0,9,83,5637,16698
ACTCTCTTATACACGA-1,0,8,84,5386,16843
CGCATCATGGCTTCAG-1,0,9,85,5637,16987
CGGCTCTTCGTCGAAC-1,0,8,86,5386,17132
ATTCTTCGTACTTATG-1,1,9,87,5637,17276
AGTGAGGGTTTCTGAC-1,0,8,88,5386,17420
GCCAGGCGTTCGCATG-1,1,9,89,5637,17564
GACTAACACAGCACCT-1,0,8,90,5386,17709
CAATGGAATCTACATA-1,1,9,91,5637,17853
GTGGTCAGCGAAGTAT-1,0,8,92,5386,17998
ATGGCTGGAAATGGCC-1,0,9,93,5637,18142
ATCAGGTCGCCATTGC-1,0,8,94,5386,18286
TATCACCATGTAAAGT-1,0,9,95,5637,18430
AGCGCTTATGGGCAAG-1,0,8,96,5386,18575
AAGCGGCGTCATGGGT-1,0,9,97,5638,18719
ACTAATACGTCAGGCG-1,0,8,98,5386,18864
GGCTGAGCATCGTAAG-1,0,9,99,5638,19008
CGGTTGGGTTCAAGTT-1,0,8,100,5387,19152
GACTGATTGGTCACAA-1,0,9,101,5638,19296
AGACGGGCCGATTTAA-1,0,8,102,5387,19441
ACCAGTGCCCGGTCAA-1,0,9,103,5638,19585
GTCCTTTAATGACTTC-1,0,8,104,5387,19730
CCTACAAGTCCGGAAT-1,0,9,105,5638,19874
GCCTGCTACACTGAGA-1,0,8,106,5387,20018
GACTCGGTCGGCGGAT-1,0,9,107,5638,20162
CTAGACATATATGTAG-1,0,8,108,5387,20307
TCGCCCAACTGACTCC-1,0,9,109,5638,20451
AAACTAACGTGGCGAC-1,0,8,110,5387,20596
AACTGAGGTCAGCGTC-1,0,9,111,5638,20740
ACAATGATTCTTCTAC-1,0,8,112,5387,20884
ATAAGTACCCGATTGT-1,0,9,113,5638,21028
ATTGGGAGTTCTGTAA-1,0,8,114,5387,21173
CGAACATAGTCAGAAA-1,0,9,115,5639,21317
TAGCTCAGATCCTAGT-1,0,8,116,5388,21462
GTGTCGTATTCACCTT-1,0,9,117,5639,21606
CTCACCGATCCAAACT-1,0,8,118,5388,21750
ATATGTGCACAAACCA-1,0,9,119,5639,21894
CAGTCCAACGCCTTCT-1,0,8,120,5388,22039
TCGTCCGGGTACACTC-1,0,9,121,5639,22183
GCAGAAACGTAATCCA-1,0,8,122,5388,22328
TTCGAGCCGGCGCTAC-1,0,9,123,5639,22472
GGAAGATAAGACTGTA-1,0,8,124,5388,22616
ATAAGCAAACACCGAG-1,0,9,125,5639,22760
GCATAAATTGAACGCC-1,0,8,126,5388,22905
CGCCGGTGTCGCAGTA-1,0,9,127,5639,23049
GACCTGGTCTGGGCGT-1,1,10,0,5883,4719
AGCCGCTTGATTAGCG-1,1,11,1,6134,4863
CCCGGCTAGGTGAGAA-1,1,10,2,5883,5007
CGAGCCGAGCACTCGA-1,1,11,3,6134,5151
TAGTGCTTGAATCCTT-1,1,10,4,5883,5296
CAACCGCACCTAGACA-1,1,11,5,6134,5440
ACCACTGTTCAAGAAG-1,1,10,6,5883,5585
AGATGCTATAACGAGC-1,1,11,7,6134,5729
AATTACTCGTACGCTC-1,1,10,8,5883,5873
CGTCAATCTTTAACAT-1,1,11,9,6135,6017
CCAAAGCAGTTGGTTG-1,1,10,10,5883,6162
CCATATTGGATCATGA-1,1,11,11,6135,6306
CGTACCGAAAGTCTAG-1,1,10,12,5884,6451
CTCGAGATCCAAAGCA-1,1,11,13,6135,6595
TGGATAGAGTAACAGA-1,1,10,14,5884,6739
TCACAGATCCTCAAAC-1,1,11,15,6135,6883
AGAGCTACGAAAGCAT-1,1,10,16,5884,7028
TGCGTGATTGGGTGTC-1,1,11,17,6135,7172
CACATGTTTGGACATG-1,1,10,18,5884,7317
TTCGCATCCGGAAGCA-1,1,11,19,6135,7461
CCCTAGTGTCAGGTGT-1,1,10,20,5884,7605
TTACCGCCTTAGGGAA-1,1,11,21,6135,7749
CCAGTCCATTATTCGA-1,1,10,22,5884,7894
CGTAAACGCTTGAGTG-1,1,11,23,6135,8038
ATTCCTTCCAGGCGGT-1,1,10,24,5884,8183
TTCCTTTCTGTGTTGC-1,1,11,25,6135,8327
AGTTGACATCGGCTGG-1,1,10,26,5884,8471
AACTCGATGGCGCAGT-1,1,11,27,6136,8615
GATAAGGCAGATGCAA-1,1,10,28,5885,8760
GGCTGGCTAGCTTAAA-1,1,11,29,6136,8904
CCTCATGCAGCTACGA-1,1,10,30,5885,9049
GACGCCTGTTGCAGGG-1,1,11,31,6136,9193
TAATTAGATGGATATG-1,1,10,32,5885,9337
GAGGGCATCGCGTATC-1,1,11,33,6136,9481
CTTGTGAGTCTTTGAC-1,1,10,34,5885,9626
TCAACACATTGGGTAA-1,1,11,35,6136,9770
ACTGTATACGCGAGCA-1,1,10,36,5885,9915
GTGAAACGTGCTCCAC-1,1,11,37,6136,10059
CGAGTGCTATAGTTCG-1,1,10,38,5885,10203
GTACTGCATGAAGCGT-1,1,11,39,6136,10347
GTAACTTGCGGCAGTC-1,1,10,40,5885,10492
GAATCGCCGGACACGG-1,1,11,41,6136,10636
GGGAGTAATGGCTGGC-1,1,10,42,5885,10781
CATGAACCGACATTTG-1,1,11,43,6137,10925
TCTGTCATACAAGAGC-1,1,10,44,5885,11069
GTCGTCAATTATAAGG-1,1,11,45,6137,11213
TAAAGAGCCCGAAACC-1,1,10,46,5886,11358
GTACTGAGGTCGTAAC-1,1,11,47,6137,11502
AAAGACCCAAGTCGCG-1,1,10,48,5886,11647
CGTCAGTGCGCACAAG-1,1,11,49,6137,11791
TGTATCCTTATTCCAT-1,1,10,50,5886,11935
ATTCTCGTCTCTTTAG-1,1,11,51,6137,12080
AAAGTCACTGATGTAA-1,1,10,52,5886,12224
TGTCTACAGTTTCTGT-1,1,11,53,6137,12368
TTAACGTCGCAAGACC-1,1,10,54,5886,12513
CTATGTCTATTGAAAC-1,1,11,55,6137,12657
TCGGGTGAAACTGCTA-1,1,10,56,5886,12801
TGTCCCGACATAGCAC-1,1,11,57,6137,12946
ACAGCATAGAGCCAGT-1,1,10,58,5886,13090
ATATTCCCACAGGTCA-1,1,11,59,6138,13234
TTGGATCGACTTCTGG-1,1,10,60,5886,13379
CACCATCGGAGGAGAC-1,1,11,61,6138,13523
TCGTTCGTTATTATGT-1,1,10,62,5887,13667
CTTAACTTCGAAGTAC-1,1,11,63,6138,13812
GCACAAGTGTCGGAAG-1,1,10,64,5887,13956
TACCAGCTAGGTTTAA-1,1,11,65,6138,14100
ACGTACAGATTTCTCT-1,1,10,66,5887,14245
AATTTGGTTCCAAAGA-1,1,11,67,6138,14389
GTAAGGATTTGTCGGA-1,1,10,68,5887,14533
CATCATCTACCCGGAC-1,1,11,69,6138,14678
ACGATGGATCCGATGC-1,1,10,70,5887,14822
CACTCAGCTCTTGAGG-1,1,11,71,6138,14966
TAGATCCGAAGTCGCA-1,1,10,72,5887,15111
TGAAACTTATGCAAGC-1,1,11,73,6138,15255
GCGATTCTGGAAGCAG-1,1,10,74,5887,15399
CAAACTATTGAGCTTC-1,1,11,75,6138,15544
TAGAATTAAGGGCAAC-1,1,10,76,5887,15688
CGAAACATAGATGGCA-1,1,11,77,6139,15832
GATGGTGCCCTAGGCA-1,1,10,78,5888,15977
CCCGCAGGGCCCAAAG-1,1,11,79,6139,16121
ACAGCGCACCCGCAGC-1,1,10,80,5888,16265
GGTAAATGTGCGTTAC-1,1,11,81,6139,16410
GTCCTTCTAGTGGGTT-1,1,10,82,5888,16554
GGAAGCTCGCTTACAG-1,1,11,83,6139,16698
CACCGATACACCGAGC-1,1,10,84,5888,16843
CAGCCGGGCCCTCTAT-1,1,11,85,6139,16987
CGGAGCTTATAACACC-1,1,10,86,5888,17131
ATTACAACTACCGGCC-1,1,11,87,6139,17276
TCCTCTGGCCCATTAG-1,1,10,88,5888,17420
CGGCACCGTTAGCGCC-1,1,11,89,6139,17564
TCGGTCCCTGACTCCA-1,1,10,90,5888,17709
TGGTTGGAGGATCCTG-1,1,11,91,6139,17853
CTGCGGTAGTCACGTG-1,1,10,92,5888,17997
GTGCCTCAGTGTACGG-1,1,11,93,6140,18142
ATCGTTCACTTTCGCC-1,1,10,94,5888,18286
ACTTACCGGGCGCGCA-1,1,11,95,6140,18430
CTAGACTGCATTTCGT-1,0,10,96,5889,18575
TTGCCGGTGATCCCTC-1,1,11,97,6140,18719
CTGTCACGCCAGGCGC-1,0,10,98,5889,18863
CGGTATAGGTATTAGC-1,0,11,99,6140,19008
CCAACGCTTGCCAGGG-1,0,10,100,5889,19152
CGTTGAGTAATTGCGT-1,0,11,101,6140,19296
TGTATTTACCTAATGC-1,0,10,102,5889,19441
TAAATGCCGTCTCATG-1,0,11,103,6140,19585
CGGTTTATGAAGGAAC-1,0,10,104,5889,19729
GCAAGATGTGTTCGCG-1,0,11,105,6140,19874
AAAGGTAAGCTGTACC-1,0,10,106,5889,20018
GTACGTCACGTATTAA-1,0,11,107,6140,20162
AGTACCTTCGAGTGCT-1,0,10,108,5889,20307
ATTGTGACTTCGCTGC-1,0,11,109,6141,20451
TGTATCAGACTGAAGC-1,0,10,110,5889,20595
GAGACCCTGCAACGCC-1,0,11,111,6141,20740
TGGGTGGGATGTCATT-1,0,10,112,5890,20884
GGCTAATGATTGAAAT-1,0,11,113,6141,21028
ATAACGTTACCTCCAC-1,0,10,114,5890,21173
TGCGAGATGGCGGCCA-1,0,11,115,6141,21317
CACACTTGTATTGCGA-1,0,10,116,5890,21461
GCTGGTGACTCGTAGT-1,0,11,117,6141,21606
CGACACCGCTTAAGGA-1,0,10,118,5890,21750
GTAACAACTGACCTTG-1,0,11,119,6141,21894
CAACTGAGGGTATGAC-1,0,10,120,5890,22039
CTAATTATGAAGCGTA-1,0,11,121,6141,22183
CCGATCTTAAGAGGCT-1,0,10,122,5890,22327
CGACTCGGTACACGGT-1,0,11,123,6141,22472
TGCTGCGTCAGAGTTA-1,0,10,124,5890,22616
AGAGTTGCAGGCCTCC-1,0,11,125,6141,22760
ACTGGCGAACCTGCGT-1,0,10,126,5890,22905
ACTAAGGACGCACACC-1,0,11,127,6142,23049
CGTCCAGATGGCTCCA-1,1,12,0,6385,4718
ACTATCGCCGGCTAAA-1,1,13,1,6636,4863
GATAGCGTACCACGCG-1,1,12,2,6385,5007
AGGACTTATAGGAGAA-1,1,13,3,6636,5151
TAGTCGGGATTCTTCG-1,1,12,4,6385,5296
ACCATTAAGGGTGTCA-1,1,13,5,6637,5440
TTAATGTGTTTGCAGG-1,1,12,6,6385,5584
TCCGCAGCCACCTAGC-1,1,13,7,6637,5729
GAGGAGATCCTCATGC-1,1,12,8,6386,5873
GGTCCTTCATACGACT-1,1,13,9,6637,6017
CCCTGTTGGCAAAGAC-1,1,12,10,6386,6162
GTGCCTAGCTATGCTT-1,1,13,11,6637,6306
GTCATCTCCTACAGCT-1,1,12,12,6386,6450
GCGAGAAACGGGAGTT-1,1,13,13,6637,6595
CGTCGCGGCGGGATTT-1,1,12,14,6386,6739
CATTGTGTGCTAGATC-1,1,13,15,6637,6883
CGCGGCAGTATTACGG-1,1,12,16,6386,7028
GAAATGGGATGTAAAC-1,1,13,17,6637,7172
CATTCCCTAAGTACAA-1,1,12,18,6386,7316
AGTTCTGCGTTGTATC-1,1,13,19,6637,7461
ACCCTATAGGACTGAG-1,1,12,20,6386,7605
TTAGATAGGTCGATAC-1,1,13,21,6638,7749
ATTGATAGCAACGAGA-1,1,12,22,6386,7894
TCTCGGCTCCAGGACT-1,1,13,23,6638,8038
CTTGAGGTTATCCCGA-1,1,12,24,6387,8182
AAGAAGGATCAGTTAG-1,1,13,25,6638,8327
GTACGACGGCGCTGCG-1,1,12,26,6387,8471
CTTATGTTGACTACCA-1,1,13,27,6638,8615
CGGCACTCAAGAAAGT-1,1,12,28,6387,8760
GTCAAAGTTTACATAG-1,1,13,29,6638,8904
CTCCTAAGTTATGTCT-1,1,12,30,6387,9048
ACTGTGCTAGTAGATC-1,1,13,31,6638,9193
GTTTGGCCGCTCAGCG-1,1,12,32,6387,9337
TTATCCAATCGAACTC-1,1,13,33,6638,9481
CCGTACCCAAGCGCCA-1,1,12,34,6387,9626
CATACAAAGCCGAACC-1,1,13,35,6638,9770
GGTCGGTAATTAGACA-1,1,12,36,6387,9914
AGCGGGAAGGGTCCAT-1,1,13,37,6638,10059
GCCCACCAAGGCTGTC-1,1,12,38,6387,10203
GTAGACGTCGTTACAT-1,1,13,39,6639,10347
GAGCATCATCCCTGGG-1,1,12,40,6388,10492
AGGTAACCTCCTATTC-1,1,13,41,6639,10636
GGTTTGAGTGCTGGAA-1,1,12,42,6388,10780
GCACTAGTCGCGCTAT-1,1,13,43,6639,10925
GGTAACTATGTATCTG-1,1,12,44,6388,11069
GCGGTCCCTAGACGCA-1,1,13,45,6639,11213
CGAGCGTTGATCAGCC-1,1,12,46,6388,11358
AATCCAAGGGCCTGAG-1,1,13,47,6639,11502
CCGTGCCCATGACGGC-1,1,12,48,6388,11646
GAAATTCACATCGCTG-1,1,13,49,6639,11791
CTCTGCGAAGCAAGCA-1,1,12,50,6388,11935
AGTAGGTAACATACAT-1,1,13,51,6639,12079
ATTGGGAATATCTTGG-1,1,12,52,6388,12224
TAGAGCTACGAAGAAC-1,1,13,53,6639,12368
TGCGGCATAGTTCAAC-1,1,12,54,6388,12512
CCGCCGGTCAACACAC-1,1,13,55,6640,12657
TCGTATAGTGCAATTA-1,1,12,56,6388,12801
TAGTTTATTCTTGCTT-1,1,13,57,6640,12945
GATATCTCATGCAATA-1,1,12,58,6389,13090
CGTTTAAGCGGAGCAC-1,1,13,59,6640,13234
CATGCTGGCTCCAATT-1,1,12,60,6389,13378
GAAACAGCCATGCAGT-1,1,13,61,6640,13523
AGTTTCGCAGGTCGGA-1,1,12,62,6389,13667
CTCATGGCTCACAATC-1,1,13,63,6640,13811
AACCGTTGTGTTTGCT-1,1,12,64,6389,13956
ACCCTTCATCTGCGAA-1,1,13,65,6640,14100
TGCGGTGAAATTTCAT-1,1,12,66,6389,14244
CAAATTGTCAGCAAGC-1,1,13,67,6640,14389
GAGGTACATCCATCTT-1,1,12,68,6389,14533
AAATGGCATGTCTTGT-1,1,13,69,6640,14677
TCATCCCAGAGGGTGG-1,1,12,70,6389,14822
CGTAGCGAATTGTCAG-1,1,13,71,6641,14966
CCTAGTTAGTCGCATG-1,1,12,72,6389,15110
GAAACTCTAATGAAGG-1,1,13,73,6641,15255
TTGTATCACACAGAAT-1,1,12,74,6390,15399
TTCAAGCCGAGCTGAG-1,1,13,75,6641,15543
AGGTACGATATTGCCA-1,1,12,76,6390,15688
TTAAGCCGACAACTTC-1,1,13,77,6641,15832
GTCTTAGTACAGCCGG-1,1,12,78,6390,15976
TGGGTAAGGTTCCCGC-1,1,13,79,6641,16121
CTACGCCATTTCCGAT-1,1,12,80,6390,16265
GACCGTCAGGTCGTGA-1,1,13,81,6641,16409
TAGTTAAGATAGGATA-1,1,12,82,6390,16554
GAATATTCGGAGTCCC-1,1,13,83,6641,16698
CAAACTACGATAGAGA-1,1,12,84,6390,16842
CAGGAAGACTTTATAT-1,1,13,85,6641,16987
TTCGTAATCCCAGCGG-1,1,12,86,6390,17131
GTGAGGAGCGGTTGAG-1,1,13,87,6641,17275
CAATCCCTATACCAGC-1,1,12,88,6390,17420
AGGGAAACGAGGTACT-1,1,13,89,6642,17564
TCCTGCCAACTGGAGA-1,1,12,90,6391,17708
AATTTGGGACATAGTA-1,1,13,91,6642,17853
AACTCCTAATCCCATG-1,1,12,92,6391,17997
GCTCATTACTGCATGT-1,1,13,93,6642,18141
TCTCGAACGAGGTCAC-1,1,12,94,6391,18286
TCACTACGACCAATGC-1,1,13,95,6642,18430
GTGATGCACAACATCT-1,1,12,96,6391,18574
CCGACGTAAACACAAC-1,1,13,97,6642,18719
TGGGATGCACTCATTC-1,1,12,98,6391,18863
TTCCATCATGCGGTGA-1,1,13,99,6642,19007
TGCACAGTGAAGTTAT-1,1,12,100,6391,19152
CTATTGTGTTTGGTCA-1,1,13,101,6642,19296
TGCGAGCCCTTCCGCG-1,0,12,102,6391,19440
TTGAAAGGTGTAAAGG-1,0,13,103,6642,19585
GGTGCAGAGCCTATCG-1,0,12,104,6391,19729
ACTATATGCTGTGTTC-1,0,13,105,6643,19873
TCCTGGCGCTGCCTGG-1,0,12,106,6391,20018
GAGCCGAGCGTTTATT-1,0,13,107,6643,20162
AGAATGCGGGTTCGGA-1,0,12,108,6392,20306
ATGCGACAATTGGTCC-1,0,13,109,6643,20451
TTCCGGCTCGACTTCT-1,0,12,110,6392,20595
TGATTATGGCACGCAG-1,0,13,111,6643,20739
GGTTTGACAAGAAGCT-1,0,12,112,6392,20884
GCAGCTATGGACAGGT-1,0,13,113,6643,21028
CACCATGATCGCAAAG-1,0,12,114,6392,21172
GTCGGAAGGATACCAG-1,0,13,115,6643,21317
GGCCCAGTTATCAGCA-1,0,12,116,6392,21461
GGGCCTATTTAAGTAT-1,0,13,117,6643,21605
GTTGTTACATTGCGCT-1,0,12,118,6392,21750
CAACTCCGTAACTTGC-1,0,13,119,6643,21894
GATCTTTGCTCAAAGA-1,0,12,120,6392,22039
TCGCTTAATTACGAAG-1,0,13,121,6644,22183
CGATCATTAGAGGCAC-1,0,12,122,6392,22327
TGTTCTCTACTCCCTA-1,0,13,123,6644,22471
GCTTAGGGAAGCGGTA-1,0,12,124,6393,22616
CAGGTTTAGTACTACA-1,0,13,125,6644,22760
AAGCGGAGTGCGCGCA-1,0,12,126,6393,22905
TCAGATGGAGACGTAG-1,0,13,127,6644,23049
TCGCACTAACGTTTGT-1,0,14,0,6887,4718
CACGTCGGGTTCTAGA-1,0,15,1,7139,4862
GGAGTACACATGAGCT-1,1,14,2,6888,5007
GTGTGTCGACGTCGCT-1,0,15,3,7139,5151
GAAGCTCTTTGCTTAG-1,1,14,4,6888,5295
ACACCGAGCGCTCTTT-1,0,15,5,7139,5440
CGTAATAATTACGAGT-1,1,14,6,6888,5584
CATCAACACCTACTAA-1,0,15,7,7139,5728
CCAAGTTTCTACAGAT-1,1,14,8,6888,5873
ACGGGTCATGTGACTT-1,1,15,9,7139,6017
AGTGTGCTAAGATCGC-1,1,14,10,6888,6161
GGCGGTTTGCCGGTGC-1,1,15,11,7139,6306
GTATAATCTCCCGGAT-1,1,14,12,6888,6450
TAGTCCGTATGCATAA-1,1,15,13,7139,6594
CACTTCGTCTTATCTC-1,1,14,14,6888,6739
CATCCGCAGGCCCGAA-1,1,15,15,7139,6883
CCCTGATGTAACTCGT-1,1,14,16,6888,7027
CCATAGTCAGTAACCC-1,1,15,17,7140,7172
CGGGCCATAGCCGCAC-1,1,14,18,6888,7316
CTCCGGCTTGTAGACA-1,1,15,19,7140,7460
AACTTGCGTTCTCGCG-1,1,14,20,6889,7605
AATGAGTTCGCATATG-1,1,15,21,7140,7749
CGAGGCCAGGCATTGG-1,1,14,22,6889,7893
TCTGCGTCCGGTTTCT-1,1,15,23,7140,8038
CAATCCTGCCGTGGAG-1,1,14,24,6889,8182
CTGAGCAAGTAACAAG-1,1,15,25,7140,8326
GGGTACCCACGGTCCT-1,1,14,26,6889,8471
ACGGAATTTAGCAAAT-1,1,15,27,7140,8615
GGGCGGTCCTATTGTC-1,1,14,28,6889,8759
ATGTTACGAGCAATAC-1,1,15,29,7140,8904
AACCATGGGATCGCTA-1,1,14,30,6889,9048
TCGCATCCCTAAGTGT-1,1,15,31,7140,9192
ACTTAGTACGACAAGA-1,1,14,32,6889,9337
GAGCTCTCGGACCTAA-1,1,15,33,7141,9481
TCTATTACGCTGGCGA-1,1,14,34,6889,9625
AGATACGACTTCATAT-1,1,15,35,7141,9770
CGCTATACCGCCCACT-1,1,14,36,6890,9914
CAGTGTCCGCAGAATG-1,1,15,37,7141,10058
CCATCCATACCAAGTC-1,1,14,38,6890,10203
AACCCAGAGACGGAGA-1,1,15,39,7141,10347
GAAGAACGGTGCAGGT-1,1,14,40,6890,10492
GATAAATCGGTGGATG-1,1,15,41,7141,10636
CAGCTCGTGCTTGTGT-1,1,14,42,6890,10780
GAGTACGGGTATACAA-1,1,15,43,7141,10924
CATCGCCCGCGGCCAA-1,1,14,44,6890,11069
TCTTACAGAGGTACCG-1,1,15,45,7141,11213
TGGAAGACGAACACCA-1,1,14,46,6890,11358
GTTGTCGTGTTAGTTG-1,1,15,47,7141,11502
CCAAGGAACAGAGAGG-1,1,14,48,6890,11646
CTGCACCTGGAACCGC-1,1,15,49,7141,11790
CGCTTTCATACCGGTG-1,1,14,50,6890,11935
GTTCTTCCCTCGATGT-1,1,15,51,7142,12079
ATTTAACTCGTATTAC-1,1,14,52,6891,12224
AACGATAGAAGGGCCG-1,1,15,53,7142,12368
TATCCTGCATGGGAAT-1,1,14,54,6891,12512
AGGCCCATTGTACAGG-1,1,15,55,7142,12656
CCGGCGCATATTGGAT-1,1,14,56,6891,12801
ATCTGTAATTGTACCC-1,1,15,57,7142,12945
GAGCGAGGGAGTACCG-1,1,14,58,6891,13090
TTATTAGGGAAGCATC-1,1,15,59,7142,13234
CTTCTTACGTCGTATA-1,1,14,60,6891,13378
GAAGTGCTGGATAGCT-1,1,15,61,7142,13522
GTGCAACAAATGTGGC-1,1,14,62,6891,13667
CATGCGTTAGACAGAA-1,1,15,63,7142,13811
ACACACTTTCTACACG-1,1,14,64,6891,13956
AGCCCTAAGCGAAGTT-1,1,15,65,7142,14100
ATTAATTCGGTCACTC-1,1,14,66,6891,14244
AACAGGAAATCGAATA-1,1,15,67,7143,14388
ACGTTTAGTTGTGATC-1,1,14,68,6891,14533
TCCTTCAGTGGTCGAA-1,1,15,69,7143,14677
CGAACGCCCAGTGCCG-1,1,14,70,6892,14822
CCTCGAAGTGGACGGG-1,1,15,71,7143,14966
CTCTGTTTGAGGATTC-1,1,14,72,6892,15110
TGGGCACGTTCTATGG-1,1,15,73,7143,15254
ACTATTCGTCCGTGGT-1,1,14,74,6892,15399
CCTCTGGCCTAGACGG-1,1,15,75,7143,15543
CCATAAACAACCCGAC-1,1,14,76,6892,15688
CATAGTACATTGAGAG-1,1,15,77,7143,15832
ATTTCATTATTTCGCG-1,1,14,78,6892,15976
CAACTATATCGAATGC-1,1,15,79,7143,16120
CTAGTATTCGGAATTA-1,1,14,80,6892,16265
GTGGAACCTACATGCG-1,1,15,81,7143,16409
CCTAAAGGCTGACGCT-1,1,14,82,6892,16554
CGTGACATTGGGTCGT-1,1,15,83,7144,16698
CCAATCGGTAGATCGA-1,1,14,84,6892,16842
ATTGTCGCAATACCTT-1,1,15,85,7144,16986
AAATTACACGACTCTG-1,1,14,86,6893,17131
CACTCCTCTCGGTCGG-1,1,15,87,7144,17275
AAATAACCATACGGGA-1,1,14,88,6893,17420
AGTTACTCTATCGTGG-1,1,15,89,7144,17564
CGTTAGCTCACAACTG-1,1,14,90,6893,17708
GAATGTATGGCAGGTC-1,1,15,91,7144,17852
GCAACCACCAGACCGG-1,1,14,92,6893,17997
TCACTCGTGCAACGGC-1,1,15,93,7144,18141
AAACAGAGCGACTCCT-1,1,14,94,6893,18286
CAGCCTCTCCTCAAGA-1,1,15,95,7144,18430
TTGCGTGAACGCTTAG-1,1,14,96,6893,18574
CCGCCTGCGAATTGGT-1,1,15,97,7144,18718
AGATGAGGGTTGCGAT-1,1,14,98,6893,18863
CGGTGGGCTCCAGCCT-1,1,15,99,7145,19007
GGCAGCGGTAATCCTA-1,1,14,100,6893,19152
GCTAGCAGGGAGTGGG-1,1,15,101,7145,19296
CTCAAGACATTAGCGC-1,1,14,102,6894,19440
CACGGCGCGCCAAAGG-1,1,15,103,7145,19584
TGCAATTTGGGCACGG-1,1,14,104,6894,19729
ATGCCAATCGCTCTGC-1,1,15,105,7145,19873
GCTGGACCCAAAGTGG-1,0,14,106,6894,20018
ATTCCTAAGACGTGGA-1,0,15,107,7145,20162
TCCGGAGGAAGGGCTG-1,0,14,108,6894,20306
TCGGTGACCGCTCCGG-1,0,15,109,7145,20451
TCCGAAGTAGTCACCA-1,0,14,110,6894,20595
CATGTAGGAGCGCCAA-1,0,15,111,7145,20739
CACAAGAAAGATATTA-1,0,14,112,6894,20884
AGGGTCAGTAACCCTA-1,0,15,113,7145,21028
TAAGCCCTTACGACCA-1,0,14,114,6894,21172
ATACCGTCATCCATAA-1,0,15,115,7145,21317
GGACGTCCATAGTTGG-1,0,14,116,6894,21461
CATCAAACTGGCGCCC-1,1,15,117,7146,21605
AAACGTGTTCGCCCTA-1,0,14,118,6895,21750
AAATTGGTGAGAAGCA-1,1,15,119,7146,21894
GGTCATTGTAGTCATA-1,0,14,120,6895,22038
TGCAGTGAGGCTCGGG-1,1,15,121,7146,22183
GAACATTAGTATGTTA-1,0,14,122,6895,22327
GGTTTGCGAACACGTA-1,1,15,123,7146,22471
ACACAAATATTCCTAG-1,0,14,124,6895,22616
TTGGGTTTATTCAGCG-1,1,15,125,7146,22760
ATTCGCAGAGGACACT-1,0,14,126,6895,22904
GATTTAGTGCGTACTG-1,1,15,127,7146,23049
TAGAAACACAATAGTG-1,0,16,0,7390,4718
CAGTAGATGATGTCCG-1,0,17,1,7641,4862
TCTTAACTCGGATGTA-1,0,16,2,7390,5007
TACATCTTGTTTCTTG-1,0,17,3,7641,5151
TTCATAGGGTGTCCAT-1,0,16,4,7390,5295
TGAAGTAGCTTACGGA-1,0,17,5,7641,5439
GCACAAGTGGATCATA-1,0,16,6,7390,5584
GGGCGAATTTCTCCAC-1,0,17,7,7641,5728
ATGTTCCTGCCCACCT-1,0,16,8,7390,5873
GCTCAACCTCTTAGAG-1,0,17,9,7641,6017
ATAGCTGCTCTTGTTA-1,0,16,10,7390,6161
CGTCAGCTATTTACTC-1,0,17,11,7641,6305
ATCTGATAGTGTCTTA-1,1,16,12,7390,6450
TGCACTATGTGAGTGC-1,0,17,13,7642,6594
CCGACAAACACATGAG-1,1,16,14,7391,6739
GCCTTGTATATGCAGT-1,0,17,15,7642,6883
ATAATACCGTTAGCCG-1,1,16,16,7391,7027
ACACTCCAATGTCACT-1,1,17,17,7642,7171
AGTTGCTGACTGATAT-1,1,16,18,7391,7316
GGCGCTCCTCATCAAT-1,1,17,19,7642,7460
TGCCTGACATCGGTCA-1,1,16,20,7391,7605
TTGGCCATCTTGCGCT-1,1,17,21,7642,7749
CAGTGGTTGCACATGA-1,1,16,22,7391,7893
AGAATTGTTTGACATA-1,1,17,23,7642,8037
AAATGCTCGTTACGTT-1,1,16,24,7391,8182
CACCTAATAGAGTCGT-1,1,17,25,7642,8326
CATTTCTAGCAGACTA-1,1,16,26,7391,8471
CCGAAAGTGGTGAGCA-1,1,17,27,7642,8615
AGTCAGCCACCGCCTG-1,1,16,28,7391,8759
TCATCACTCGAGCTCG-1,1,17,29,7643,8904
CTCAGGACTCACCTGT-1,1,16,30,7391,9048
CGGTGTACTTGATCCC-1,1,17,31,7643,9192
CCTACGGCTCAGTCGA-1,1,16,32,7392,9337
GTACTTGGGCACTTCT-1,1,17,33,7643,9481
TGATTTCCTCCTGACG-1,1,16,34,7392,9625
CCTCACCAATCTTGAC-1,1,17,35,7643,9770
GGTGAGATGCAGATAA-1,1,16,36,7392,9914
GCTAGTTTCATTGAGG-1,1,17,37,7643,10058
AGGACATCGCACGTCG-1,1,16,38,7392,10203
GTGGACGTGCTGAGAC-1,1,17,39,7643,10347
TAAGGAACTTGTGGGA-1,1,16,40,7392,10491
TCGCTGTGCGTAAATC-1,1,17,41,7643,10636
GCATCCCTAACTTTGA-1,1,16,42,7392,10780
CACCCACACGTCACCC-1,1,17,43,7643,10924
CCCTCATTCTGGAATT-1,1,16,44,7392,11069
AGGGCGTGATCGGCTA-1,1,17,45,7644,11213
GGTGCGGATAAGTGGC-1,1,16,46,7392,11357
TAATATTGAAATTCGC-1,1,17,47,7644,11502
CTTACACTGGGAAATA-1,1,16,48,7393,11646
ACCAAGAACGCGTGTC-1,1,17,49,7644,11790
GCCTTCAGCCCTACCG-1,1,16,50,7393,11935
GATGCTACAAGCGCCT-1,1,17,51,7644,12079
CCGGGACCCGCAGAGA-1,1,16,52,7393,12223
GTTCCAGTCTGACCAT-1,1,17,53,7644,12368
ATGATCGGGAATAGAC-1,1,16,54,7393,12512
TTGGATTGGGTACCAC-1,1,17,55,7644,12656
TACCTCACGCTTGTAC-1,1,16,56,7393,12801
CATGGCAGGAAGATCG-1,1,17,57,7644,12945
ATGACGCCGGCTCTAA-1,1,16,58,7393,13089
AGCGACATCCCATTCA-1,1,17,59,7644,13234
AGTAATGTCTTGCCGC-1,1,16,60,7393,13378
TTCTTAGTGGCTCAGA-1,1,17,61,7644,13522
CGTCTGGAAGGGCCCG-1,1,16,62,7393,13667
ACGTGCGCCTCGTGCA-1,1,17,63,7645,13811
AGAGCGGGCTAATCAT-1,1,16,64,7394,13955
GCGTCGAAATGTCGGT-1,1,17,65,7645,14100
AACTGATATTAGGCCT-1,1,16,66,7394,14244
CGAGCTGGGCTTTAGG-1,1,17,67,7645,14388
GGGTGTTTCAGCTATG-1,1,16,68,7394,14533
TTAATTTCAGACGCGG-1,1,17,69,7645,14677
ACTGCCGTCGTAACTC-1,1,16,70,7394,14821
GTGCACGAAAGTGACT-1,1,17,71,7645,14966
ATCTCCCTGCAATCTA-1,1,16,72,7394,15110
ACGCCAGATGATTTCT-1,1,17,73,7645,15254
AGCTATTTAATCCAAC-1,1,16,74,7394,15399
CCACGAGAAGAGAATC-1,1,17,75,7645,15543
GATTCCGCGTTTCCGT-1,1,16,76,7394,15687
GTCGGATGTAGCGCGC-1,1,17,77,7645,15832
TATTTATACCGAGTAG-1,1,16,78,7394,15976
GTAGGTGATCCGTGTA-1,1,17,79,7646,16120
AGTTAAGCGGTCCCGG-1,1,16,80,7394,16265
CTGGCGACATAAGTCC-1,1,17,81,7646,16409
TTGGCCTAGAATTTCG-1,1,16,82,7395,16553
GGCATATCGGTTCTGC-1,1,17,83,7646,16698
GGGCGTCCACTGGCTC-1,1,16,84,7395,16842
TTACCCATTGCCGGGT-1,1,17,85,7646,16986
TTAGACACGATCGTTG-1,1,16,86,7395,17131
GCGCTGATCCAGACTC-1,1,17,87,7646,17275
TTCGGCAACCCGCTGA-1,1,16,88,7395,17419
GATATTTCCTACATGG-1,1,17,89,7646,17564
CTGCGTTACGATATAA-1,1,16,90,7395,17708
TAATAAACAAGGAGAT-1,1,17,91,7646,17852
AACCTTTACGACGTCT-1,1,16,92,7395,17997
AGTCCCGCCTTTAATT-1,1,17,93,7646,18141
TGAGATTAGGCCCTAA-1,1,16,94,7395,18285
AGTGTATTGCGCATTG-1,1,17,95,7647,18430
GTTGGATTCAGTGGCT-1,1,16,96,7395,18574
TAAAGCTGCAATAGGG-1,1,17,97,7647,18718
AGTAGGAAGGAAGTTG-1,1,16,98,7396,18863
TATCACTTCGAGTAAC-1,1,17,99,7647,19007
TGATCTACGCTGATCT-1,1,16,100,7396,19151
GGATCATCCCGTACGC-1,1,17,101,7647,19296
TGACACTTCTCTTTGC-1,1,16,102,7396,19440
AGCCCTTCTAATCCGA-1,1,17,103,7647,19584
CACCGCGTCCACTCTA-1,1,16,104,7396,19729
TAATTGGAATCGGGAA-1,1,17,105,7647,19873
TCGTAAGCTCCGAGGA-1,1,16,106,7396,20017
TATATTACAAATGTCG-1,1,17,107,7647,20162
CGCGAGAGGGACTTGT-1,1,16,108,7396,20306
GGACCTACGGTAACGT-1,1,17,109,7647,20450
GAAATATGCTTGAATG-1,1,16,110,7396,20595
CCGTATTAGCGCAGTT-1,1,17,111,7648,20739
AGGCGTCTATGGACGG-1,1,16,112,7396,20883
AACATCGATACGTCTA-1,1,17,113,7648,21028
TGAATATGCTATAAAC-1,1,16,114,7397,21172
ACCAAACACCCAGCGA-1,1,17,115,7648,21316
TGGCTTGTACAAGCTT-1,1,16,116,7397,21461
GAATGAAGGTCTTCAG-1,1,17,117,7648,21605
AGATACCAGCACTTCA-1,1,16,118,7397,21749
GCGGTCCCGGTGAAGG-1,1,17,119,7648,21894
GAGGCATTTGCAGCAG-1,1,16,120,7397,22038
GGCAAGCCAGGGATAG-1,1,17,121,7648,22182
TCTACGGGCTCAGTTG-1,1,16,122,7397,22327
TCTGCGAATCGTTCGC-1,1,17,123,7648,22471
AGCTCGTTGATGGAAA-1,1,16,124,7397,22615
TGAATGAGATACAGCA-1,1,17,125,7648,22760
ACCCTTGCCTGGGTCG-1,1,16,126,7397,22904
GGCGAACCGTTCTGAT-1,1,17,127,7648,23048
GCGATGTCTGTGCTTG-1,0,18,0,7892,4718
ATTAACACCTGAGATA-1,0,19,1,8143,4862
GAAATCTGACCAAGTT-1,0,18,2,7892,5006
CCTGACAAACTCGCGC-1,0,19,3,8143,5151
ATGTCATTTCCCATTG-1,0,18,4,7892,5295
GCGGTGCGGAGCATCG-1,0,19,5,8143,5439
CGGAAAGCAAATGTGC-1,0,18,6,7892,5584
GCTGAGCAACGGTTCT-1,0,19,7,8144,5728
TCACTCTTCGTCTGTC-1,0,18,8,7892,5872
GATCTTCATTGTCCTC-1,0,19,9,8144,6017
ACTCGATGTATTTCAT-1,0,18,10,7893,6161
TGAAGAGCGGTCCTAG-1,0,19,11,8144,6305
TAAACGTCGTCAATGA-1,0,18,12,7893,6450
ACGTTATTGGTCACTC-1,1,19,13,8144,6594
ATAGCCTCAGTACCCA-1,1,18,14,7893,6738
CGGGAGTATACCGCCG-1,1,19,15,8144,6883
GTCCTACAGGCGGCTC-1,1,18,16,7893,7027
CGGATAAGCGGACATG-1,1,19,17,8144,7171
AACTTCTGCGTCTATC-1,1,18,18,7893,7316
GGGTTCAGACGAACAA-1,1,19,19,8144,7460
AGTCTGGACATCCTTG-1,1,18,20,7893,7604
TTGAACGAATCCTTTG-1,1,19,21,8144,7749
GAAATACTAAACGTTT-1,1,18,22,7893,7893
CCCGCGCAATGCACCC-1,1,19,23,8144,8037
TTCGGCTAGAGATGGT-1,1,18,24,7893,8182
GACACGAGTTAGAGGA-1,1,19,25,8145,8326
GAGGTCCCAAAGATCT-1,1,18,26,7894,8470
TAACTCCATGGAGGCT-1,1,19,27,8145,8615
CTTGTTTATGTAGCCA-1,1,18,28,7894,8759
GATGGCGCACACATTA-1,1,19,29,8145,8903
ATAATAGTGTAGGGAC-1,1,18,30,7894,9048
CGCTATTCAATGTATG-1,1,19,31,8145,9192
ATATTGCTGTCAAAGT-1,1,18,32,7894,9336
GGATTCAGTACGGTGG-1,1,19,33,8145,9481
TTCTTAGTGAACGGTG-1,1,18,34,7894,9625
AATGGTTCTCACAAGC-1,1,19,35,8145,9769
TATACACGCAAAGTAT-1,1,18,36,7894,9914
CTTCATAGCTCAAGAA-1,1,19,37,8145,10058
CAACGGTTCTTGATAC-1,1,18,38,7894,10202
ACACCCGAGAAATCCG-1,1,19,39,8145,10347
TCTATCATGCAGTTAC-1,1,18,40,7894,10491
CCCGCCATGCTCCCGT-1,1,19,41,8146,10635
CGCTTCCACTGAAATC-1,1,18,42,7894,10780
CACTGTCCAAGTGAGA-1,1,19,43,8146,10924
ATTACTAGCCTCTTGC-1,1,18,44,7895,11068
CATAGTAGCATAGTAG-1,1,19,45,8146,11213
CAACTCCTTGATCCCG-1,1,18,46,7895,11357
AAGTAGAAGACCGGGT-1,1,19,47,8146,11501
GCGGGAACCAGGCCCT-1,1,18,48,7895,11646
ATTAGATTGATAGCGG-1,1,19,49,8146,11790
CTCGGTCCGTAGCCTG-1,1,18,50,7895,11934
TGGCTTTGGGTAGACA-1,1,19,51,8146,12079
TATCCATATCATGCGA-1,1,18,52,7895,12223
GGAGTGCCGCCCTGGA-1,1,19,53,8146,12367
TGAGAATGCTTTACCG-1,1,18,54,7895,12512
TTAACCAACCCTCCCT-1,1,19,55,8146,12656
TGTTTCGGTACTTCTC-1,1,18,56,7895,12800
TTGCTGAAGGAACCAC-1,1,19,57,8147,12945
TATTTAGTCTAGATCG-1,1,18,58,7895,13089
CTCCGGCCTAATATGC-1,1,19,59,8147,13233
TTGTGGCCCTGACAGT-1,1,18,60,7896,13378
TCGCCGGTCGATCCGT-1,1,19,61,8147,13522
CCATAGGTTGGCGTGG-1,1,18,62,7896,13666
GAACGACCGAATGATA-1,1,19,63,8147,13811
TCCGATAATTGCCATA-1,1,18,64,7896,13955
CATTACGTCGGCCCGT-1,1,19,65,8147,14099
CAAGCACCAAATGCCT-1,1,18,66,7896,14244
TGCATGGATCGGATCT-1,1,19,67,8147,14388
GAAATCGCGCGCAACT-1,1,18,68,7896,14532
CTGAAAGAGATCCGAC-1,1,19,69,8147,14677
CACCTCGATGGTGGAC-1,1,18,70,7896,14821
ATTTGTTCCAGGGCTC-1,1,19,71,8147,14965
TGGGCCACAAGAGCGC-1,1,18,72,7896,15110
CCTTCTTGATCCAGTG-1,1,19,73,8148,15254
CCTCGCCAGCAAATTA-1,1,18,74,7896,15398
TTCATGGCGCAACAGG-1,1,19,75,8148,15543
TTAATCAGTACGTCAG-1,1,18,76,7897,15687
CCTATCTATATCGGAA-1,1,19,77,8148,15831
ATTATACTTTGCTCGT-1,1,18,78,7897,15976
ATGGATCCGGCGTCCG-1,1,19,79,8148,16120
CGCCCGCTTCCGTACA-1,1,18,80,7897,16264
GGATTCCGCTATACCC-1,1,19,81,8148,16409
CGGTCTATCAACCCGT-1,1,18,82,7897,16553
ATGCCGGTTGATGGGA-1,1,19,83,8148,16697
TCATGCAGGTTCTCAT-1,1,18,84,7897,16842
TGAGCTTTAATGACGC-1,1,19,85,8148,16986
TCCCTTAGATTACTCG-1,1,18,86,7897,17130
ATATCTCCCTCGTTAA-1,1,19,87,8148,17275
AGCTCTTCCCAGTGCA-1,1,18,88,7897,17419
TCGCTAAACCGCTATC-1,1,19,89,8148,17563
CACATTCTTTCGATGG-1,1,18,90,7897,17708
GATATGCGGTAGCCAA-1,1,19,91,8149,17852
CGTTTCACTTCGGGCG-1,1,18,92,7898,17996
CCAATTACGGGTCGAG-1,1,19,93,8149,18141
GCAGGTAGAGTATGGT-1,1,18,94,7898,18285
GTCGTATTGGCGTACA-1,1,19,95,8149,18429
GAAATTAGCACGGATA-1,1,18,96,7898,18574
AATGCACCAAGCAATG-1,1,19,97,8149,18718
AGGACGCTCGATGTTG-1,1,18,98,7898,18863
GGCTAAAGGGCGGGTC-1,1,19,99,8149,19007
CATCTATCCCGTGTCT-1,1,18,100,7898,19151
CAGTAACTATTTATTG-1,1,19,101,8149,19295
CATATACTACTGATAA-1,1,18,102,7898,19440
GCGTTCGGAGACCGGG-1,1,19,103,8149,19584
AAGTTCAGTCTGCGTA-1,1,18,104,7898,19729
CGAAGCTATAAATTCA-1,1,19,105,8149,19873
CGCGGTCACAAACCAA-1,1,18,106,7898,20017
GGGAATGAGCCCTCAC-1,1,19,107,8150,20161
ACGGAGCGCAAATTAC-1,1,18,108,7898,20306
CGTTCTTCGCACACCT-1,1,19,109,8150,20450
GAATAGCCCTGCGGTC-1,1,18,110,7899,20595
AATAGCTACCGCGTGC-1,1,19,111,8150,20739
CCGAGCTGTGCTTGTC-1,1,18,112,7899,20883
GATGACGATGATCGCG-1,1,19,113,8150,21027
GCCTATGCTGGGCCTT-1,1,18,114,7899,21172
TTACTGTCTAGAGCTC-1,1,19,115,8150,21316
AGCGGTTGCCGCTCTG-1,1,18,116,7899,21461
GCTTGCAGCACAATTG-1,1,19,117,8150,21605
CCGGAGGTCTTATGGT-1,1,18,118,7899,21749
ACAGTATACCGTGGGA-1,1,19,119,8150,21893
GGGATCCCAATACAAA-1,1,18,120,7899,22038
ATTACGACTCCACAGT-1,1,19,121,8150,22182
CTCACACGCAAGCCTA-1,1,18,122,7899,22327
CCAGATGTAAATGGGT-1,1,19,123,8151,22471
GAACTTGTGCACGGGA-1,1,18,124,7899,22615
AAGCCGCTTTACCTTG-1,1,19,125,8151,22759
TCCATTCCCACTAGAG-1,1,18,126,7900,22904
AGAGCGCTTGTAACGG-1,1,19,127,8151,23048
TGGGTTCCCGGACGGA-1,0,20,0,8394,4717
GCTGCGCCTCCCACGT-1,0,21,1,8645,4862
CTGTTGGCTCTTCTGA-1,0,20,2,8394,5006
TTGTTCTAGATACGCT-1,0,21,3,8646,5150
CCCTCAAGCTCTTAGT-1,0,20,4,8394,5295
TGGTCTAGCTTACATG-1,0,21,5,8646,5439
ATGCACCTTCCTTAAT-1,0,20,6,8395,5583
GGGATACGGTAATAAT-1,0,21,7,8646,5728
AGTTCACCGGTTGGAC-1,0,20,8,8395,5872
GACATACTGTCGCAGA-1,0,21,9,8646,6016
TGGACACCGTTGCTTG-1,0,20,10,8395,6161
TGCGATGCTAATGGCT-1,0,21,11,8646,6305
TTCTGTTTCCTGTCGC-1,1,20,12,8395,6449
CGTTGTAAACGTCAGG-1,1,21,13,8646,6594
GATCGGCGATAAGTCG-1,1,20,14,8395,6738
AGCCTTAAAGCGGAAG-1,1,21,15,8646,6882
TCCGTAACCACAATCC-1,1,20,16,8395,7027
GAATGCCGAAATGACC-1,1,21,17,8646,7171
TATACTCATGCGGCAA-1,1,20,18,8395,7316
TAGTGTCAGAAACGGC-1,1,21,19,8647,7460
CGTCATACCATATCCA-1,1,20,20,8395,7604
TAGTACCTTAGTGGTC-1,1,21,21,8647,7748
CTGGCGGGAATAAGTA-1,1,20,22,8396,7893
AGTGTGGTCTATTGTG-1,1,21,23,8647,8037
GCTATCGCGGCGCAAC-1,1,20,24,8396,8182
CAGTAATCCCTCCCAG-1,1,21,25,8647,8326
GTATTAAGGCGTCTAA-1,1,20,26,8396,8470
CTAATTTCAACAACAC-1,1,21,27,8647,8614
TTAGCAACATGGATGT-1,1,20,28,8396,8759
ATGCTCAGTGTTGCAT-1,1,21,29,8647,8903
GATGTTTGTGCGAGAT-1,1,20,30,8396,9048
CACTTCGCCACAGGCT-1,1,21,31,8647,9192
CTGTATGGTGTAGAAA-1,1,20,32,8396,9336
TACGTGCACTATGCTG-1,1,21,33,8647,9480
GTATCAGCTTGGGTTC-1,1,20,34,8396,9625
TAACAAAGGGAGAAGC-1,1,21,35,8647,9769
TTACATCGTGGCCTGG-1,1,20,36,8396,9914
TCTGAACCGGTCGGCT-1,1,21,37,8648,10058
GGCTCGTGCCACCAGC-1,1,20,38,8397,10202
TATAAGTGAGGATAGC-1,1,21,39,8648,10346
GCCCGCGCGTTTGACA-1,1,20,40,8397,10491
TGCTGGTTGGACAATT-1,1,21,41,8648,10635
GCCTAGCGATCTGACC-1,1,20,42,8397,10780
CCATGCTCTGCAGGAA-1,1,21,43,8648,10924
TATAAATCCACAAGCT-1,1,20,44,8397,11068
CGCTCGACATAATGAT-1,1,21,45,8648,11212
CCAATTGAATGTTAAT-1,1,20,46,8397,11357
GCTAATACCGAATGCC-1,1,21,47,8648,11501
TTCAACGACCCGACCG-1,1,20,48,8397,11646
TTCCTCGAGGGTGTCT-1,1,21,49,8648,11790
CAACGACCCGTTTACA-1,1,20,50,8397,11934
CTTGTACTTGTTGACT-1,1,21,51,8648,12078
TCTCTAATAGCTGGTA-1,1,20,52,8397,12223
ATTATGCCATAGGGAG-1,1,21,53,8649,12367
GACAACGCAGCTTACG-1,1,20,54,8398,12512
AGATGACTCGCCCACG-1,1,21,55,8649,12656
GTGCGGGTCTCCAAAT-1,1,20,56,8398,12800
GTACGAGATTGCGACA-1,1,21,57,8649,12944
GTATAGGACTCAGTAG-1,1,20,58,8398,13089
TTGCACGGAGCAGCAC-1,1,21,59,8649,13233
CACAGCTAGGGAGTGA-1,1,20,60,8398,13378
ATACTAGCATGACCCT-1,1,21,61,8649,13522
CCAAGACTTCTGCGAA-1,1,20,62,8398,13666
ACATAATAAGGCGGTG-1,1,21,63,8649,13810
TAATACACAGTAGTAT-1,1,20,64,8398,13955
TCTTGGTAACACCAAA-1,1,21,65,8649,14099
AACTGGGTCCCGACGT-1,1,20,66,8398,14244
ATCACTTCATCCTCGC-1,1,21,67,8649,14388
TGGAAGGATAAAGATG-1,1,20,68,8398,14532
CATGATGCACAATTCT-1,1,21,69,8650,14676
TGCCTGATCAAACGAT-1,1,20,70,8398,14821
ATAGGGATATCCTTGA-1,1,21,71,8650,14965
CACCTAATCAGTTTAC-1,1,20,72,8399,15110
TGTGACTACGCCAGTC-1,1,21,73,8650,15254
CCCGACCATAGTCCGC-1,1,20,74,8399,15398
CGCGCCCGACTTAATA-1,1,21,75,8650,15542
TGCCACCTGGCGAAAC-1,1,20,76,8399,15687
CTGCCAAGGTTGGAAG-1,1,21,77,8650,15831
TCTCCAACGTAGGTTA-1,1,20,78,8399,15976
TTCTTGGAGTAATGAG-1,1,21,79,8650,16120
GTCTCGATCTGCTTTC-1,1,20,80,8399,16264
TACTCTCCGAACAAAT-1,1,21,81,8650,16408
ATCACATTAGAATATC-1,1,20,82,8399,16553
TACGGGATGCTAGCAG-1,1,21,83,8650,16697
AGCTGAAGTAAACCAA-1,1,20,84,8399,16842
CATGGGTCGGGTGTGG-1,1,21,85,8651,16986
CACCCACGAGGCAATT-1,1,20,86,8399,17130
TGCCATTACTAAAGAA-1,1,21,87,8651,17275
CCGTTACGTTAGAACA-1,1,20,88,8400,17419
GCCAGGAGTAACCGAT-1,1,21,89,8651,17563
GGAAAGTGCCCATGCC-1,1,20,90,8400,17708
TCTTACCGGAACTCGT-1,1,21,91,8651,17852
TATGTCAAGACCGACT-1,1,20,92,8400,17996
CCTAACTAAGGCTCTA-1,1,21,93,8651,18141
GCGGTGAACTGCGCTC-1,1,20,94,8400,18285
CCTCGCGCGATATAGG-1,1,21,95,8651,18429
ATCGGCAAGCAGTCCA-1,1,20,96,8400,18574
AGATCGTGCATAAGAT-1,1,21,97,8651,18718
ATTCAGGACCTATTTC-1,1,20,98,8400,18862
AGCTAGAAGCAGAAGT-1,1,21,99,8651,19007
TTCGCTATCTGACGTG-1,1,20,100,8400,19151
TTCCGCAGAGAAATAT-1,1,21,101,8651,19295
CAGTACATTCTCTAAA-1,1,20,102,8400,19440
GTGAAGATTTCAAGTG-1,1,21,103,8652,19584
AACGCATGATCTGGGT-1,1,20,104,8401,19728
CCCAGAGGAGGGCGTA-1,1,21,105,8652,19873
GGAAACCTTGTTGAAT-1,1,20,106,8401,20017
GTGAAGCCGTATAGTC-1,1,21,107,8652,20161
GAGCTGTCGTCTCGGA-1,1,20,108,8401,20306
TGTCATTTGTTGGGAA-1,1,21,109,8652,20450
ACCAACACCACACACT-1,1,20,110,8401,20594
AAATGATTCGATCAGC-1,1,21,111,8652,20739
CTGCTTTATGTCCGCG-1,1,20,112,8401,20883
GCGAGAGGCCATGTAA-1,1,21,113,8652,21027
ATTGACCGGCGATGAC-1,1,20,114,8401,21172
ACCCTGGTAACGCCCT-1,1,21,115,8652,21316
GTTGGACCGCATCAGG-1,1,20,116,8401,21460
CGTTTACAAGGCAGCT-1,1,21,117,8652,21605
CGGTCCATGAGACTCC-1,1,20,118,8401,21749
GTTCGTCTGGGTCCCT-1,1,21,119,8653,21893
TGTACTACTCTCACGG-1,1,20,120,8401,22038
AGTGAAGATGGTGTCC-1,1,21,121,8653,22182
GAGGGCCATAATATTA-1,1,20,122,8402,22326
ACTCCCGTAGACTAGG-1,1,21,123,8653,22471
CGTCAAATGGTCGCAG-1,1,20,124,8402,22615
AAGTCTAGTAGCTGCC-1,1,21,125,8653,22759
AAGAAATCACCAGATT-1,1,20,126,8402,22904
GAGTGCACGGACAACA-1,1,21,127,8653,23048
GTTCAAATCAGATGTC-1,0,22,0,8897,4717
CATGGCTCCCTATGTC-1,0,23,1,9148,4861
GGCCACACGAAAGCCT-1,0,22,2,8897,5006
GAAGCCGGGTAAGCTC-1,0,23,3,9148,5150
TTGCGCTCTCTCGCTT-1,0,22,4,8897,5295
TACATGACCTTATCCG-1,0,23,5,9148,5439
GTCCTTCTACAACCCA-1,0,22,6,8897,5583
TATATGCTGGGTTGCC-1,0,23,7,9148,5728
GTTTATGGGATTTAGA-1,0,22,8,8897,5872
GGAACCCGAACAAGAA-1,0,23,9,9148,6016
AACGTTATCAGCACCT-1,0,22,10,8897,6161
CATCGTCCGGTTACTA-1,1,23,11,9148,6305
AGACAGCTCAGAATCC-1,1,22,12,8897,6449
GCAGATCCTCGCAAAT-1,1,23,13,9148,6594
GGGTCATGCGTACCAT-1,1,22,14,8897,6738
CTGGTCATTCCAATCC-1,1,23,15,9149,6882
TCAGGGCGCAAACTCG-1,1,22,16,8897,7027
GATGCCAGCAGAAGGC-1,1,23,17,9149,7171
GTTATTAACGTGGGAG-1,1,22,18,8898,7315
AATACAATGTTTCAGG-1,1,23,19,9149,7460
TTGCTGCACCTATCCA-1,1,22,20,8898,7604
CCAGAGACAAAGCCGG-1,1,23,21,9149,7748
CCGAAGTATATTGTTC-1,1,22,22,8898,7893
GCTAAACCTGAGGTGA-1,1,23,23,9149,8037
TCATACTTACAGATCC-1,1,22,24,8898,8181
CGAGCACTTCAAGTTT-1,1,23,25,9149,8326
TAGCAACCTGTCACAA-1,1,22,26,8898,8470
TGGGAAATGCCTTTCC-1,1,23,27,9149,8614
AGACCATGGGATACAA-1,1,22,28,8898,8759
TAAATGAATCCGTTTC-1,1,23,29,9149,8903
ACAACGGTCCCTGCGA-1,1,22,30,8898,9047
GTCACTCTCCAAATCT-1,1,23,31,9150,9192
TTCTACTTGCGAGGGC-1,1,22,32,8898,9336
CGCAATTACTTTCGGT-1,1,23,33,9150,9480
CTGTTCATCTCACGGG-1,1,22,34,8899,9625
TTCTTGTAACCTAATG-1,1,23,35,9150,9769
GCTTGATGATAATCAG-1,1,22,36,8899,9913
TTGGCTCGCATGAGAC-1,1,23,37,9150,10058
GCCCAGTTGGTATGCC-1,1,22,38,8899,10202
ATTCCTCCGCCAGTGC-1,1,23,39,9150,10346
TCGTCCGCTGGCGTCT-1,1,22,40,8899,10491
GGAGAAGTCATTGGCA-1,1,23,41,9150,10635
TTGTTAGCAAATTCGA-1,1,22,42,8899,10779
TCTAGCATCTTCGATG-1,1,23,43,9150,10924
TTCTAGGCCAATTGTG-1,1,22,44,8899,11068
TCACGGTCATCGCACA-1,1,23,45,9150,11212
ATGAAGCCAAGGAGCC-1,1,22,46,8899,11357
AATGACTGTCAGCCGG-1,1,23,47,9151,11501
CCAAACAGAACCCTCG-1,1,22,48,8899,11645
TATCGATGATTAAACG-1,1,23,49,9151,11790
GAACACACATCAACCA-1,1,22,50,8900,11934
CCCGTCAGCGTCTGAC-1,1,23,51,9151,12078
AGCATCGTCGATAATT-1,1,22,52,8900,12223
GACTAAGATCATGCAC-1,1,23,53,9151,12367
TAGGGTGTTTCAAGAG-1,1,22,54,8900,12511
TGGTTCGTAGCAAAGG-1,1,23,55,9151,12656
CTGTTCACTGCCTGTG-1,1,22,56,8900,12800
ATGTGCATCCGACGCA-1,1,23,57,9151,12944
TTGTCGTTCAGTTACC-1,1,22,58,8900,13089
CGGGATCAATGTAAGA-1,1,23,59,9151,13233
TTATCTGTATCATAAC-1,1,22,60,8900,13377
ATCGACTCTTTCCGTT-1,1,23,61,9151,13522
CTCATTTGATGGGCGG-1,1,22,62,8900,13666
GTAAGCGGGCAGTCAG-1,1,23,63,9151,13810
TCTATCGGTCGCAACA-1,1,22,64,8900,13955
AACGCGGTCTCCAGCC-1,1,23,65,9152,14099
ATTAATACTACGCGGG-1,1,22,66,8901,14243
CTTTAACTTTCAAAGG-1,1,23,67,9152,14388
CGTACCTGATAGGCCT-1,1,22,68,8901,14532
GAATGTTGGGTAATCT-1,1,23,69,9152,14676
TGCGGAGTAAAGGTGC-1,1,22,70,8901,14821
CCTGAATATTTACATA-1,1,23,71,9152,14965
TTGCTCCCATACCGGA-1,1,22,72,8901,15109
CCTCTAATCTGCCAAG-1,1,23,73,9152,15254
AGGTTGAGGCACGCTT-1,1,22,74,8901,15398
TCCCGTCAGTCCCGCA-1,1,23,75,9152,15542
TCCGATGACTGAGCTC-1,1,22,76,8901,15687
CAGCCTCCTGCAGAGG-1,1,23,77,9152,15831
CTTAGCCTTCCACATG-1,1,22,78,8901,15975
ATTAATGAACCAGTCG-1,1,23,79,9152,16120
ACGATACATAGAACTA-1,1,22,80,8901,16264
AGCCACTCCCGTGCTT-1,1,23,81,9153,16408
ATACGGGTTTCGATTG-1,1,22,82,8901,16553
CTGTCAAATGGCTCGG-1,1,23,83,9153,16697
GCTCGGAATTTAAAGC-1,1,22,84,8902,16841
TAGGCATGTTACGCCA-1,1,23,85,9153,16986
TGGCAACTCGCGCGCC-1,1,22,86,8902,17130
ATCAGTAGGCAGGGAT-1,1,23,87,9153,17274
TATCGATCTATGCATA-1,1,22,88,8902,17419
CGACTCAGGATGTTAT-1,1,23,89,9153,17563
GCCATATTGCACACAG-1,1,22,90,8902,17707
AATTCATAAGGGATCT-1,1,23,91,9153,17852
CGGTAGAGGTGCAGGT-1,1,22,92,8902,17996
AATGATGATACGCTAT-1,1,23,93,9153,18140
CTTGTGCTCACCGATT-1,1,22,94,8902,18285
TTCCAATCAGAGCTAG-1,1,23,95,9153,18429
CGATGGACCCTACGCC-1,1,22,96,8902,18573
GGTCGGATAAACGGCG-1,1,23,97,9154,18718
TTAGCTAATACGATCT-1,1,22,98,8902,18862
CTCGATATTTGCGAGC-1,1,23,99,9154,19006
ATTACTTACTGGGCAT-1,1,22,100,8903,19151
CTAGCCGATGTTATGA-1,1,23,101,9154,19295
TACTGCAATCAATTAC-1,1,22,102,8903,19439
TAGTCTGTGACGTTGC-1,1,23,103,9154,19584
CTCGTTTCTAATGTTT-1,1,22,104,8903,19728
TTCGTTCAACGAAGTT-1,1,23,105,9154,19872
CTGAATTTATTGCCAG-1,1,22,106,8903,20017
TGGAATATCCTTGACC-1,1,23,107,9154,20161
CAGATCATTTAAAGTC-1,1,22,108,8903,20305
CTCCTTTACGCAAGTC-1,1,23,109,9154,20450
TCCCAAACAGACAACG-1,1,22,110,8903,20594
ATCGCTGCGTGCAGCA-1,1,23,111,9154,20738
TTAGTTCAAGTGTTCG-1,1,22,112,8903,20883
AAACTCGTGATATAAG-1,1,23,113,9154,21027
TTAACGAACAAGCAGT-1,1,22,114,8903,21171
GTTATATCAGGAGCCA-1,1,23,115,9155,21316
CAAATTGGATTATGCC-1,1,22,116,8904,21460
CGAGGAGCTTCCATAT-1,1,23,117,9155,21604
GGAGACCAATGTGCTT-1,1,22,118,8904,21749
CATTGATGAACACGCC-1,1,23,119,9155,21893
GTCAATGCTATAATTT-1,1,22,120,8904,22037
ACCACCCTCTCTTCTA-1,1,23,121,9155,22182
TGGAGGGAAACACCTC-1,1,22,122,8904,22326
CACGGACGTGGATGGC-1,1,23,123,9155,22470
AACTTTCTCGATCATG-1,1,22,124,8904,22615
CGTATTGTTTCCTAAT-1,1,23,125,9155,22759
CCTACTGCGGCGGCCA-1,1,22,126,8904,22903
CTTAGGTCCCAATCGT-1,1,23,127,9155,23048
CGCAATCGATCATTAG-1,0,24,0,9399,4717
TGGTTATGCTTGCGGT-1,0,25,1,9650,4861
GGCTTGGCTCTCACCT-1,0,24,2,9399,5006
ATTGGTAGGATCCGCT-1,0,25,3,9650,5150
TCAGGGCGACTTCCTT-1,0,24,4,9399,5294
TCTGCAGATTCGAGTC-1,0,25,5,9650,5439
CTCTCGCTGTACTATG-1,0,24,6,9399,5583
AATAGTCGCGAGTCGG-1,0,25,7,9650,5727
AGTTACCCTTAAGACT-1,0,24,8,9399,5872
CTTAAATAAGACCCAT-1,0,25,9,9651,6016
GGTTGTGCTCTTGTCC-1,0,24,10,9399,6160
GTGAGTCTAAGACGGA-1,1,25,11,9651,6305
CGCGACACTGCGCAGC-1,1,24,12,9400,6449
GCTCGCGGTTCCGCTC-1,1,25,13,9651,6593
TTAACTCACGCGTGGA-1,1,24,14,9400,6738
GGAACGGCCTGCAGCC-1,1,25,15,9651,6882
GTAGAAACGGGTGGAG-1,1,24,16,9400,7026
TAATGAAAGACCCTTG-1,1,25,17,9651,7171
AGGCTTGCTAGACACC-1,1,24,18,9400,7315
TTGCGTAGTTTGAGGA-1,1,25,19,9651,7459
CGCCCTTGAAGGCTGA-1,1,24,20,9400,7604
CCCGGTGGAAGAACCT-1,1,25,21,9651,7748
TTAACACCTCGAACAT-1,1,24,22,9400,7892
GATTCCTATACGGCGC-1,1,25,23,9651,8037
TTACCCTAACAGTCCT-1,1,24,24,9400,8181
ACCCACCTACATGCTC-1,1,25,25,9651,8325
AAAGGGCAGCTTGAAT-1,1,24,26,9400,8470
CACACAGGGATAGATT-1,1,25,27,9652,8614
AGAGCGTACAAGCTCG-1,1,24,28,9401,8758
TCTTACGGCATCCGAC-1,1,25,29,9652,8903
GCCTATTCCGATATAG-1,1,24,30,9401,9047
GAAAGTGACTAACTGC-1,1,25,31,9652,9191
CCGGAATGGTTTCAGT-1,1,24,32,9401,9336
AGTATAATACTAGGCA-1,1,25,33,9652,9480
TAACTATCGAAGGTCC-1,1,24,34,9401,9624
ATGAGGAGTGTTAATC-1,1,25,35,9652,9769
TGTGTCGCGAGTTGCA-1,1,24,36,9401,9913
ATCCAACGCAGTCATA-1,1,25,37,9652,10057
AAGGCGCGTAAAGCTT-1,1,24,38,9401,10202
AGTCGGCCCAAACGAC-1,1,25,39,9652,10346
AACGTCAGACTAGTGG-1,1,24,40,9401,10490
ACTACCAGCTCTCTGG-1,1,25,41,9652,10635
GCAAGTGCACAGAGAA-1,1,24,42,9401,10779
ACACCTTAAGTAGGGC-1,1,25,43,9653,10923
TTCGACGGGAAGGGCG-1,1,24,44,9401,11068
TTCGCACTCGCGTGCT-1,1,25,45,9653,11212
TATTTGTTACCCTTTA-1,0,24,46,9402,11356
CGCTGTGACGCCGCAC-1,0,25,47,9653,11501
GTTGCACGGAGTTTCG-1,0,24,48,9402,11645
GTTTCCTGGAGGGTGA-1,0,25,49,9653,11789
ACACCCAGCATGCAGC-1,1,24,50,9402,11934
TCAACCATGTTCGGGC-1,1,25,51,9653,12078
TTACAACTACGCATCC-1,1,24,52,9402,12222
TCCGATGGTGCGACAT-1,1,25,53,9653,12367
GGGCGTACATTTATAT-1,1,24,54,9402,12511
AGCGACCAACGATATT-1,1,25,55,9653,12655
ACACAAAGACGGGTGG-1,1,24,56,9402,12800
ATCGCACGCCGGGAGA-1,1,25,57,9653,12944
GCTCTAAACCCTGACG-1,1,24,58,9402,13088
AATGCAACCGGGTACC-1,1,25,59,9654,13233
TCAAACAACCGCGTCG-1,1,24,60,9402,13377
TATGCTCCCTACTTAC-1,1,25,61,9654,13521
AAAGGGATGTAGCAAG-1,1,24,62,9403,13666
ACGATCATACATAGAG-1,1,25,63,9654,13810
TTGTTCAGTGTGCTAC-1,1,24,64,9403,13954
ATGCATGATCCAGGAT-1,1,25,65,9654,14099
AGTCTTCTCCTCAAAT-1,1,24,66,9403,14243
GATTCCCTTGTCGCAG-1,1,25,67,9654,14387
CTCGCACCTATATAGT-1,1,24,68,9403,14532
ACTCAATAAAGGCACG-1,1,25,69,9654,14676
AACCGAGCTTGGTCAT-1,1,24,70,9403,14820
TAAGGCAACATAAGAT-1,1,25,71,9654,14965
CACGCACAGCGCAGCT-1,1,24,72,9403,15109
GGTTTACAATCTCAAT-1,1,25,73,9654,15253
TGCAGGATCGGCAAAG-1,1,24,74,9403,15398
ATAACGGAGTCCAACG-1,1,25,75,9654,15542
AACGATATGTCAACTG-1,1,24,76,9403,15687
GACAACGACCATTGAA-1,1,25,77,9655,15831
TTGACCATGTTCTCCG-1,1,24,78,9404,15975
AGTACGGGCACCTGGC-1,1,25,79,9655,16119
CGCCATCCGATTATGA-1,1,24,80,9404,16264
AAGGTATCCTAATATA-1,1,25,81,9655,16408
TGTTGTCAAGAAGTCT-1,1,24,82,9404,16553
CAGTGAATAAATGACT-1,1,25,83,9655,16697
CACCTTGCGAAACTCG-1,1,24,84,9404,16841
CATTTAGCGGACCATG-1,1,25,85,9655,16985
CCAGTCTAGACGGCGC-1,1,24,86,9404,17130
TCGCTTTAAACGTTTG-1,1,25,87,9655,17274
GTGAAACGGCGCCACC-1,1,24,88,9404,17419
GGGCTCATCGAACCCA-1,1,25,89,9655,17563
TTGATGTGTAGTCCCG-1,1,24,90,9404,17707
CAGTAGCCCACGCGGT-1,1,25,91,9655,17851
AGCGCGGGTGCCAATG-1,1,24,92,9404,17996
TAATCGATCCGTACGT-1,1,25,93,9656,18140
AGTGGCGGCAATTTGA-1,1,24,94,9404,18285
CCTTTCAATGAAGAAA-1,1,25,95,9656,18429
CTCAGTCACGACAAAT-1,1,24,96,9405,18573
ATAGGCTAGCTTCGCA-1,1,25,97,9656,18717
CGGTTCAAGTAGGTGT-1,1,24,98,9405,18862
CAGTCGAGGATGCAAT-1,1,25,99,9656,19006
TATCACCCAACCGACC-1,1,24,100,9405,19151
AATGATGCGACTCCTG-1,1,25,101,9656,19295
TGGAACCACTGACACA-1,1,24,102,9405,19439
GCCAATAGGGCATCTC-1,1,25,103,9656,19583
TTCTTTGGTCGCGACG-1,1,24,104,9405,19728
ATTAGATTCCTCAGCA-1,1,25,105,9656,19872
CCGTGGAACGATCCAA-1,1,24,106,9405,20017
GGGTCGTGGCAAGTGT-1,1,25,107,9656,20161
TCGCTCGGCACCAGCG-1,1,24,108,9405,20305
ACGCAATCACTACAGC-1,1,25,109,9657,20449
CTCTAATGCATTGATC-1,1,24,110,9405,20594
GTCTCGACTAAGTTTG-1,1,25,111,9657,20738
TGGTTTAAACGTGGGT-1,1,24,112,9406,20883
CGCAGATCTTCACCCG-1,1,25,113,9657,21027
TCCAGATGTACGCCAA-1,1,24,114,9406,21171
CATTGCGGGTCAATTC-1,1,25,115,9657,21315
GACGTTCGTAAATACA-1,1,24,116,9406,21460
TACACCGTCGTTAGTC-1,1,25,117,9657,21604
ACGGGCGTATGCGACA-1,1,24,118,9406,21749
GAAGGCTACCATTGTT-1,1,25,119,9657,21893
TAAATCTTTACACCTC-1,1,24,120,9406,22037
AGTTTATGTAAAGACA-1,1,25,121,9657,22181
AGGAGACATCCACAGT-1,1,24,122,9406,22326
CAACCTGAACCTGCCA-1,1,25,123,9657,22470
AGTCCCTCGCAGAAAG-1,1,24,124,9406,22615
TGTATACGGATGATGA-1,1,25,125,9657,22759
TTGTGGTATAGGTATG-1,1,24,126,9406,22903
TCTGCACCATTAGTAA-1,1,25,127,9658,23047
AAATGTATCTTATCCC-1,0,26,0,9901,4717
ACTCTAAACCTGGGAT-1,0,27,1,10152,4861
GCTGGCAGGTGCCGTG-1,0,26,2,9901,5006
CTCATTCGTGAACATC-1,0,27,3,10152,5150
TCGCCGGATGGGCAAG-1,0,26,4,9901,5294
GGACTAAGTCAGGAGT-1,0,27,5,10153,5438
TATCAAAGGTCTGTAA-1,0,26,6,9901,5583
TTCAGTTTGTGGCAGC-1,0,27,7,10153,5727
TGTTCATAAATGTGCT-1,1,26,8,9902,5872
CTTAGCCCGGATAGTG-1,1,27,9,10153,6016
GATGCGAATGGTATTA-1,0,26,10,9902,6160
TCTAACTGTATGTAAA-1,1,27,11,10153,6304
TTAAACCTGGTTCCTT-1,1,26,12,9902,6449
GCTAAGTAAAGGCGAT-1,1,27,13,10153,6593
AGTTACCGCACATGGT-1,1,26,14,9902,6738
GACTGCGGCACGTGTA-1,1,27,15,10153,6882
TGGTGATCGTATTTGT-1,1,26,16,9902,7026
TTATCGCCTGCGAAGC-1,1,27,17,10153,7170
TGGAATTAGACGCTTT-1,1,26,18,9902,7315
TCGTCACACTGTTAGC-1,1,27,19,10153,7459
TTATGTTTGCGATAGA-1,1,26,20,9902,7604
GGTGCTGATCACAAAG-1,1,27,21,10154,7748
CATAGCCGCCCGGGAT-1,1,26,22,9902,7892
GGTTAGTTACGGCGCC-1,1,27,23,10154,8036
ATTCCCACATAAACAA-1,1,26,24,9903,8181
ATTCAGTAGCAGGGTC-1,1,27,25,10154,8325
CAGTTCCGCGGGTCGA-1,1,26,26,9903,8470
AAGAGATGAATCGGTA-1,1,27,27,10154,8614
CGCAATTCTACAATAA-1,1,26,28,9903,8758
TAACGCTTTGAGAGCG-1,1,27,29,10154,8902
AGGCTATGGTTAGCTT-1,1,26,30,9903,9047
GAGGAATGGAGAGGTT-1,1,27,31,10154,9191
TCCTCTACGAGATGGC-1,1,26,32,9903,9336
TTGATTATGCAGATGA-1,1,27,33,10154,9480
TCAGTACTGACCCGCG-1,1,26,34,9903,9624
TTATGACAAACTGGAT-1,1,27,35,10154,9768
GTAAGTAGGGTATACC-1,1,26,36,9903,9913
CGCAAACACGAGTTAC-1,1,27,37,10154,10057
TGGCCGTATATTGACC-1,1,26,38,9903,10202
ACTGTAGCACTTTGGA-1,1,27,39,10155,10346
GCTCTATGTTACGTGC-1,1,26,40,9904,10490
TGCGCGATTAACGGAG-1,1,27,41,10155,10634
GAATCGACATGGTCAC-1,1,26,42,9904,10779
GACTAAGTAGGCTCAC-1,1,27,43,10155,10923
ATCTTGACCTGCAACG-1,1,26,44,9904,11068
ATGCACTACCGCATTG-1,1,27,45,10155,11212
CAGATACTAACATAGT-1,0,26,46,9904,11356
GATCGACACTATCTGA-1,1,27,47,10155,11500
ATAGAGTACTGGGACA-1,0,26,48,9904,11645
CCTACTGCTTACACTT-1,1,27,49,10155,11789
CCTGCTATTTGAGAAG-1,1,26,50,9904,11934
CGCGTTCATGAAATAC-1,1,27,51,10155,12078
CATTATGCTTGTTGTG-1,1,26,52,9904,12222
CCAGGGACGTGGCCTC-1,1,27,53,10155,12366
TATGGATGTGCTACGC-1,1,26,54,9904,12511
GTACTAAGATTTGGAG-1,1,27,55,10156,12655
AGACCCGCCCTCCTCG-1,1,26,56,9904,12800
CGCATTAGCTAATAGG-1,1,27,57,10156,12944
GCTCTCGGGTACCGAA-1,1,26,58,9905,13088
CACCGCCAGAAGGTTT-1,1,27,59,10156,13233
TCCCAAAGACGAAGGA-1,1,26,60,9905,13377
ATGGATTGACCAAACG-1,1,27,61,10156,13521
GTCATGGACATGACTA-1,1,26,62,9905,13666
CTACTGCCACCTGACC-1,1,27,63,10156,13810
TTATATTTGGCAATCC-1,1,26,64,9905,13954
AGCACCAGTACTCACG-1,1,27,65,10156,14099
CATGGTCTAGATACCG-1,1,26,66,9905,14243
TCTACCGTCCACAAGC-1,1,27,67,10156,14387
CTAGTTGGGCCCGGTA-1,1,26,68,9905,14532
TCCCGCGTACTCCTGG-1,1,27,69,10156,14676
CAGAGCATGAGCTTGC-1,1,26,70,9905,14820
ACACGGGAACTTAGGG-1,1,27,71,10157,14965
GGCTCTGCTCCAACGC-1,1,26,72,9905,15109
AGAACGTGGTACATTC-1,1,27,73,10157,15253
CAATAAACCTTGGCCC-1,1,26,74,9906,15398
ACTTCGCCATACGCAC-1,1,27,75,10157,15542
ATCTGGTTAAGACTGT-1,1,26,76,9906,15686
TCGTAAGACGACATTG-1,1,27,77,10157,15831
GTGTACCTTGGCTACG-1,1,26,78,9906,15975
GCCCGTAATACCTTCT-1,1,27,79,10157,16119
CGGTCAAGTGGGAACC-1,1,26,80,9906,16264
TTGTAAGGCCAGTTGG-1,1,27,81,10157,16408
GGAGCACCAAGAACTA-1,1,26,82,9906,16552
TAATAGTGACGACCAG-1,1,27,83,10157,16697
CTAAATCCTATTCCGG-1,1,26,84,9906,16841
CGAGTTCTGTCCCACC-1,1,27,85,10157,16985
AGGCAGATGCGTAAAC-1,1,26,86,9906,17130
AAGGATGAGGGACCTC-1,1,27,87,10157,17274
AGAGAACCGTCTAGGA-1,1,26,88,9906,17418
GAGGGCGCAGCTCTGC-1,1,27,89,10158,17563
AAGATTGGCGGAACGT-1,1,26,90,9907,17707
CCAGTAGTCTGATCCA-1,1,27,91,10158,17851
AAGGGACAGATTCTGT-1,1,26,92,9907,17996
ATAGAGTTATCAACTT-1,1,27,93,10158,18140
AAATTACCTATCGATG-1,1,26,94,9907,18284
GATCCTAAATCGGGAC-1,1,27,95,10158,18429
TTACAGACCTAAATGA-1,1,26,96,9907,18573
CCTCACCTTAGCATCG-1,1,27,97,10158,18717
CATGCGACCAGTTTAA-1,1,26,98,9907,18862
AACATATCAACTGGTG-1,1,27,99,10158,19006
CTATAAGAGCCAATCG-1,1,26,100,9907,19150
AATATCGAGGGTTCTC-1,1,27,101,10158,19295
GTACTCCTGGGTATGC-1,1,26,102,9907,19439
ATAAGTAGGATTCAGA-1,1,27,103,10158,19583
AGGTCGCGGAGTTACT-1,1,26,104,9907,19728
CTAATTCTCAGATATT-1,1,27,105,10159,19872
GCCAACCATTTCCGGA-1,1,26,106,9907,20016
TGATCCCAGCATTAGT-1,1,27,107,10159,20161
CGTTGTAAGATTGATT-1,1,26,108,9908,20305
GAAACCATGGTGCGCT-1,1,27,109,10159,20449
AATCTATGCCGGAGCC-1,1,26,110,9908,20594
GACTCCCAGAATAAGG-1,1,27,111,10159,20738
TATGATCCGGCACGCC-1,1,26,112,9908,20882
CCGCTTGCTGACATGG-1,1,27,113,10159,21027
TGGTTAAGGGCGCTGG-1,1,26,114,9908,21171
TTGATAGTCAATACAT-1,1,27,115,10159,21315
GGTTTAATTGAGCAGG-1,1,26,116,9908,21460
CATTACATAGATTGTG-1,1,27,117,10159,21604
GGTACACCAGATTTAT-1,1,26,118,9908,21748
GGCCCGTATACCATGC-1,1,27,119,10159,21893
ATCTTTCGTATAACCA-1,1,26,120,9908,22037
GAGATGACAATCCTTA-1,1,27,121,10160,22181
AAAGCTTGCCTACATA-1,1,26,122,9908,22326
GAACGATAAGTTAAAG-1,1,27,123,10160,22470
TAATAGCTAAATGATG-1,1,26,124,9909,22614
TATGGCTAGGCTAATT-1,1,27,125,10160,22759
AGGAGAGTCTGGCTAC-1,1,26,126,9909,22903
TGCTCTGCCGGTTCAC-1,1,27,127,10160,23047
CCAATAGATTTCATCT-1,0,28,0,10403,4717
GGGCACGAATTGGCCG-1,0,29,1,10655,4861
TCGTTGACAGGGTCCC-1,0,28,2,10404,5005
ATCGTATTCCGAGAAC-1,0,29,3,10655,5150
GGGAATTCTGTCCAGT-1,0,28,4,10404,5294
ACGCGTTTCTTAAGAG-1,0,29,5,10655,5438
GAGAGCGCAGTCCCTG-1,0,28,6,10404,5583
GTCCTATTGTTGTGGT-1,0,29,7,10655,5727
CATCTGCAGGATCATT-1,1,28,8,10404,5871
GAGTCGACAGACCCTC-1,1,29,9,10655,6016
AAGTGCAAAGGTAGAC-1,1,28,10,10404,6160
AGGGTGGATAGTGCAT-1,1,29,11,10655,6304
TGATAGCGGGATTCTA-1,1,28,12,10404,6449
GTCAGTTTGGTAGTCG-1,1,29,13,10655,6593
GCATTCGAAATGAACA-1,1,28,14,10404,6737
AAAGACTGGGCGCTTT-1,1,29,15,10655,6882
TAACAATATTTGTTGC-1,1,28,16,10404,7026
CCAGCTTCCGCCCGCA-1,1,29,17,10656,7170
GATATGGATTACGCGG-1,1,28,18,10404,7315
AGAGCAGTTATGAGAC-1,1,29,19,10656,7459
TCACATCTTATCTGAT-1,1,28,20,10405,7603
TATGAAGACAGGTGCG-1,1,29,21,10656,7748
TACCTGCTGCACTGTG-1,1,28,22,10405,7892
TAGGTCCAAGTAAGGA-1,1,29,23,10656,8036
GAAACTCGTGCGATGC-1,1,28,24,10405,8181
AACAATTACTCTACGC-1,1,29,25,10656,8325
CCGCACGTGACCTCGG-1,1,28,26,10405,8469
AACTTGCCCGTATGCA-1,1,29,27,10656,8614
GGGTATGTATGCACTT-1,1,28,28,10405,8758
TTCGTACTCCAGAACG-1,1,29,29,10656,8902
GAATTTCTCGCTGCAG-1,1,28,30,10405,9047
AACAGGATGGGCCGCG-1,1,29,31,10656,9191
GACGTGTAGGGATTAT-1,1,28,32,10405,9335
TAGGTGAGCCCTACTC-1,1,29,33,10657,9480
CTAATTCGCACGCGCT-1,1,28,34,10405,9624
GAAGCTTGCTGACCGC-1,1,29,35,10657,9768
GGTTAGGCTTGGAGAA-1,1,28,36,10406,9913
ACAAGGACAAGAGGTT-1,1,29,37,10657,10057
AGGCCACCCGTTATGA-1,1,28,38,10406,10201
GTGGGCTTAGACACAC-1,1,29,39,10657,10346
CGTGTCCCATTCGCGA-1,1,28,40,10406,10490
TGGAGTGATGCGATGA-1,1,29,41,10657,10634
AACAACTGGTAGTTGC-1,1,28,42,10406,10779
CCTGGCTAGACCCGCC-1,1,29,43,10657,10923
CGCAATTAGGGTAATA-1,1,28,44,10406,11067
TCGAAATTTAGGACCA-1,1,29,45,10657,11212
AGACTAGCCTTCCAGA-1,1,28,46,10406,11356
TTGATCTAACTTTGTC-1,1,29,47,10657,11500
AAGGAGCGGTTGGTGC-1,1,28,48,10406,11645
ACTTGGGACCCGGTGG-1,1,29,49,10657,11789
TGATCTCCGGCGCCAG-1,1,28,50,10406,11933
CAGTTCAAATTGACAC-1,1,29,51,10658,12078
GTCCGGCTGAATTGCG-1,1,28,52,10407,12222
CTGGAAATGGATGCTT-1,1,29,53,10658,12366
TGATCGGTTTGACCCT-1,1,28,54,10407,12511
TAGAGTCTAAGCGAAC-1,1,29,55,10658,12655
GAGACTGATGGGTAGA-1,1,28,56,10407,12799
TAGCTAAGTCCGGGAG-1,1,29,57,10658,12944
GGGCGATATGTGTGAA-1,1,28,58,10407,13088
CTCGAGGTCGAACAGT-1,1,29,59,10658,13232
GATCCCTTTATACTGC-1,1,28,60,10407,13377
GTCATGCACCTCCGTT-1,1,29,61,10658,13521
ACTTTCCTATAGCTTC-1,1,28,62,10407,13665
TCGCTCGATATATTCC-1,1,29,63,10658,13810
ATAGGTTGGGCAGATG-1,1,28,64,10407,13954
CAATTAAGGGTGATGA-1,1,29,65,10658,14098
ACCGACTGAGTCCCAC-1,1,28,66,10407,14243
CCTGTCACCCGGGCTC-1,1,29,67,10659,14387
GATCGGTGGCCATAAC-1,1,28,68,10407,14531
CCTATGGGTTACCGTC-1,1,29,69,10659,14676
TTGGGACACTGCCCGC-1,1,28,70,10408,14820
CGAGGCTAAATATGGC-1,1,29,71,10659,14964
TCAGGGTGTAACGTAA-1,1,28,72,10408,15109
CGAGAGATGTGAACCT-1,1,29,73,10659,15253
TCGCTGGGCGGATTGT-1,1,28,74,10408,15397
AGATCTCAGGTGTGAT-1,1,29,75,10659,15542
TGGCCAAACTGAAGTA-1,1,28,76,10408,15686
GCTTCCGTCCCTAGAC-1,1,29,77,10659,15830
CAGCAGCCCGTTCCTT-1,1,28,78,10408,15975
TGTATAACAGATCCTG-1,1,29,79,10659,16119
CGCGGGAATTAGGCAG-1,1,28,80,10408,16263
TGCATGTGGTAATCTA-1,1,29,81,10659,16408
ACAATTTGAGCAGTGG-1,1,28,82,10408,16552
GAGCTAAGGGCATATC-1,1,29,83,10660,16696
CCAGATAGTTGAGTGA-1,1,28,84,10408,16841
CCACAATGTACGTCTT-1,1,29,85,10660,16985
CAATGGATCTCTACCA-1,1,28,86,10409,17129
TGTGGCAAAGCGTATG-1,1,29,87,10660,17274
TAAAGCGTTAGGAGAA-1,1,28,88,10409,17418
TCCGTTTAGCCTTGAA-1,1,29,89,10660,17562
CAGCTCGACAAGTTAA-1,1,28,90,10409,17707
GCCTATAGTGTCAGGG-1,1,29,91,10660,17851
ATAGACAACGGGACCT-1,1,28,92,10409,17995
CTACTATCTTTCAGAG-1,1,29,93,10660,18140
GCGCTGCTTTGCATTT-1,1,28,94,10409,18284
GCGCATCCAGTCAGCA-1,1,29,95,10660,18428
GACTCGCGGGAATGAC-1,1,28,96,10409,18573
CTGGTAACGAGCTCTT-1,1,29,97,10660,18717
TCCGGCCTAGCGTACA-1,1,28,98,10409,18861
TCTAGGTGGCGACGCT-1,1,29,99,10660,19006
ACGCTAGTGATACACT-1,1,28,100,10409,19150
ATCTGCACCTCTGCGA-1,1,29,101,10661,19294
CCTCACCTGAGGGAGC-1,1,28,102,10410,19439
AGTGAGCCTCGCCGCC-1,1,29,103,10661,19583
ACGAGTACGGATGCCC-1,1,28,104,10410,19727
GGTACCATTAAGACGG-1,1,29,105,10661,19872
TTCTGCTAGACTCCAA-1,1,28,106,10410,20016
TAACTATTACGCCAAA-1,1,29,107,10661,20160
GCATTCAAGGCAACGC-1,1,28,108,10410,20305
AGTACATCATTTATCA-1,1,29,109,10661,20449
GTCGTGTCTGGTCATC-1,1,28,110,10410,20593
AGTCTAAAGTATACTC-1,1,29,111,10661,20738
CGGCCCAACCTGTAGT-1,1,28,112,10410,20882
AGGGAGACATACTTCG-1,1,29,113,10661,21026
TCCCTAGATCAATAGG-1,1,28,114,10410,21171
TCCCGTCGCGTCATAG-1,1,29,115,10661,21315
CGCATCCATCAGCCAG-1,1,28,116,10410,21459
CTGCACCTAGTCCACA-1,1,29,117,10662,21604
CGAGGATCGGGAACGA-1,1,28,118,10411,21748
CAATGAGGTTCGACTA-1,1,29,119,10662,21892
TCTGACGGGCTAACCC-1,1,28,120,10411,22037
TTCTATGCCTTTCGCA-1,1,29,121,10662,22181
AGAGTATAGTGTTACG-1,1,28,122,10411,22325
CCATTGTTTCCTCCAT-1,1,29,123,10662,22470
CTCATCACTTAGTGAT-1,1,28,124,10411,22614
CCGAAGGGCGTACCGC-1,1,29,125,10662,22758
TCAAGCTGCCTTGAAA-1,1,28,126,10411,22903
CTCATTAACGTTGCCC-1,1,29,127,10662,23047
GTCTTCCTCACCTAAG-1,0,30,0,10906,4716
GGTGATGAAGGAAGTG-1,0,31,1,11157,4861
TCAATACAATTGCTGC-1,0,30,2,10906,5005
GCAACCCAAGTTGTTT-1,0,31,3,11157,5149
ATGAAGTGGACCCAGC-1,0,30,4,10906,5294
GAGAATCTCACGATCA-1,0,31,5,11157,5438
TATATCATTGATCAGT-1,0,30,6,10906,5582
AACTTTACGGGAGCTT-1,1,31,7,11157,5727
TTCTTGTGTCCATCAG-1,1,30,8,10906,5871
ACAATTTAGGAGGCTC-1,1,31,9,11157,6015
ATACTTGTTCTCGAGC-1,1,30,10,10906,6160
CACGGGATTGAGGGTT-1,1,31,11,11157,6304
GTTAATGTCTATCTTA-1,1,30,12,10906,6448
GCGTTATATTTGGAAC-1,1,31,13,11158,6593
CGTCAAGGCTATAAAT-1,1,30,14,10907,6737
TTAGCTCTGTAATCCG-1,1,31,15,11158,6881
AATGGTCCACCGTTCA-1,1,30,16,10907,7026
GTCATTGCATTGACCC-1,1,31,17,11158,7170
TGTCCGTGGCGCCTTT-1,1,30,18,10907,7314
TCAACTAACGTATAAC-1,1,31,19,11158,7459
TCCTCTCCAGTTGTCC-1,1,30,20,10907,7603
TGTGTTCGTATCCAAG-1,1,31,21,11158,7747
CCGCGTAGGTAAGGGC-1,1,30,22,10907,7892
CTGCGGGTGAAATGTT-1,1,31,23,11158,8036
TATCTACAGAGGTAAT-1,1,30,24,10907,8180
CTACTCTAGGCCCGGC-1,1,31,25,11158,8325
ACAAGCAGTGCCTAGC-1,1,30,26,10907,8469
TACAAGTCTCGTGCAT-1,1,31,27,11158,8613
TCGGAATGCGCTCTGA-1,1,30,28,10907,8758
TCGCGTCCAGAAGGTC-1,1,31,29,11159,8902
TATGGCCCGGCCTCGC-1,1,30,30,10907,9046
GCTGGCATATTCACCT-1,1,31,31,11159,9191
GTCAGAATAGTCTATG-1,1,30,32,10908,9335
GGCGTCCTATCCGCTG-1,1,31,33,11159,9479
CGGAGTTTGAGAGACA-1,1,30,34,10908,9624
AGCACTTAAGGACGCC-1,1,31,35,11159,9768
TCCACAATGGTTTACG-1,1,30,36,10908,9912
CCAACGATGCACTGAT-1,1,31,37,11159,10057
ATTTACAGTTTACTGG-1,1,30,38,10908,10201
CCCTGAAATGAGTTGA-1,1,31,39,11159,10345
CAAACGGTCGCACTTT-1,1,30,40,10908,10490
TGATTCGTCTATCACT-1,1,31,41,11159,10634
TCAGGTTCTTTGAGAA-1,1,30,42,10908,10778
CACGCAGCGAGGCTTT-1,1,31,43,11159,10923
TTAAGCGCCTGACCCA-1,1,30,44,10908,11067
CTTACACGGTATTCCA-1,1,31,45,11160,11211
AAGGCTGTGCTCATCG-1,1,30,46,10908,11356
GACCAGAGCCCTGTAG-1,1,31,47,11160,11500
TCCCAGGCTTAGCTAA-1,1,30,48,10909,11645
ATTGAAGATCTTAGTG-1,1,31,49,11160,11789
AGTTCCTACAGAATTA-1,1,30,50,10909,11933
GGGCTGGTTAGTCGCG-1,1,31,51,11160,12077
GAAATGGCGGTGTTAG-1,1,30,52,10909,12222
TACGAACACGACTTCA-1,1,31,53,11160,12366
ACCACAAGTTTCTATC-1,1,30,54,10909,12511
ATATTTAACCCTCAAG-1,1,31,55,11160,12655
GATCATTCCAAACATT-1,1,30,56,10909,12799
TCCAGGCGAGTACGGT-1,1,31,57,11160,12943
GTTTGACCAAATCCTA-1,1,30,58,10909,13088
CACAGCACCCACGGCA-1,1,31,59,11160,13232
TGCAAGAATGACGTAA-1,1,30,60,10909,13377
GCGAAGCCATACCCGT-1,1,31,61,11160,13521
TCCTTTCTTACGCTTA-1,1,30,62,10909,13665
GCTGCTCTCCGGACAC-1,1,31,63,11161,13809
ACTGTCTTCTTTAGAA-1,1,30,64,10910,13954
TCAAACTTAGATTGTT-1,1,31,65,11161,14098
CTATGTCACTAGCCCA-1,1,30,66,10910,14243
TGCGCAAAGCATTTGG-1,1,31,67,11161,14387
TTAATGTAGACCAGGT-1,1,30,68,10910,14531
GGCGGTAGGATCATTG-1,1,31,69,11161,14675
GGCAATAGTCAATGAG-1,1,30,70,10910,14820
ACACGAGACTCCTTCT-1,1,31,71,11161,14964
GACACAAGGGAAGAAA-1,1,30,72,10910,15109
TCAGCAAATGCATCTC-1,1,31,73,11161,15253
GAGATCTGTCACTCCG-1,1,30,74,10910,15397
ATGCCGGTCTTGCATA-1,1,31,75,11161,15541
TTGGGCGGCGGTTGCC-1,1,30,76,10910,15686
TTGTTGTGTGTCAAGA-1,1,31,77,11161,15830
ACTGTACGATACACAT-1,1,30,78,10910,15975
TCCACTTTATCTAGGT-1,1,31,79,11162,16119
GGTCTGAGAATCTGGA-1,1,30,80,10910,16263
TAGAAAGGTGGCGCTA-1,1,31,81,11162,16407
TATGTCTCATTGTGCC-1,1,30,82,10911,16552
GGATTTCACTTCTATA-1,1,31,83,11162,16696
TGAGTGGTCCGTGACG-1,1,30,84,10911,16841
CGCTTTCTTGCATTCG-1,1,31,85,11162,16985
ACCCAACGCCCGTGGC-1,1,30,86,10911,17129
GAACGTCTCATGGTCG-1,1,31,87,11162,17273
AGGGTTCCCTTTGGTT-1,1,30,88,10911,17418
GTAGCTTCCTCTTGTT-1,1,31,89,11162,17562
GCATGAGGGACGCGGC-1,1,30,90,10911,17707
CTACCCTAAGGTCATA-1,1,31,91,11162,17851
TCACCGCTCGGCACTC-1,1,30,92,10911,17995
GGCTCGCGTTGAGGTA-1,1,31,93,11162,18139
CTAACGAAACTTGCTG-1,1,30,94,10911,18284
TTAAACTCGAATTCAT-1,1,31,95,11163,18428
TACTTTACTGAGCCGG-1,1,30,96,10911,18573
GCTTGGATCGATTAGG-1,1,31,97,11163,18717
CGGTTATCCAACAGTG-1,1,30,98,10912,18861
CAGACCTGTAAGTGTT-1,1,31,99,11163,19005
GACGGTCAATAGAAGC-1,1,30,100,10912,19150
CTGACTGCGCAGCTCG-1,1,31,101,11163,19294
CCATACCTTTACTTGT-1,1,30,102,10912,19439
GTAATAAAGGGCTCCC-1,1,31,103,11163,19583
GTGAACTCCCATTCGA-1,1,30,104,10912,19727
GTGGTTACTTCTTTCG-1,1,31,105,11163,19871
TCAGAACCTCCACAGG-1,1,30,106,10912,20016
TCCCACTCTCTTCCGG-1,1,31,107,11163,20160
ATCTTGACTTGTCCAA-1,1,30,108,10912,20305
TCGGGAACGTGCCTAG-1,1,31,109,11163,20449
GTTAGCCGTAAATCAA-1,1,30,110,10912,20593
ATTTACTAAGTCCATT-1,1,31,111,11164,20737
GGGTGCATATGAAAGC-1,1,30,112,10912,20882
TCCGAATGGTCCTGAG-1,1,31,113,11164,21026
TGATGGCTGTTTCTGA-1,1,30,114,10913,21171
AAATAAGGTAGTGCCC-1,1,31,115,11164,21315
CCACTATCCGGGTCAC-1,1,30,116,10913,21459
ACACCACATAATTAGC-1,1,31,117,11164,21604
CGCGGTAAGTCTAGCT-1,1,30,118,10913,21748
GCGGGCATTACGATGC-1,1,31,119,11164,21892
AGGATTGCTTACGACA-1,1,30,120,10913,22037
CTCGGGATAACACCTA-1,1,31,121,11164,22181
GTCGTCTGGTTGGCTA-1,1,30,122,10913,22325
GCAATTAGTCGCACCG-1,1,31,123,11164,22470
GTGACCTAAAGAATAA-1,1,30,124,10913,22614
CTGAGCGAGACTTATT-1,1,31,125,11164,22758
CAAGACTCAGAAGCGC-1,1,30,126,10913,22903
ACTTCGCTAGCGAGTG-1,1,31,127,11164,23047
CCATACTCGCCTCTCC-1,0,32,0,11408,4716
ACGATACCTATCCTGA-1,0,33,1,11659,4860
CTCACCAGTACAAGTG-1,0,32,2,11408,5005
CGAAGACGGTGAGTGC-1,0,33,3,11659,5149
AAATTAATAAGCGCGA-1,0,32,4,11408,5294
GGGCCCTTATCTATAC-1,1,33,5,11659,5438
CTGCCCACGAAGCGTT-1,0,32,6,11408,5582
GGACAAGTTGCAGTGA-1,1,33,7,11660,5726
GTCCGAGAGCAATCAT-1,1,32,8,11408,5871
ATGGCAGCCGAGAAAC-1,1,33,9,11660,6015
CCTCGGATGCTACCTG-1,1,32,10,11409,6160
ATACGGTGAAGATGCA-1,1,33,11,11660,6304
ACATCAGCTGGGACGC-1,1,32,12,11409,6448
GGTTGTGTAGCCTGGC-1,1,33,13,11660,6592
CCTGCGTTCTACGCTT-1,1,32,14,11409,6737
GAACGTTAGGAAGACG-1,1,33,15,11660,6881
CTGATAGTGTATCTCA-1,1,32,16,11409,7026
TTCTGCGAGCGCCCTT-1,1,33,17,11660,7170
CTTTGGCGCTTTATAC-1,1,32,18,11409,7314
TCCGAACTTGGCTTAC-1,1,33,19,11660,7458
TAGATTCCTGGTTATT-1,1,32,20,11409,7603
CCGACAAAGGGAGTGC-1,1,33,21,11660,7747
CCATGGCCCTTGTACC-1,1,32,22,11409,7892
GAAATATCACCATCAG-1,1,33,23,11660,8036
ACGAAATGGGCGGCAC-1,1,32,24,11409,8180
GTGAGCGTGCTGCACT-1,1,33,25,11661,8324
CCGCGGGTACGAAGAA-1,1,32,26,11410,8469
TCCCTGGCTCGCTGGA-1,1,33,27,11661,8613
CAGCTTAGTAGGTAGC-1,1,32,28,11410,8758
CACGAAAGTTAGTCCC-1,1,33,29,11661,8902
ACCTAATCGACTTCCT-1,1,32,30,11410,9046
AAGTAGTGACGCGAGG-1,1,33,31,11661,9190
TCCGATTACATTGCCG-1,1,32,32,11410,9335
CCTCCGACAATTCAAG-1,1,33,33,11661,9479
GTTCACAGGAGTCTAG-1,1,32,34,11410,9624
CGAAGTTGCTCTGTGT-1,1,33,35,11661,9768
GTCGGATATCTCAGAC-1,1,32,36,11410,9912
CGCTCTCCGTAGATTA-1,1,33,37,11661,10057
CAAGCAACGTCGGAGT-1,1,32,38,11410,10201
CCATTCCCTGCCCACA-1,1,33,39,11661,10345
CTTTGGCTTTAGTAAA-1,1,32,40,11410,10490
GGCTATTAAGTTGTAT-1,1,33,41,11662,10634
CCATTAGCGATAATCC-1,1,32,42,11410,10778
TGTTCTTCCATTGACT-1,1,33,43,11662,10923
AGATAACTTCAGGGCC-1,1,32,44,11411,11067
ATAGACGAAGAGAAAG-1,1,33,45,11662,11211
GGCGGAGTAATATTAG-1,1,32,46,11411,11356
TGACCCACGTTAGACA-1,1,33,47,11662,11500
TCACAGGTTATTGGGC-1,1,32,48,11411,11644
TCACGCATTGTAGATC-1,1,33,49,11662,11789
TTGAAGAATTCCCAGG-1,1,32,50,11411,11933
AAATGGTCAATGTGCC-1,1,33,51,11662,12077
TAGTGCCCTCCAGAGT-1,1,32,52,11411,12222
GGTATTGCCGAGTTTA-1,1,33,53,11662,12366
CGTATTAAGAGATCTA-1,1,32,54,11411,12510
ACTGTCCAGGATTATA-1,1,33,55,11662,12655
CGGGCAGCTAAACCGC-1,1,32,56,11411,12799
TTGCTGATCATGTTCG-1,1,33,57,11663,12943
TATGGGTACGTATCGT-1,1,32,58,11411,13088
CAGCTCACTGAGACAT-1,1,33,59,11663,13232
GGGACTGCATAGATAG-1,1,32,60,11412,13376
ACGCATTCGTGAGTAC-1,1,33,61,11663,13521
CTCTGGACGCCTGGTG-1,1,32,62,11412,13665
AGGGTTTAGTTCGGGA-1,1,33,63,11663,13809
GGGAGAACTCACAGTA-1,1,32,64,11412,13954
ATCAATCTGGGCTGCA-1,1,33,65,11663,14098
TCTTCGATACCAATAA-1,1,32,66,11412,14242
ACGTAGATTGCTGATG-1,1,33,67,11663,14387
TCTTGATGCGTAGCGA-1,1,32,68,11412,14531
GGGCTGCCTAGGGCGA-1,1,33,69,11663,14675
CTCTCACAATCGATGA-1,1,32,70,11412,14820
CCAAGCGTAACTCGTA-1,1,33,71,11663,14964
ACAACAGCATGAGCTA-1,1,32,72,11412,15108
GTCCCAACGTAAAGTA-1,1,33,73,11664,15253
TCGGAGTACATGAGTA-1,1,32,74,11412,15397
GGGAGTTAATGAGGCG-1,1,33,75,11664,15541
CCGGGCGGTCTCGTCA-1,1,32,76,11413,15686
CCGTAAGTTGGTCCCA-1,1,33,77,11664,15830
GGAGGGCTTGGTTGGC-1,1,32,78,11413,15974
TCGGACGCCCAGCCCA-1,1,33,79,11664,16119
TCTGTGCCATCATAGT-1,1,32,80,11413,16263
GTACTGGAGTTAGACC-1,1,33,81,11664,16407
GGAATGCGCTAGCGTG-1,1,32,82,11413,16552
GTGTGAATAACTTAGG-1,1,33,83,11664,16696
GGTCGGCCAGGAGCTT-1,1,32,84,11413,16840
TAGCCGGCGGTCAGCG-1,1,33,85,11664,16985
CGGGTGTACCCATTTA-1,1,32,86,11413,17129
AGTGATTCAAGCAGGA-1,1,33,87,11664,17273
GTTGGATTGAGAACAC-1,1,32,88,11413,17418
CACACGCGCTGTCTTA-1,1,33,89,11664,17562
TAGACGCCCGTACCGG-1,1,32,90,11413,17706
GGTTTCAATCGGTCAG-1,1,33,91,11665,17851
AATCTGCGTTGGGACG-1,1,32,92,11414,17995
TTACGGATGGTTCGAG-1,1,33,93,11665,18139
CGGCAGGGTCGGGTTG-1,1,32,94,11414,18284
GCTTTCAGAGGAGGTG-1,1,33,95,11665,18428
TCTTCCCATGGGCACA-1,1,32,96,11414,18572
TACCGCGGACTTGCAG-1,1,33,97,11665,18717
AGAATTATGGATTCGA-1,1,32,98,11414,18861
ATTGATGAGTCCTAAC-1,1,33,99,11665,19005
TAGGTCGCCGGAACTG-1,1,32,100,11414,19150
TAACCTACCGTCCGAG-1,1,33,101,11665,19294
CTTAGTAGGCCTACAG-1,1,32,102,11414,19438
CTAGATGTGAGTGTAA-1,1,33,103,11665,19583
ACTCCCGAATTCGTTT-1,1,32,104,11414,19727
GTTCATCGTTTGGCTG-1,1,33,105,11665,19871
ACTTTACCCTCATGAA-1,1,32,106,11414,20016
GCGAGAGTTGCGTCCA-1,1,33,107,11666,20160
GTTCGGGCGTACCATT-1,1,32,108,11414,20304
CGACTTTGTATAGCCT-1,1,33,109,11666,20449
GCCATCGATGCTGCAT-1,1,32,110,11415,20593
GCATTTCCAAGGCTCC-1,1,33,111,11666,20737
ATGTAAGGCTGCTCTT-1,1,32,112,11415,20882
ACGTTCGCAATCAATT-1,1,33,113,11666,21026
GTGACGAGGGTGACCC-1,1,32,114,11415,21170
ATTATAGCTACTTTAC-1,1,33,115,11666,21315
CGTGTGTTAAACCCTG-1,1,32,116,11415,21459
TTGGTATGGCTTGTGT-1,1,33,117,11666,21603
CATTCCCATTCCGTCG-1,1,32,118,11415,21748
TGCCGAAAGCGTATTC-1,1,33,119,11666,21892
CAACACATCTCCTGCC-1,1,32,120,11415,22036
CTGCCTCATATGCAAC-1,1,33,121,11666,22181
TCCCGCCTATGTGCGT-1,1,32,122,11415,22325
GGTTACCCGACACTTT-1,1,33,123,11667,22469
CCAGCGGGATCACCAG-1,1,32,124,11415,22614
ATGTTTCGGCCCGGAG-1,1,33,125,11667,22758
GCGTCTAACCTCCTAA-1,1,32,126,11416,22902
ATCAGGTAGCTGACAG-1,1,33,127,11667,23047
GGTATGAAAGAACTGA-1,0,34,0,11910,4716
GTGGCCTAATATCATT-1,0,35,1,12161,4860
CCTGTGAAACCGTAAC-1,0,34,2,11910,5005
GGCAGAGAGATCGGGA-1,0,35,3,12162,5149
TAGCGTCGAATATTGA-1,0,34,4,11910,5293
CGCCGACTATTCGCTA-1,1,35,5,12162,5438
TCTGGCGCAAGCCGGG-1,1,34,6,11911,5582
AGTGGTTGCGTATAGG-1,1,35,7,12162,5726
ATCGGTTACCTAGTAA-1,1,34,8,11911,5871
CCTGCCCGTTGTCTAG-1,1,35,9,12162,6015
GCACACGCCCATGGTC-1,1,34,10,11911,6159
AGTACGGCCCGTATCG-1,1,35,11,12162,6304
TATCTAGCCTAAAGGA-1,1,34,12,11911,6448
CACTCGGTTAGGAGGA-1,1,35,13,12162,6592
ATGTTCGTCGACCCAC-1,1,34,14,11911,6737
TTCCTCTGCCCGAATA-1,1,35,15,12162,6881
TTACTATCGGCTTCTC-1,1,34,16,11911,7025
GCCGCATTAGTCCGGC-1,1,35,17,12162,7170
TAAGGGCTGGGAGAGG-1,1,34,18,11911,7314
TAAGCAGGCGACACGC-1,1,35,19,12163,7458
AGCACTACCGGCCTGT-1,1,34,20,11911,7603
GAAAGCCCTTTGGACC-1,1,35,21,12163,7747
GACCGACTGAAGCGTC-1,1,34,22,11912,7891
CGGTGAAGACTAAAGT-1,1,35,23,12163,8036
CCCTGCGCTACGCATA-1,1,34,24,11912,8180
TACTGGACAGCTCGGC-1,1,35,25,12163,8324
TTAGTAGGGCGGCGGG-1,1,34,26,11912,8469
GAGGCTATCAAAGTCG-1,1,35,27,12163,8613
TTACCATTGATTACCC-1,1,34,28,11912,8757
ATACCACGGGCAACTT-1,1,35,29,12163,8902
TGTCCTAAGTCACCGC-1,1,34,30,11912,9046
AGGTAGGTACAAAGCT-1,1,35,31,12163,9190
GGCATACAGGTAGCGG-1,1,34,32,11912,9335
TGTAGTGATCTATAAT-1,1,35,33,12163,9479
TCCCGGGTGTGCTGCT-1,1,34,34,11912,9623
TACGATGTTGATCATC-1,1,35,35,12163,9768
CCTCTCTCCCATCTAG-1,1,34,36,11912,9912
GCAGGACTATAGAATA-1,1,35,37,12164,10056
CTAGTGAAGGACAGGA-1,1,34,38,11913,10201
TACGAGAACTTCACGT-1,1,35,39,12164,10345
CGTTGTTTCAATTCCC-1,1,34,40,11913,10489
GCAAATATTACGCTTT-1,1,35,41,12164,10634
CCAATAGTGCCGTCGA-1,1,34,42,11913,10778
ATTGCTGCTCCTCCAT-1,1,35,43,12164,10922
GAGATCTGCTTGGCAT-1,1,34,44,11913,11067
GCCGAAATTCCTACGT-1,1,35,45,12164,11211
GGCACTCCACTGGGCA-1,1,34,46,11913,11355
GGGTCACCGTGACGGT-1,1,35,47,12164,11500
CACTTAATCAGACGGA-1,1,34,48,11913,11644
CGTTTCGCTCATTACA-1,1,35,49,12164,11788
ATAAAGGCTCGGTCGT-1,1,34,50,11913,11933
CACTAAAGTTGCCTAT-1,1,35,51,12164,12077
GTGCTCAAGTACTGTC-1,1,34,52,11913,12221
CCATGCCTGTTTAGTA-1,1,35,53,12165,12366
TCTAGTTATCAGAAGA-1,1,34,54,11913,12510
TTGTAATCCGTACTCG-1,1,35,55,12165,12654
TCCCAGCTTTAGTCTG-1,1,34,56,11914,12799
CTACGCACGGAGTACC-1,1,35,57,12165,12943
AAATTAACGGGTAGCT-1,1,34,58,11914,13087
CGGCCACGCACAAAGT-1,1,35,59,12165,13232
GAAGCGTGAGGAATTT-1,1,34,60,11914,13376
ATATCTTAGGGCCTTC-1,1,35,61,12165,13520
ACGCGGGCCAAGGACA-1,1,34,62,11914,13665
GCGAGTTCTGCAAAGA-1,1,35,63,12165,13809
TATTCGTGCCAGAATA-1,1,34,64,11914,13953
AGGGCTGCAGTTACAG-1,1,35,65,12165,14098
CTAGCATAGTATAATG-1,1,34,66,11914,14242
TAGGTTCGAGTTCGTC-1,1,35,67,12165,14386
GAATTATAGTGAAAGG-1,1,34,68,11914,14531
CTATCGGGTCTCAACA-1,1,35,69,12166,14675
GCGCTAATTGAATAGA-1,1,34,70,11914,14819
ATGCGACAGTCCCATT-1,1,35,71,12166,14964
GGTAGTGCTCGCACCA-1,1,34,72,11915,15108
AAGCTCGTGCCAAGTC-1,1,35,73,12166,15252
TATTCAATTCTAATCC-1,1,34,74,11915,15397
TTCAAAGTCTCTAGCC-1,1,35,75,12166,15541
TTGAATATGGACTTTC-1,1,34,76,11915,15685
AAGAGCTCTTTATCGG-1,1,35,77,12166,15830
TTACTCCGGCCGGGAA-1,1,34,78,11915,15974
AAACGAGACGGTTGAT-1,1,35,79,12166,16118
GCTAAGTAGTTTCTCT-1,1,34,80,11915,16263
ATAACGCCGGAGGGTC-1,1,35,81,12166,16407
GGATCCGGAATATACT-1,1,34,82,11915,16551
TGAAAGGACCTGACTC-1,1,35,83,12166,16696
TCCGCGGCAGCATCTG-1,1,34,84,11915,16840
TGCATATGTCTGTCAC-1,1,35,85,12167,16984
TGTAGGAGAAATTTCC-1,1,34,86,11915,17129
AGTGAGACTTCCAGTA-1,1,35,87,12167,17273
CCCAAACATGCTGCTC-1,1,34,88,11916,17417
GCTTATGAAGCAGGAA-1,1,35,89,12167,17562
TTCTAACCGAAGCTTA-1,1,34,90,11916,17706
GGATGTCCTTACCGCA-1,1,35,91,12167,17850
AGGGTGCTCTCGAGGG-1,1,34,92,11916,17995
AACTCTCAATAGAGCG-1,1,35,93,12167,18139
TCTGAATTCCGTACAA-1,1,34,94,11916,18283
GCGTGGTACTGGGTTA-1,1,35,95,12167,18428
CGTCGGATAGTGTTGA-1,1,34,96,11916,18572
ATATGTCTCCCTAGCC-1,1,35,97,12167,18716
TCTTTAAGACTATGAA-1,1,34,98,11916,18861
TCATTTAAGTCTCCGA-1,1,35,99,12167,19005
GATATTGAGATTGGCG-1,1,34,100,11916,19149
TGACATCGAGCGGACC-1,1,35,101,12167,19294
GCGTAAATGGCCATAA-1,1,34,102,11916,19438
ATTGTACAACTCGGCT-1,1,35,103,12168,19582
TACGCTATAGAAACCT-1,1,34,104,11917,19727
CACCCAAATCTTATGT-1,1,35,105,12168,19871
AGATGATGGAGTCTGG-1,1,34,106,11917,20016
CCACGGTGCCCGGTAG-1,1,35,107,12168,20160
TCAAGAAATACTAGCT-1,1,34,108,11917,20304
AGGTATAATTGATAGT-1,1,35,109,12168,20448
CAAGGTCCTATAGGCT-1,1,34,110,11917,20593
CCGGCACGACCGTTTC-1,1,35,111,12168,20737
ACCTCCGTTATTCACC-1,1,34,112,11917,20882
GCAGCCTATATCACAT-1,1,35,113,12168,21026
GGTATAGTGACACATA-1,1,34,114,11917,21170
AAATTCCAGGTCCAAA-1,1,35,115,12168,21314
TCTTTAGCAGGCGAAC-1,1,34,116,11917,21459
TATTGACATTTCTGCC-1,1,35,117,12168,21603
TCTGATCGGGTGCTAG-1,1,34,118,11917,21748
GGCCCGGAGCATGTCT-1,1,35,119,12169,21892
GGGCGCAGCGTTACTC-1,1,34,120,11917,22036
TTGGCGATCCGAATAT-1,1,35,121,12169,22180
CCACGTAAATTAGACT-1,1,34,122,11918,22325
TCTGATTGGAAATGGA-1,1,35,123,12169,22469
ATGGCGGAATAGTCGC-1,1,34,124,11918,22614
ATCGCTTTACGTCTCA-1,1,35,125,12169,22758
TACGTGCAAGGTTCCT-1,1,34,126,11918,22902
CAGGACAGCTGCCCTT-1,1,35,127,12169,23046
CAAACCAGGTCTGCAT-1,0,36,0,12413,4716
ACAAGCTATATGGAAG-1,0,37,1,12664,4860
TCGCCCACTGCGAGAG-1,0,36,2,12413,5004
AGCCGCAAATTCAAAT-1,0,37,3,12664,5149
TTAACGTTAAAGCCTG-1,1,36,4,12413,5293
CAGCGCCAACACGATA-1,1,37,5,12664,5437
ATCCAATGGTACCGAA-1,1,36,6,12413,5582
GTGCTGCAGATAAGGA-1,1,37,7,12664,5726
GGCCTTTGCAACTGGC-1,1,36,8,12413,5870
GTCGTACCTACGATTG-1,1,37,9,12664,6015
TAGAAATTCACGTATA-1,1,36,10,12413,6159
AGAATAAATCTTCAGG-1,1,37,11,12664,6303
CATTGCGAAATGGGCG-1,1,36,12,12413,6448
GTCTACTCAATTACAA-1,1,37,13,12664,6592
TGTAATGACCACAATA-1,1,36,14,12413,6736
AAAGTCGACCCTCAGT-1,1,37,15,12665,6881
TACTCGGCACGCCGGG-1,1,36,16,12413,7025
AGGTGTATCGCCATGA-1,1,37,17,12665,7169
TGTGCTTTACGTAAGA-1,1,36,18,12414,7314
AAACCTCATGAAGTTG-1,1,37,19,12665,7458
TATAGGGTACTCATGA-1,1,36,20,12414,7602
CCAGCTGATGGTACTT-1,1,37,21,12665,7747
AATATTGGAGTATTGA-1,1,36,22,12414,7891
GGCCCTCACCCACTTA-1,1,37,23,12665,8035
AACCAAGACTTCTCTG-1,1,36,24,12414,8180
TCGTATTACCCATTGC-1,1,37,25,12665,8324
ATTCGACGCCGGGCCT-1,1,36,26,12414,8469
GGCGCAGGACATCTTC-1,1,37,27,12665,8613
GTACTCCCTTATCGCT-1,1,36,28,12414,8757
TGGTCTGTTGGGCGTA-1,1,37,29,12665,8901
AATAACAACGCTCGGC-1,1,36,30,12414,9046
CATACCCGTACCCAGT-1,1,37,31,12666,9190
ACAATCCATTTAAACC-1,1,36,32,12414,9335
GTTACAATTGGTGACG-1,1,37,33,12666,9479
TTGCCCTGATCACGGG-1,1,36,34,12415,9623
CTAACCGCGCGCCCGT-1,1,37,35,12666,9767
CTAAAGAATGCCTACT-1,1,36,36,12415,9912
ACCCATCTTGAGGGTA-1,1,37,37,12666,10056
GATCTTTGCAGGGTAT-1,1,36,38,12415,10201
GGGTACTTCATGAACT-1,1,37,39,12666,10345
GCCGCTTGTGAGAAAC-1,1,36,40,12415,10489
CCTGTAAGACATGATA-1,1,37,41,12666,10633
CGACAGTTCGCGTTAT-1,1,36,42,12415,10778
ACGATGCATATGTTAT-1,1,37,43,12666,10922
TGTTCCGCTTCCATGA-1,1,36,44,12415,11067
GGATGACGCGAGTTTA-1,1,37,45,12666,11211
GAAGTTTCCACTCAAT-1,1,36,46,12415,11355
GCGAGGCCCGAGCAGA-1,1,37,47,12667,11499
CATACTATGTAATTGT-1,1,36,48,12415,11644
CCAATGTCACAGCAAG-1,1,37,49,12667,11788
GTTGGATTTGCGTTGG-1,1,36,50,12416,11933
GGGAGGATGCCCGAAA-1,1,37,51,12667,12077
GATCGCGGGCTCTCCA-1,1,36,52,12416,12221
GTTCGCCATAAGTGCC-1,1,37,53,12667,12365
AGATTATAGGACGTTT-1,1,36,54,12416,12510
TCGAGACCAACACCGT-1,1,37,55,12667,12654
TATGGGACCGAGCAGG-1,1,36,56,12416,12799
GATGCGTCCTGCATTC-1,1,37,57,12667,12943
TATGGTCTGAGTAACA-1,1,36,58,12416,13087
GCATAGAGCACTCAGG-1,1,37,59,12667,13231
CTTCATTGTCAGTGGA-1,1,36,60,12416,13376
GCAGATTAGGGATATC-1,1,37,61,12667,13520
CCTGTCGCCCGTAAAT-1,1,36,62,12416,13665
CAATTTCGTATAAGGG-1,1,37,63,12667,13809
GTACACTTACCTGAAG-1,1,36,64,12416,13953
CCAGCCTGGACCAATA-1,1,37,65,12668,14097
ATGGAGCAGGCCGTGA-1,1,36,66,12417,14242
GTCATTAGAGCGAACG-1,1,37,67,12668,14386
AAGACTGCAAGCTACT-1,1,36,68,12417,14531
CTAGTCACGTCTTAAG-1,1,37,69,12668,14675
ACTCTTGTATAGTAAC-1,1,36,70,12417,14819
ATTAGGCGATGCTTTC-1,1,37,71,12668,14963
TTCGGGACTAATCGCG-1,1,36,72,12417,15108
TGGACTGTTCGCTCAA-1,1,37,73,12668,15252
AACGTGCGAAAGTCTC-1,1,36,74,12417,15397
CCACCCAAGGAAAGTG-1,1,37,75,12668,15541
CCGCACAAAGACCAAC-1,1,36,76,12417,15685
GCGATTGTTAACGTTA-1,1,37,77,12668,15829
ACTCGTCAGTAATCCC-1,1,36,78,12417,15974
GGTGATAAGGAGCAGT-1,1,37,79,12668,16118
AAGAGGCATGGATCGC-1,1,36,80,12417,16263
CACGTTCGTGCTCTAG-1,1,37,81,12669,16407
CTATTTGGTTACGGAT-1,1,36,82,12417,16551
GTACAGAGGCAAGGGT-1,1,37,83,12669,16695
GGGCCGGCCGAAGTAC-1,1,36,84,12418,16840
CCTGAACGATATATTC-1,1,37,85,12669,16984
CCGGGCTGCTCCATAC-1,1,36,86,12418,17129
TACTTGTTAGTAGTCC-1,1,37,87,12669,17273
CCTAGGCGTAGCGATC-1,1,36,88,12418,17417
CTGGCGCACAGGTCTG-1,1,37,89,12669,17561
ACTTATACTTACCCGG-1,1,36,90,12418,17706
GAAGTCTCCCTAGCGA-1,1,37,91,12669,17850
ACCGATGGTAGCATCG-1,1,36,92,12418,17995
CGAGTTTATCGGACTG-1,1,37,93,12669,18139
CATAACGGACAGTCGT-1,1,36,94,12418,18283
TGACGATGCACTAGAA-1,1,37,95,12669,18428
TAGGGAGCTTGGGATG-1,1,36,96,12418,18572
AGGGTCGATGCGAACT-1,1,37,97,12670,18716
TATATCCCTGGGAGGA-1,1,36,98,12418,18861
CATCTTACACCACCTC-1,1,37,99,12670,19005
GTGCGACAGGGAGTGT-1,1,36,100,12419,19149
CCGATCTCAACCTTAT-1,1,37,101,12670,19294
ACGATCATCTTGTAAA-1,1,36,102,12419,19438
GAAAGAACAGCGTTAT-1,1,37,103,12670,19582
CTAGGTCTGAAGGAAT-1,1,36,104,12419,19727
ATATCAACCTACAGAG-1,1,37,105,12670,19871
AAATAGCTTAGACTTT-1,1,36,106,12419,20015
GCGACATGTAAACATC-1,1,37,107,12670,20160
ATAAGTAGGGCGACTC-1,1,36,108,12419,20304
GCGAGCGCATGCTCCC-1,1,37,109,12670,20448
AGGGACCGGCTGCGTT-1,1,36,110,12419,20593
CCTATGAAGTGGTGCC-1,1,37,111,12670,20737
GCTTACGTAGTTAGTA-1,1,36,112,12419,20881
CATACTTAGGCAATAC-1,1,37,113,12670,21026
CCTGTCCCTCACGTTA-1,1,36,114,12419,21170
CAATGTGCCAACCCTT-1,1,37,115,12671,21314
GTTAAGTTAGAGTGGG-1,1,36,116,12420,21459
CTGGGATACGCTACCC-1,1,37,117,12671,21603
AACCTGTCACGGAATT-1,1,36,118,12420,21747
ACTGCGGACACACCGT-1,1,37,119,12671,21892
CCGTGAGGCATTCATG-1,1,36,120,12420,22036
GCCCAGATGCTGGAGA-1,1,37,121,12671,22180
TCTGGCCGTTCAAGTT-1,1,36,122,12420,22325
ATACGAAGGCTTTCCA-1,1,37,123,12671,22469
GATCCGAATATAAGTG-1,1,36,124,12420,22613
GTGGAGCATGTCGGCC-1,1,37,125,12671,22758
ACTCTTCAGCTCCCGC-1,1,36,126,12420,22902
CCCGATAGCCTCGCCT-1,1,37,127,12671,23046
ACAGGTGTGTTGTTGC-1,0,38,0,12915,4716
TGAACTGCTATGACTT-1,0,39,1,13166,4860
TGACATATATGACGAT-1,0,38,2,12915,5004
AAGTCTTCTGTGGCCT-1,0,39,3,13166,5148
ACCAGACCATAACAAC-1,0,38,4,12915,5293
TGAGACGTACCTCTCA-1,1,39,5,13166,5437
GACCGTTACATGCGAC-1,1,38,6,12915,5582
GGTTCGGATTATACTA-1,1,39,7,13166,5726
CCTCCTGAGCCCACAT-1,1,38,8,12915,5870
CCGCGATTTGGTAGGT-1,1,39,9,13166,6014
AATCTCTACTGTGGTT-1,1,38,10,12915,6159
ACTTTGACTGCATCCT-1,1,39,11,13167,6303
CCCTGACTAACAAATT-1,1,38,12,12916,6448
ACGCTGTGAGGCGTAG-1,1,39,13,13167,6592
GCATACGAGGTCTTTA-1,1,38,14,12916,6736
TCGGGATTCAAACATA-1,1,39,15,13167,6881
GGGCCCTACGAAAGGG-1,1,38,16,12916,7025
CGCCAAGAAGCCGAGT-1,1,39,17,13167,7169
GGTACATCTGGGACGA-1,1,38,18,12916,7314
GGATGCTGGCGTTCCT-1,1,39,19,13167,7458
CCGATTCGAGGGACCC-1,1,38,20,12916,7602
CCACTGGTGGCTGGTT-1,1,39,21,13167,7747
GACAGGCACACACTAT-1,1,38,22,12916,7891
TCAACGCGACCGGCAG-1,1,39,23,13167,8035
CTACGACTAGCTATAA-1,1,38,24,12916,8180
CGGTTGACCTGGCATA-1,1,39,25,13167,8324
ATCCTGAATCGCTGCG-1,1,38,26,12916,8468
GTTTCATATCGTCGCT-1,1,39,27,13168,8613
ATAAATATTAGCAGCT-1,1,38,28,12917,8757
AAGAGGATGTACGCGA-1,1,39,29,13168,8901
TCCTGCGTTGATACTC-1,1,38,30,12917,9046
CGTGCATTGTCGACGC-1,1,39,31,13168,9190
CCGGGTTCGAGGTTAC-1,1,38,32,12917,9334
CCCAATTTCACAACTT-1,1,39,33,13168,9479
TGATTTATTAGCTGTG-1,1,38,34,12917,9623
TGGAAGAAGGGAACGT-1,1,39,35,13168,9767
GACGCTTGCTTCTAAA-1,1,38,36,12917,9912
GGGAACGGGAGGTTAG-1,1,39,37,13168,10056
GCGGCTCTGACGTACC-1,1,38,38,12917,10200
ACGTTAGATTTGCCCG-1,1,39,39,13168,10345
GAGAGGGCGCGAGGTT-1,1,38,40,12917,10489
GCGTCTCTGCATTGGG-1,1,39,41,13168,10633
GCAGCACACAGCCCAG-1,1,38,42,12917,10778
CAGGCCGTTTGGGTGT-1,1,39,43,13169,10922
AACTCAAGTTAATTGC-1,1,38,44,12917,11066
CTTCGTAGATAGGTGA-1,1,39,45,13169,11211
TGCAGAGTACCGAGCA-1,1,38,46,12918,11355
GAAGTGATTTATCGTG-1,1,39,47,13169,11499
CGCTACGGGACATTTA-1,1,38,48,12918,11644
CCACACTGAGATATTA-1,1,39,49,13169,11788
CGATCCGACCCAGTGC-1,1,38,50,12918,11932
CTGTACTTCTTAGCAT-1,1,39,51,13169,12077
ACTTATTAGGATCGGT-1,1,38,52,12918,12221
TAGTCCGCAGAGAATG-1,1,39,53,13169,12365
TTCACGAAAGGATCAC-1,1,38,54,12918,12510
TACATTTCTAACGTGC-1,1,39,55,13169,12654
ACCATATCCGCAATAA-1,1,38,56,12918,12798
CACTCAAGAGCTATGG-1,1,39,57,13169,12943
TGTACGAACAAATCCG-1,1,38,58,12918,13087
ATCATCCAATATTTGT-1,1,39,59,13170,13231
CGCTATTCTTAGGCTC-1,1,38,60,12918,13376
TGGCAGCAGTAATAGT-1,1,39,61,13170,13520
TCACGTGCCCGATTCA-1,1,38,62,12919,13664
CATACGGCGTCTGGGC-1,1,39,63,13170,13809
CACATGATTCAGCAAC-1,1,38,64,12919,13953
GCTAGTAGAGCTTGTA-1,1,39,65,13170,14097
TGCTGTTGAAGAACTC-1,1,38,66,12919,14242
CGGAGCATGGCGATCC-1,1,39,67,13170,14386
TAGCGTTGGGTCTTAC-1,1,38,68,12919,14530
GTAGCGGCTATACACT-1,1,39,69,13170,14675
TAACATACAATGTGGG-1,1,38,70,12919,14819
TCTTCGAATAGACGTT-1,1,39,71,13170,14963
GATCGTGACTGATATC-1,1,38,72,12919,15108
GATCCGGGAATTAACA-1,1,39,73,13170,15252
TTATATACGCTGTCAC-1,1,38,74,12919,15396
GTCGCGTAACCCGTTG-1,1,39,75,13170,15541
AGCTCTAGACGTTCCA-1,1,38,76,12919,15685
GTCAAGCGGACTCGGG-1,1,39,77,13171,15829
CGAGGGACTGCGGTCG-1,1,38,78,12920,15974
AATCGCCTCAGCGCCA-1,1,39,79,13171,16118
CTTGTTGCTGAGTCAA-1,1,38,80,12920,16262
GATATGAGACACTAAC-1,1,39,81,13171,16407
TTATGATCTTAACGAA-1,1,38,82,12920,16551
CGCCGCCCATGCCTGT-1,1,39,83,13171,16695
CTGGGATAAATAATGG-1,1,38,84,12920,16840
GTGCCCGTTCGGATTC-1,1,39,85,13171,16984
TTCAATACTCTGAATC-1,1,38,86,12920,17128
CGCACATGTCCACTAC-1,1,39,87,13171,17273
AGAAGAGCGCCGTTCC-1,1,38,88,12920,17417
GATAACTCGCACTGTG-1,1,39,89,13171,17561
AGTCGACGGTCTCAAG-1,1,38,90,12920,17706
GTGACCGCACACTACG-1,1,39,91,13171,17850
GTATGTGGGTCTAGTT-1,1,38,92,12920,17994
CTTGAGTTAGGGTAAT-1,1,39,93,13172,18139
TTAGCTGATTTGCCGT-1,1,38,94,12920,18283
GCTGTTGCTACCGAAC-1,1,39,95,13172,18427
TATTACCATCCTGCTT-1,1,38,96,12921,18572
TTGAATTCACGTGAGG-1,1,39,97,13172,18716
CCATCTCACCAGTGAA-1,1,38,98,12921,18860
CGCACGTGCGCTATCA-1,1,39,99,13172,19005
ACCCGGATGACGCATC-1,1,38,100,12921,19149
CGCTAGAGACCGCTGC-1,1,39,101,13172,19293
ATAGTTCCACCCACTC-1,1,38,102,12921,19438
GCAGACCCAGCACGTA-1,1,39,103,13172,19582
TAGACTACCTAGCGTT-1,1,38,104,12921,19726
GGTTCTACTCGTCTGA-1,1,39,105,13172,19871
GACTCACCCACGTGAG-1,1,38,106,12921,20015
AGCTCTTCGTAACCTT-1,1,39,107,13172,20159
ACTATCCAGGGCATGG-1,1,38,108,12921,20304
AAGGATCGATCGCTTG-1,1,39,109,13173,20448
ATATCGGTAGGGAGAT-1,1,38,110,12921,20592
TTCCAGACGAGATTTA-1,1,39,111,13173,20737
GACCGACGTGAAAGCA-1,1,38,112,12922,20881
CCTGGAAACGTTCTGC-1,1,39,113,13173,21025
CCGGTAATGGCTAGTC-1,1,38,114,12922,21170
GCCGTGGAAGAAATGT-1,1,39,115,13173,21314
GTCTTGAGGAGCAGTG-1,1,38,116,12922,21458
TCCCAAAGCCCTAAAT-1,1,39,117,13173,21603
TTGAGCGCCACGTGAT-1,1,38,118,12922,21747
TTGAGTCCCGCTGCTG-1,1,39,119,13173,21891
ATGGAACCTTTGCACA-1,1,38,120,12922,22036
GCTAGCACCTGGGCCA-1,1,39,121,13173,22180
CGCCGTCTACCCATCG-1,1,38,122,12922,22324
GATAGGTGTCCCGGGC-1,1,39,123,13173,22469
AGGTATGCGGACATTA-1,1,38,124,12922,22613
TTGGTTCGCTCAAAGG-1,1,39,125,13173,22757
TCTGGAGCGTAAGAGT-1,1,38,126,12922,22902
TGCCTAAATTTAATAG-1,1,39,127,13174,23046
TAATTTCCGTCCAGTA-1,0,40,0,13417,4715
TCCTTCAATCCCTACG-1,0,41,1,13668,4860
TACCTATCCCTAGAGG-1,0,40,2,13417,5004
GCATGGGTACTGACGC-1,1,41,3,13668,5148
GTCGGGAACATGGTAG-1,1,40,4,13417,5293
GCAAATGAGGACACTT-1,1,41,5,13669,5437
GAATGGGCTTATCGAC-1,1,40,6,13417,5581
TGGTCGTGCAAGGCAA-1,1,41,7,13669,5726
CACCACGCCACACAGA-1,1,40,8,13418,5870
GAACCTCGACCTACAC-1,1,41,9,13669,6014
CAATACGCTCTGAGGC-1,1,40,10,13418,6159
TGGTAAGCAGGATTGA-1,1,41,11,13669,6303
AGTGGCTCCGTCGGCC-1,1,40,12,13418,6447
GATCGGATAGAACCAT-1,1,41,13,13669,6592
GCTACAGTACGGACCG-1,1,40,14,13418,6736
TCTATTACTAGAGGAT-1,1,41,15,13669,6880
TTCAGGCGTCAAAGCC-1,1,40,16,13418,7025
AGACCGGGAAACCCTG-1,1,41,17,13669,7169
AGAGATCTCTAAAGCG-1,1,40,18,13418,7313
CCCTGCCCAATCCGCT-1,1,41,19,13669,7458
GTGGCGGTCCCAGCGT-1,1,40,20,13418,7602
GCATTGTAATTCATAT-1,1,41,21,13670,7746
CCGTTCCGAATCTCGG-1,1,40,22,13418,7891
AGCTTGATCTTAACTT-1,1,41,23,13670,8035
CCTGTACTCACGCCCA-1,1,40,24,13419,8179
AAGTGACGACCGAATT-1,1,41,25,13670,8324
CTCACTTGGCTGGTAA-1,1,40,26,13419,8468
CGCCTGGCCTACGTAA-1,1,41,27,13670,8612
CCCGTAAGTCTAGGCC-1,1,40,28,13419,8757
TTGGACATGTGGCTTA-1,1,41,29,13670,8901
ATTACGCGCTGGCAGG-1,1,40,30,13419,9045
ACGCGCTACACAGGGT-1,1,41,31,13670,9190
TACGTTTACCGGCAAT-1,1,40,32,13419,9334
CGAAACGCAATTCATG-1,1,41,33,13670,9478
TAGTCTAACAACGAGA-1,1,40,34,13419,9623
TTGCATGCTGATCACG-1,1,41,35,13670,9767
TCTGGGTAGCGCTCAT-1,1,40,36,13419,9911
ACATCGGTCAGCCGCG-1,1,41,37,13670,10056
AGATACCGGTGTTCAC-1,1,40,38,13419,10200
GATTACTGAATTTGGG-1,1,41,39,13671,10344
TCCAACTTTAAATTCT-1,1,40,40,13420,10489
TCCTAGCAAAGAAGCT-1,1,41,41,13671,10633
GTCTATCTGAGTTTCT-1,1,40,42,13420,10777
GATGTTCAATCCACGA-1,1,41,43,13671,10922
AGTTAAACACTTGCGA-1,1,40,44,13420,11066
AGCTCTTTACTCAGTT-1,1,41,45,13671,11210
ATCCAGGATTCGTGAA-1,1,40,46,13420,11355
AGTCAACACCACCATC-1,1,41,47,13671,11499
CGATACCTCGCGGACA-1,1,40,48,13420,11643
TACAACGCACAACTCA-1,1,41,49,13671,11788
AATTAAAGGTCGGCGT-1,1,40,50,13420,11932
TACGCAGTTCTTTCCT-1,1,41,51,13671,12076
GACCGTGCTGACGGTG-1,1,40,52,13420,12221
GGCAAATTACTTTACT-1,1,41,53,13671,12365
GGTACAAACATGCTAT-1,1,40,54,13420,12509
CGGGCCTTCTTTGTAA-1,1,41,55,13672,12654
CGTGAAGTTAATTCAC-1,1,40,56,13420,12798
ATAGTGAAGCGTTCTC-1,1,41,57,13672,12942
TACGCCATATTCTAAT-1,1,40,58,13421,13087
GCCGGGTTAGGGTCGC-1,1,41,59,13672,13231
TACATAGGCATACACC-1,1,40,60,13421,13375
GCCGATTGGCCAAGCT-1,1,41,61,13672,13520
CTGCCATGCATCACAT-1,1,40,62,13421,13664
TTATGAATGAAAGGGA-1,1,41,63,13672,13808
GCTGAGGCGTGAGTAT-1,1,40,64,13421,13953
GCGCCGTTCCACGATA-1,1,41,65,13672,14097
CGCATGGTGCGATGCT-1,1,40,66,13421,14241
AGGTTTCACACACCTT-1,1,41,67,13672,14386
CAAGGATCGCATGTTC-1,1,40,68,13421,14530
ACGTTAATGTCGAAGA-1,1,41,69,13672,14674
TCCAGAGCACCGGTTC-1,1,40,70,13421,14819
GATTCGACGGTTCACG-1,1,41,71,13673,14963
GTTTCTGCAGTCTCCC-1,1,40,72,13421,15107
GCTGCACGGTTTCTTA-1,1,41,73,13673,15252
CGTGCAGACTGGGACA-1,1,40,74,13422,15396
GTGTTACTATGCGTCC-1,1,41,75,13673,15540
TCCTCGGGCTGGGCTT-1,1,40,76,13422,15685
GTGAGGACACTTAAGG-1,1,41,77,13673,15829
ATACGCCGGCGAAACC-1,1,40,78,13422,15973
TCTGCCAGAAACTGCA-1,1,41,79,13673,16118
TTCTGCGGGTTAGCGG-1,1,40,80,13422,16262
CTCGGTACCACTGCTC-1,1,41,81,13673,16406
GTAAGTAACAGTCTGG-1,1,40,82,13422,16551
GTGCGTGTATATGAGC-1,1,41,83,13673,16695
ATTTGTCTTGGGAGCT-1,1,40,84,13422,16840
CCTCGGACCGGGATAG-1,1,41,85,13673,16984
TAGGTGCTCGCCTAGC-1,1,40,86,13422,17128
CTTTAGGAACACTGTT-1,1,41,87,13673,17272
TCGGGCCGTCGTGGTA-1,1,40,88,13422,17417
AGTGCTTGCACGAATA-1,1,41,89,13674,17561
TGCAGTTTCCTCCCAT-1,1,40,90,13423,17706
TGAGAGATTTACCACG-1,1,41,91,13674,17850
GAAACAGATGACCACC-1,1,40,92,13423,17994
AGCAACATATCTTATT-1,1,41,93,13674,18138
CAAGTGTGGTTGCAAA-1,1,40,94,13423,18283
GCCTCATCTGGAAATA-1,1,41,95,13674,18427
AACCCTACTGTCAATA-1,1,40,96,13423,18572
ACGTATTACTCCGATC-1,1,41,97,13674,18716
TCTGGGAACCTTTGAA-1,1,40,98,13423,18860
GCTCGCTCATGTCCAA-1,1,41,99,13674,19004
GCGCAAGAGCGCGCTG-1,1,40,100,13423,19149
TTGACGCTCCATGAGC-1,1,41,101,13674,19293
TATAGATGGTCGCAGT-1,1,40,102,13423,19438
TTACATGCCACAACTA-1,1,41,103,13674,19582
ACATGGCGCCAAAGTA-1,1,40,104,13423,19726
TATGGTTAGTGGGAGA-1,1,41,105,13675,19870
CATGACTTCGCTGAAT-1,1,40,106,13423,20015
ACCACCAATGTAACAA-1,1,41,107,13675,20159
TCTTAGAGCTCCAATT-1,1,40,108,13424,20304
CCACGAATTTAACCTC-1,1,41,109,13675,20448
TTCTTGCTAGCATCTC-1,1,40,110,13424,20592
ACACCTTACTACTTGC-1,1,41,111,13675,20736
AGTCGGTTGCGTGAGA-1,1,40,112,13424,20881
ACCTACAGTATGTGGT-1,1,41,113,13675,21025
GAGGATAAACAGTGCT-1,1,40,114,13424,21170
TTCCGGTATCTGTGTC-1,1,41,115,13675,21314
GGAGGCCGAAGTCGTC-1,1,40,116,13424,21458
TTCGCTAGGAAGTTGT-1,1,41,117,13675,21602
TAAAGACAACCCTTTA-1,1,40,118,13424,21747
GTTGCGCTAACATTAC-1,1,41,119,13675,21891
GCTGAACTCTCCAGGG-1,1,40,120,13424,22036
AGCCCTGTCGCACCGT-1,1,41,121,13676,22180
AGCGCTAGAGCGATGT-1,1,40,122,13424,22324
TGCGCCGTTAATAACG-1,1,41,123,13676,22468
TGACAACGCATGTCGC-1,1,40,124,13425,22613
CGTCTTGAGTGTGACG-1,1,41,125,13676,22757
GATAGGATTAATTACA-1,1,40,126,13425,22902
GATACCGTGTCGGAGT-1,1,41,127,13676,23046
TGTGTCGAAGTCGAGG-1,0,42,0,13919,4715
GGATCAGAGCCATCAG-1,0,43,1,14171,4859
GTCCCAATCATCCCGC-1,1,42,2,13920,5004
TGCCACACTAGAGGAA-1,0,43,3,14171,5148
TGAATTTCACTTGCCT-1,1,42,4,13920,5293
CTCAGATTGTGATAAG-1,1,43,5,14171,5437
CGGACGTTACTTGAAG-1,1,42,6,13920,5581
CCGCCTTGCGATGTCG-1,1,43,7,14171,5725
CCAGTCAAATCTCTTA-1,1,42,8,13920,5870
AAACAGCTTTCAGAAG-1,1,43,9,14171,6014
TAGCTGATGTGAAGCG-1,1,42,10,13920,6159
CTTATGCGCTCAGGGC-1,1,43,11,14171,6303
TGGCTCTTGTCGCGTA-1,1,42,12,13920,6447
TTGTGAGGCATGACGC-1,1,43,13,14171,6591
CATAAGCTCTCCGTCT-1,1,42,14,13920,6736
CCTTCTCAGCGTTCCT-1,1,43,15,14171,6880
TGCAGCTACGTACTTC-1,1,42,16,13920,7025
CTCTACACTGGCGATT-1,1,43,17,14172,7169
TGCAGATCGTCCTAGG-1,1,42,18,13920,7313
TGCCAAAGTCAGACTT-1,1,43,19,14172,7457
ACAATAGTCGTACGTT-1,1,42,20,13921,7602
CATGCCAACTCGCAAA-1,1,43,21,14172,7746
TGCAGAACTATATCGT-1,1,42,22,13921,7891
TCGTGTCACGCTGACA-1,1,43,23,14172,8035
TGATCAGGGAACTGCT-1,1,42,24,13921,8179
CTTGCAACCGCCTCCT-1,1,43,25,14172,8323
AGCCCATACATGTAAG-1,1,42,26,13921,8468
ATCCAATGGAGGGTCC-1,1,43,27,14172,8612
AAACCGGGTAGGTACC-1,1,42,28,13921,8757
GCAACCACGGCCGCGT-1,1,43,29,14172,8901
CGCTTATTCCCGGTCG-1,1,42,30,13921,9045
TTACTCTGGTACGTAC-1,1,43,31,14172,9189
GTGGTTTCCGCCTTTC-1,1,42,32,13921,9334
ATAGGCGGCTATAGAA-1,1,43,33,14173,9478
GTGCCATCACACGGTG-1,1,42,34,13921,9623
CCCAACATACGTCGCG-1,1,43,35,14173,9767
CGGTGCAGATAGAACG-1,1,42,36,13922,9911
GGGCGGGTTCCCTACG-1,1,43,37,14173,10055
TGAGCCATACAGTCTC-1,1,42,38,13922,10200
CTCCGCCCACATGAGG-1,1,43,39,14173,10344
GTTGAACCGGTTCCAT-1,1,42,40,13922,10489
TTGACTACCATATGGT-1,1,43,41,14173,10633
ACCATCGTATATGGTA-1,1,42,42,13922,10777
TGCGTAAGAACCTGAT-1,1,43,43,14173,10921
AGAAGGTTGCCGAATT-1,1,42,44,13922,11066
AGGACGACCCATTAGA-1,1,43,45,14173,11210
GGTGCTGGTACACATT-1,1,42,46,13922,11355
GCGCTATGCCGAGGCA-1,1,43,47,14173,11499
ACCCGGTTACACTTCC-1,1,42,48,13922,11643
TAACTCATCCGCGCGG-1,1,43,49,14173,11787
CACAATGAGCTGCTAT-1,1,42,50,13922,11932
GTTACTTTGGGCCTAG-1,1,43,51,14174,12076
GGGCCCGTCTTAAACA-1,1,42,52,13923,12221
GAAATTGTCTCTATAA-1,1,43,53,14174,12365
GGCGCATGAATTGATG-1,1,42,54,13923,12509
CATATAGGTACAGTCA-1,1,43,55,14174,12653
TCAACGAGGAGACAAA-1,1,42,56,13923,12798
TTGCACAATTCAGAAA-1,1,43,57,14174,12942
CATCGGACGGGTTAAT-1,1,42,58,13923,13087
ATTAAACATGCGGACC-1,1,43,59,14174,13231
TATCTACCACAGCGGG-1,1,42,60,13923,13375
CGAGACCCTAGAGTGT-1,1,43,61,14174,13519
ACATCGATCGTTTACC-1,1,42,62,13923,13664
ATCGACCCAATACAGA-1,1,43,63,14174,13808
GAATCTGAACATTCTC-1,1,42,64,13923,13953
AGTTCCTATTTATGTT-1,1,43,65,14174,14097
CAGTCTGTATACTGGG-1,1,42,66,13923,14241
GGAGACGACACCTTTG-1,1,43,67,14175,14386
CCTAAATTAACGGTTC-1,1,42,68,13923,14530
GCTACGACTTATTGGG-1,1,43,69,14175,14674
CTGTGCAGGGTAGGTC-1,1,42,70,13924,14819
ACGCCGCTAGACGACC-1,1,43,71,14175,14963
ACTTGACTCCCTCTTT-1,1,42,72,13924,15107
CGCCTCCCTCCTCTAT-1,1,43,73,14175,15252
CTAGATTTACGACGGC-1,1,42,74,13924,15396
GATGCTGTATTTCATC-1,1,43,75,14175,15540
TGCGTTTGTTGACACT-1,1,42,76,13924,15685
CGTGCCCTCCCGAAGA-1,1,43,77,14175,15829
ACTCTCTGACTTAGGT-1,1,42,78,13924,15973
CTGGGTAGGCAGTTAA-1,1,43,79,14175,16118
GTTTGGCCCAAGTTAT-1,1,42,80,13924,16262
GAATGTGGTCCGGATT-1,1,43,81,14175,16406
CCCAGTTAAGGCGCCG-1,1,42,82,13924,16551
CGGTACTAGAATCAAA-1,1,43,83,14176,16695
GCTTAATGTAACTAAC-1,1,42,84,13924,16839
AGGACAGTCGAATCCC-1,1,43,85,14176,16984
GACAGCCAGACCTGAC-1,1,42,86,13925,17128
GGCGAAATCTAACTTG-1,1,43,87,14176,17272
CTGGTAACACATAGAA-1,1,42,88,13925,17417
TAGCCATTTCAAAGTC-1,1,43,89,14176,17561
GGGATTTACCGCACCT-1,1,42,90,13925,17705
ATGCCATTTGCGACCA-1,1,43,91,14176,17850
GAATAGACGCGACCCA-1,1,42,92,13925,17994
TGTATGGCGCAGACAG-1,1,43,93,14176,18138
GGATGAAGATCGCTGA-1,1,42,94,13925,18283
CGACAATTTGATCTAA-1,1,43,95,14176,18427
AAAGTTGACTCCCGTA-1,1,42,96,13925,18571
CGCGGCTCAACTTGAA-1,1,43,97,14176,18716
CACGCGGAACTGTTGC-1,1,42,98,13925,18860
TCTTAGAGTGAACTCT-1,1,43,99,14176,19004
AGTCCATTGGCTGATG-1,1,42,100,13925,19149
TTAAGATAGGATTGAC-1,1,43,101,14177,19293
ACATCCTGGTAACTGT-1,1,42,102,13926,19437
CACCTTGGCGCCTTTG-1,1,43,103,14177,19582
GCTAGACCGTCTACTG-1,1,42,104,13926,19726
CGGCCCAGGTATATCC-1,1,43,105,14177,19870
GTCCATTACTGCTACG-1,1,42,106,13926,20015
GGGTTTAGGATAGGAT-1,1,43,107,14177,20159
TAATTAGGACATCCGT-1,1,42,108,13926,20303
GCTCCCAGTCGGTCCA-1,1,43,109,14177,20448
ATTCGTGCTATCTCTT-1,1,42,110,13926,20592
GTTAACTATGTTGTCA-1,1,43,111,14177,20736
GCTCCGCTCGCTTCAG-1,1,42,112,13926,20881
GCAACGGCTAGTTATG-1,1,43,113,14177,21025
AATCGCGCAGAGGACT-1,1,42,114,13926,21169
AGGTTACACCATGCCG-1,1,43,115,14177,21314
CGAGATTTCGCTCGGG-1,1,42,116,13926,21458
CGATAATACTCAGGTT-1,1,43,117,14178,21602
AAGGCAGGCTGTCTCC-1,1,42,118,13926,21747
GTAAGTCCACACTCTA-1,1,43,119,14178,21891
ATGAGGGCAGCGGCTA-1,1,42,120,13927,22035
GCCGCACTCCGTTTCA-1,1,43,121,14178,22180
GAGCACGGCGCCTCTT-1,1,42,122,13927,22324
ACAATTTGGCCATATT-1,1,43,123,14178,22468
CTGGTTCGCGAGCTAC-1,1,42,124,13927,22613
GACGGTCCTAGGGTGT-1,1,43,125,14178,22757
ACTCGCGATCTGACGC-1,1,42,126,13927,22901
GTGTACGAACCGTTCC-1,1,43,127,14178,23046
CTTTGACGTCGCTTCT-1,0,44,0,14422,4715
CGTTATCATACTTCCA-1,0,45,1,14673,4859
GCTATGCCAGCTTATG-1,0,44,2,14422,5004
CAGTCGGCCTAGATAT-1,0,45,3,14673,5148
CCCGTGAGGGCGGTGA-1,0,44,4,14422,5292
TCTCGTGTTACGAGGA-1,0,45,5,14673,5437
ACGTCTCGTTCCGGGA-1,1,44,6,14422,5581
CGAGAGCGCGTAGATA-1,1,45,7,14673,5725
GACAGATTTCTGGCTC-1,1,44,8,14422,5870
GGGCCTAAATGGGCTA-1,1,45,9,14673,6014
ACTTGTAGTCCCTTCA-1,1,44,10,14422,6158
CCCGAAGTTTCGCGAA-1,1,45,11,14673,6303
ACCATCCGCCAACTAG-1,1,44,12,14422,6447
TGCGAATATGGGATTT-1,1,45,13,14674,6591
TACATCCCTATCCCTG-1,1,44,14,14423,6736
GTGGGAAGACTGAATC-1,1,45,15,14674,6880
TCAACATCGACCGAGA-1,1,44,16,14423,7024
CTATGTGAGTCACGGC-1,1,45,17,14674,7169
CCGAACACTGGGCCTC-1,1,44,18,14423,7313
AAACTTGCAAACGTAT-1,1,45,19,14674,7457
AGGGCGAGCAGCTGAT-1,1,44,20,14423,7602
AACACGAGACGCGGCC-1,1,45,21,14674,7746
TGACGAATATTTCCCT-1,1,44,22,14423,7890
TCGGAGAGTATCGGGA-1,1,45,23,14674,8035
CAAATCTCTCACAAGG-1,1,44,24,14423,8179
AGGCCCTAGAACGCCA-1,1,45,25,14674,8323
TAGAGATCATGCAACT-1,1,44,26,14423,8468
TTGTTTCCATACAACT-1,1,45,27,14674,8612
GAGAGGTGCATTCTGG-1,1,44,28,14423,8756
GTGGACCAACCCGATT-1,1,45,29,14675,8901
CTGGGCCTGCTATATC-1,1,44,30,14423,9045
CATAGTCCACAAGAAC-1,1,45,31,14675,9189
TTGACATGAACGTGGA-1,1,44,32,14424,9334
GGTTACCACCCTCGGG-1,1,45,33,14675,9478
TACCGGTCGTTTCCAT-1,1,44,34,14424,9622
CGAGTACTAAAGAGGA-1,1,45,35,14675,9767
GCAAGAATTCCTTGGC-1,1,44,36,14424,9911
TCGCCGAAGTTGCGTC-1,1,45,37,14675,10055
TTGAGAGTACTGCTAA-1,1,44,38,14424,10200
GCCACAATTTAAGGAC-1,1,45,39,14675,10344
ATATTCAGTTAAACCT-1,1,44,40,14424,10488
TGAGTGCCTCTTAAAT-1,1,45,41,14675,10633
ATCAGACGGCACGCCG-1,1,44,42,14424,10777
GTGCGAAATCGAACAC-1,1,45,43,14675,10921
GTGCCGCTTCAAAGGT-1,1,44,44,14424,11066
GATACGATGGGAGTCA-1,1,45,45,14676,11210
GACACTGAGTTCAGTG-1,1,44,46,14424,11354
ATCCTGCGTGGAATGG-1,1,45,47,14676,11499
ATCCTACCTAAGCTCT-1,1,44,48,14425,11643
AGTGATATGAGTAGTT-1,1,45,49,14676,11787
ATGATGCAATGGTACA-1,1,44,50,14425,11932
GAAACCGAATTACCTT-1,1,45,51,14676,12076
AGTGACCTACTTTACG-1,1,44,52,14425,12220
CAAATGTCCTTCCGTG-1,1,45,53,14676,12365
TTACTGGGATATTTCA-1,1,44,54,14425,12509
CTTGCCCAGGCTCTAC-1,1,45,55,14676,12653
AAATCGTGTACCACAA-1,1,44,56,14425,12798
GTGATCATAGATCTGC-1,1,45,57,14676,12942
TGGCAGATTACGATCA-1,1,44,58,14425,13086
TCACCCTCTTAAGATT-1,1,45,59,14676,13231
CAGGATATATCGTTGT-1,1,44,60,14425,13375
CCTGACCACCGATGGT-1,1,45,61,14676,13519
CTAAAGGGAAATAGGA-1,1,44,62,14425,13664
CCGCTATCAGCACCAG-1,1,45,63,14677,13808
CTTTAGTGCTATTATT-1,1,44,64,14426,13952
CGGGAATTTATGTAAA-1,1,45,65,14677,14097
TACGACTGCCTCTTAG-1,1,44,66,14426,14241
AAACTGCTGGCTCCAA-1,1,45,67,14677,14385
GTACGTTTGCCCGTCA-1,1,44,68,14426,14530
GGCAAGGCGAAATAGC-1,1,45,69,14677,14674
GATCTTGGAGGGCATA-1,1,44,70,14426,14818
AGCGTGGTATTCTACT-1,1,45,71,14677,14963
CTAAGGGAATGATTGG-1,1,44,72,14426,15107
CATGGTAAGTAGCGTT-1,1,45,73,14677,15251
CGTTGAGCGACCGTCG-1,1,44,74,14426,15396
TGCCCGTACCGTTAAA-1,1,45,75,14677,15540
ACAAGGGCAGGCTCTG-1,1,44,76,14426,15684
GAGATCTTCCATGACA-1,1,45,77,14677,15829
AATGACGTAGGATGTC-1,1,44,78,14426,15973
GTGGTGGCCAAGTGAA-1,1,45,79,14678,16117
TCCCGTGTGCAATTTG-1,1,44,80,14426,16262
ACATCGTATGCAATGG-1,1,45,81,14678,16406
GCGAAACTTAACTGGA-1,1,44,82,14427,16550
AATTGAACGCTCTGGT-1,1,45,83,14678,16695
ACAAATGGTAGTGTTT-1,1,44,84,14427,16839
ATGGTCGCGTGGTTTC-1,1,45,85,14678,16983
TGTTATTGTATGTGGC-1,1,44,86,14427,17128
TTCCGGTTACCCACTT-1,1,45,87,14678,17272
GAGTGTGCGGTACCCA-1,1,44,88,14427,17416
CAAGATATTATAACGT-1,1,45,89,14678,17561
ACACACCAGGACCAGT-1,1,44,90,14427,17705
ATGGGCCTCGGCCTCT-1,1,45,91,14678,17849
AAGGTGATAAACCAGC-1,1,44,92,14427,17994
TCTTACTTATGCCTCT-1,1,45,93,14678,18138
AAAGTGTGATTTATCT-1,1,44,94,14427,18282
TGCTCCACAGTTCTTA-1,1,45,95,14679,18427
CTGGCTGATTCATCCT-1,1,44,96,14427,18571
TAAGGCTGAATCCCTC-1,1,45,97,14679,18715
TCTAGTGATATCGTGG-1,1,44,98,14428,18860
TCGAAGAACCGAGCAC-1,1,45,99,14679,19004
GACAAACATATGCAGG-1,1,44,100,14428,19148
AAGTCAATTGTCGTCA-1,1,45,101,14679,19293
AGTGAACAAACTTCTC-1,1,44,102,14428,19437
CATGATGGAAGTTAGC-1,1,45,103,14679,19581
AAGTGCCTTGACTGTA-1,1,44,104,14428,19726
ATCGCCAGTCAACATT-1,1,45,105,14679,19870
ACCGCGGTGGAAGTCG-1,1,44,106,14428,20014
TCTTCTATAACCCGCC-1,1,45,107,14679,20159
CACATTTCTTGTCAGA-1,1,44,108,14428,20303
TAGCGTCCCTCGATTG-1,1,45,109,14679,20447
GTTCGGATCGGGAACA-1,1,44,110,14428,20592
CAAACTCGCGACGCCG-1,1,45,111,14680,20736
GTCTTGTAGCTATTCA-1,1,44,112,14428,20880
TCTCGACGTATCGCCG-1,1,45,113,14680,21025
TTGCCAAGCAGAACCC-1,1,44,114,14429,21169
AAACCCGAACGAAATC-1,1,45,115,14680,21313
TTGAGCAGCCCACGGT-1,1,44,116,14429,21458
CGCCTTTAGCATGCTC-1,1,45,117,14680,21602
TGTGGCTCCCACCAAC-1,1,44,118,14429,21746
CCGCCGTTGAGGATAA-1,1,45,119,14680,21891
CAATACGAGAGTCTGA-1,1,44,120,14429,22035
CATCTAGTGAAGGGAA-1,1,45,121,14680,22179
GGTGGAGGTTGATACG-1,1,44,122,14429,22324
CCGCACACGAACGTGT-1,1,45,123,14680,22468
AGAACCCAGCGTGACA-1,1,44,124,14429,22612
GCGCTCGATCACCTGT-1,1,45,125,14680,22757
ATCATGGACTACCGAC-1,1,44,126,14429,22901
TACGCCGCCTCAGAAG-1,1,45,127,14680,23045
CGACCTACTAGACAAT-1,0,46,0,14924,4715
GAGTCTTGTAAAGGAC-1,0,47,1,15175,4859
AATATCCTAGCAAACT-1,0,46,2,14924,5003
CCCTAGGCAACAAGAG-1,0,47,3,15175,5148
ACAAAGAAGGTAGGCC-1,0,46,4,14924,5292
CCCTGGCTGTTCCTTC-1,0,47,5,15175,5436
TCGCCGCACCGCGTGA-1,0,46,6,14924,5581
TATAGCGCACGTTATC-1,0,47,7,15176,5725
TTATCTGACATTAGGA-1,1,46,8,14924,5869
AGTGGTGTTACCCGTG-1,1,47,9,15176,6014
GCCAAGAATACTTCTG-1,1,46,10,14925,6158
CCGGCGTGAGACTCTG-1,1,47,11,15176,6302
TTCCCGGCGCCAATAG-1,1,46,12,14925,6447
AAACAGGGTCTATATT-1,1,47,13,15176,6591
ACAGTAATACAACTTG-1,1,46,14,14925,6735
CGAACGGCCGGACAAC-1,1,47,15,15176,6880
GCAACACACTAGAACT-1,1,46,16,14925,7024
ACTCCCATTCCTAAAG-1,1,47,17,15176,7168
ACCTGCGTGTCATGTT-1,1,46,18,14925,7313
TACTTTCCGCACGCCA-1,1,47,19,15176,7457
AGGTCAGGTGAGAGTG-1,1,46,20,14925,7601
TCCTCCTAAGACATTC-1,1,47,21,15176,7746
ATGTGAAAGCCTAATG-1,1,46,22,14925,7890
AGTCGGCTCAACTTTA-1,1,47,23,15176,8034
CGATCTGTTGGAGGAC-1,1,46,24,14925,8179
ACGGGAGTGTCGGCCC-1,1,47,25,15177,8323
TTAACTTCAGGTAGGA-1,1,46,26,14926,8467
CCACGGAGCCATAAGA-1,1,47,27,15177,8612
CTTCTATGTTGAAGTA-1,1,46,28,14926,8756
CACCGTTGCGCGATAT-1,1,47,29,15177,8900
TCTAGCAATCTCCGCC-1,1,46,30,14926,9045
AGTTTGGCCAGACCTA-1,1,47,31,15177,9189
TTGTAAGGACCTAAGT-1,1,46,32,14926,9333
AAATTTGCGGGTGTGG-1,1,47,33,15177,9478
AAGTTCGGCCAACAGG-1,1,46,34,14926,9622
CCGCTTACCTCACTCT-1,1,47,35,15177,9766
ATCACGTGCTAATTAA-1,1,46,36,14926,9911
GGTGAAGTACAGGGAT-1,1,47,37,15177,10055
GCTGTATTACTGGCCC-1,1,46,38,14926,10199
AACGGCCATCTCCGGT-1,1,47,39,15177,10344
TAAGTAACATCTTGAC-1,1,46,40,14926,10488
TTCTTGAGCCGCGCTA-1,1,47,41,15178,10632
AGTGCGTAGCTCGTAA-1,1,46,42,14926,10777
GGGATGGTCGTAACCG-1,1,47,43,15178,10921
GTCTGGGCGGTCGAGA-1,1,46,44,14927,11065
CGGAACGTAAACATAG-1,1,47,45,15178,11210
TGCGACACCCTAGTGC-1,1,46,46,14927,11354
CAAACGAGTATCGCAG-1,1,47,47,15178,11498
TCAGTAGGGACTATAA-1,1,46,48,14927,11643
GCGGTTCCCTATCATG-1,1,47,49,15178,11787
GTGACTTCAGTAGTGC-1,1,46,50,14927,11931
CGTCACGTCCATTGGT-1,1,47,51,15178,12076
ATAAGTTACCGCGACG-1,1,46,52,14927,12220
CTGAATCCGAGACCTC-1,1,47,53,15178,12364
TACGACGCTTGCTGCG-1,1,46,54,14927,12509
GAATTCACCCGGGTGT-1,1,47,55,15178,12653
GGGTGACACCTTAACT-1,1,46,56,14927,12798
TGAGTAAATTAGCGTA-1,1,47,57,15179,12942
GAGTCCGCTTACCGGA-1,1,46,58,14927,13086
GGCGCGTTCGAGTTTA-1,1,47,59,15179,13230
ATTCATATACTGTCCA-1,1,46,60,14928,13375
ATAAACGGACCCGTAA-1,1,47,61,15179,13519
GTCGTACCATCTCGGG-1,1,46,62,14928,13664
ATAATAGCTGTTGAAT-1,1,47,63,15179,13808
TTCCGCGTGAGGCGAT-1,1,46,64,14928,13952
TACCGGCTCACTGCCC-1,1,47,65,15179,14096
GTATCTTTCATAACCA-1,1,46,66,14928,14241
GTTACCTACAACTTGC-1,1,47,67,15179,14385
TGACTATAATCCTTTC-1,1,46,68,14928,14530
AAATACCTATAAGCAT-1,1,47,69,15179,14674
TTATTAGAGCGTGTTC-1,1,46,70,14928,14818
ATGTGGACATCTTGAT-1,1,47,71,15179,14962
GTACGCTTCATTGCAC-1,1,46,72,14928,15107
CACATATTAGCAGGAT-1,1,47,73,15179,15251
CAAGAGGGCGGAGTAC-1,1,46,74,14928,15396
TCGCAAAGATGCATTT-1,1,47,75,15180,15540
GTCGTTATTCGCTTAT-1,1,46,76,14929,15684
TCGTGTACTATGGATG-1,1,47,77,15180,15828
GCGGAGAGGGAGAACG-1,1,46,78,14929,15973
TCACAGGGAATCGCAA-1,1,47,79,15180,16117
GACTGCACCAGCCCAG-1,1,46,80,14929,16262
TCCGCTGTCATCCCGG-1,1,47,81,15180,16406
AGATACTCAAGATCGA-1,1,46,82,14929,16550
ACTGAATGGCGAAAGT-1,1,47,83,15180,16694
TCCTACATCCACGGCC-1,1,46,84,14929,16839
TTCAGCCCTGGTCCAC-1,1,47,85,15180,16983
TTAGAGTTTAGAAGGA-1,1,46,86,14929,17128
GGTTAGCTATATGTCT-1,1,47,87,15180,17272
CTGGTTTCGAGCAAGA-1,1,46,88,14929,17416
TGGGCCCATACTAATT-1,1,47,89,15180,17560
ACTTATTTATGTGCCA-1,1,46,90,14929,17705
TTAGTTATTCGTGGCA-1,1,47,91,15181,17849
AACCGCTAAGGGATGC-1,1,46,92,14930,17994
ATACGTCCACTCCTGT-1,1,47,93,15181,18138
CGACACGCTCCGACAG-1,1,46,94,14930,18282
TCTGAACTCGTACCCG-1,1,47,95,15181,18426
AGGATATAGGGATTTA-1,1,46,96,14930,18571
GTGATCACTAACGCCT-1,1,47,97,15181,18715
ACCGGGCCTTTGTTGA-1,1,46,98,14930,18860
TTGACAGGAGCTCCCG-1,1,47,99,15181,19004
CTCTTCTATTGACTGG-1,1,46,100,14930,19148
CGTGGCCGAATATCTA-1,1,47,101,15181,19292
GGTTTAGCCTTTCTTG-1,1,46,102,14930,19437
TCAAGGTTACTACACC-1,1,47,103,15181,19581
TTGACTATTGTCCGGC-1,1,46,104,14930,19726
CGGGAATATAGTATAC-1,1,47,105,15181,19870
GCAACAGCAGTATGCG-1,1,46,106,14930,20014
ATCAAACACTGTTCCA-1,1,47,107,15182,20158
TGGGCAATAGTTGGGT-1,1,46,108,14930,20303
TGAATGTCAGCCGGCC-1,1,47,109,15182,20447
CGGCTCTAAAGCTGCA-1,1,46,110,14931,20592
GGACACAAGTTTACAC-1,1,47,111,15182,20736
CCGAGAAGTCGCATAA-1,1,46,112,14931,20880
AACTACCCGTTTGTCA-1,1,47,113,15182,21024
GCACAAACGAGGCGTG-1,1,46,114,14931,21169
CACACAGCTTGCGCTC-1,1,47,115,15182,21313
GTGCTTACATCAGCGC-1,1,46,116,14931,21458
GCAAACGTCGCCAGGT-1,1,47,117,15182,21602
GAATAGCATTTAGGGT-1,1,46,118,14931,21746
TACTGTTTCTCTGGTA-1,1,47,119,15182,21890
TCCTATCATAGGTAAC-1,1,46,120,14931,22035
TTCGGTGGAGACGCCC-1,1,47,121,15182,22179
TGTTGCCGTCGTCCCA-1,1,46,122,14931,22324
CCAACTTGATAGATCC-1,1,47,123,15183,22468
CAAAGGTCATCTGAAA-1,1,46,124,14931,22612
CTAGCTTAATGGTCCC-1,1,47,125,15183,22757
AGGCCACATTGGTTAC-1,1,46,126,14932,22901
TTAGGATGGGAGGGTA-1,1,47,127,15183,23045
TATGACCTTGCGCTGG-1,0,48,0,15426,4715
ATATACATGTATGGTA-1,0,49,1,15677,4859
TGTGTGACCATGAATC-1,0,48,2,15426,5003
CCCACTCCACGGTATC-1,0,49,3,15678,5147
GGGCAGACGTCACTGC-1,0,48,4,15426,5292
TCAAAGAGCTATCTGT-1,0,49,5,15678,5436
AGATGCATCCTGTGTC-1,0,48,6,15427,5581
GTGAAGTCACGACTCG-1,0,49,7,15678,5725
TGATTCAGGTCCCGCG-1,0,48,8,15427,5869
CGCCACAGGTCGCGAT-1,0,49,9,15678,6013
TTGAATCGTTGTATAA-1,1,48,10,15427,6158
TGGCCAATTTGGTACT-1,1,49,11,15678,6302
CGACCCTTAACGCCGG-1,1,48,12,15427,6447
TCGGCGTACTGCACAA-1,1,49,13,15678,6591
GAGTAAGGCCACGGGA-1,1,48,14,15427,6735
ATCAGCTCGTCCACTA-1,1,49,15,15678,6879
AGGATCACGCGATCTG-1,1,48,16,15427,7024
AAATGGCCCGTGCCCT-1,1,49,17,15678,7168
CAGTACCAGTTTACGT-1,1,48,18,15427,7313
GGTCGTAAGCTCGCAC-1,1,49,19,15679,7457
CGTTCATGGTGCGCGT-1,1,48,20,15427,7601
GACTACAAAGCGGTGG-1,1,49,21,15679,7745
CAGCTGGCGTAACCGT-1,1,48,22,15428,7890
ACTCGTAACCCGTCCT-1,1,49,23,15679,8034
CATATGTCAGGCTACG-1,1,48,24,15428,8179
GCCCGACTTCTTCCCG-1,1,49,25,15679,8323
CTGGCATCCGAATGAG-1,1,48,26,15428,8467
AAGTGCGTTAGAATCT-1,1,49,27,15679,8611
AGAAGTGATTCGTGAT-1,1,48,28,15428,8756
TACCTTAAGATTTCCC-1,1,49,29,15679,8900
AATGACAGCAATGTCT-1,1,48,30,15428,9045
TCAACGCAGGAAATAA-1,1,49,31,15679,9189
TATTCCTCCGCCCACT-1,1,48,32,15428,9333
ATCAAACGAAGGTTTG-1,1,49,33,15679,9477
TTGATTAGCTGTTTCT-1,1,48,34,15428,9622
CTGCTGAGGCCACGAA-1,1,49,35,15679,9766
CCGTGTTAAATTCCAT-1,1,48,36,15428,9911
CACGTCGGCAACCTCT-1,1,49,37,15680,10055
GTATTCTGAGAAACGA-1,1,48,38,15429,10199
CGGTGCGCGTTGGTCC-1,1,49,39,15680,10343
GTGATTCGCCGCTCAA-1,1,48,40,15429,10488
GCCCGCGCGTAAACGG-1,1,49,41,15680,10632
AACGTACTGTGGGTAC-1,1,48,42,15429,10777
GAGTATGCCCGCCTTG-1,1,49,43,15680,10921
TGATTCTGTCGCCGGT-1,1,48,44,15429,11065
GGGCGGCAAATGAATT-1,1,49,45,15680,11210
TTCCAATCTGGCTATC-1,1,48,46,15429,11354
GGAACCGTGTAAATTG-1,1,49,47,15680,11498
TTGGTCACACTCGTAA-1,1,48,48,15429,11643
CGAACCCGCATGCGTC-1,1,49,49,15680,11787
GGGCGTCACCACGTAA-1,1,48,50,15429,11931
TACCAGAAGTAGGTTC-1,1,49,51,15680,12076
TTGGATATCGTCTACG-1,1,48,52,15429,12220
TAGATATGGACTGGAA-1,1,49,53,15681,12364
GCGACGATAGTTGTAC-1,1,48,54,15429,12509
CTGGATTTACACTTGA-1,1,49,55,15681,12653
GTTATATTATCTCCCT-1,1,48,56,15430,12797
TATTCCACTCAGCTCG-1,1,49,57,15681,12942
CTGTTACCCAATCTAG-1,1,48,58,15430,13086
ACGCGAAGTCAGACGA-1,1,49,59,15681,13230
GATAGGTAACGTTGAC-1,1,48,60,15430,13375
TGTTCGTATTGCGGTG-1,1,49,61,15681,13519
GGTCAGTGGGTCCCAC-1,1,48,62,15430,13663
AATTCTAGAGTTAGGC-1,1,49,63,15681,13808
GTTTACGTTCCATCTG-1,1,48,64,15430,13952
AGACCCACCGCTGATC-1,1,49,65,15681,14096
TCTAGCATGCCCAGAA-1,1,48,66,15430,14241
CCCGCAGCGCGAACTA-1,1,49,67,15681,14385
CTCTATTTGGCTGCAG-1,1,48,68,15430,14529
TTCTGCCGCGCCTAGA-1,1,49,69,15682,14674
ACTCCCTAGAATAGTA-1,1,48,70,15430,14818
CCGAACCTTCCCGGCC-1,1,49,71,15682,14962
TCAGACGCTATAGAAG-1,1,48,72,15431,15107
CAGGCGCCATGCTAGG-1,1,49,73,15682,15251
CACTCGAGCTGAACAA-1,1,48,74,15431,15395
ACAAGGAAATCCGCCC-1,1,49,75,15682,15540
ACCACGTGCAGCTATA-1,1,48,76,15431,15684
ACGGCGACGATGGGAA-1,1,49,77,15682,15828
TTACTAAAGGACTTTA-1,1,48,78,15431,15973
GGCTGAAATAGCAAAG-1,1,49,79,15682,16117
TTAGACGAGTCACCTC-1,1,48,80,15431,16261
GTAGTCGCGGGAATCA-1,1,49,81,15682,16406
GCAAACCCTACATTAT-1,1,48,82,15431,16550
GTTAAAGTAGGACTGG-1,1,49,83,15682,16694
ACCCTCCCTTGCTATT-1,1,48,84,15431,16839
CATGTCTCATTTATGG-1,1,49,85,15683,16983
AATAGAATCTGTTTCA-1,1,48,86,15431,17127
TCTCATGAGATAGGGT-1,1,49,87,15683,17272
ATGACTATGCGACATT-1,1,48,88,15432,17416
CCTAACCCAAACAAGT-1,1,49,89,15683,17560
AGTCAAGATGACACTT-1,1,48,90,15432,17705
CGGGAGCTTCAGTGTA-1,1,49,91,15683,17849
CCACAGTACCCATCCT-1,1,48,92,15432,17993
GAGCGCGCACGAGTAG-1,1,49,93,15683,18138
ACCAGTGCGGGAGACG-1,1,48,94,15432,18282
TCCTTACGACGGTCCG-1,1,49,95,15683,18426
TAGTCGATCACGGGTT-1,1,48,96,15432,18571
AGACGAAGTGCCGGTC-1,1,49,97,15683,18715
CGCTGGTGACTACCCT-1,1,48,98,15432,18859
AGGCATTGTCGTAGGG-1,1,49,99,15683,19004
TGGTAGAATATATGGG-1,1,48,100,15432,19148
TTCTTATCCGCTGGGT-1,1,49,101,15683,19292
AGTTTGGCACGGGTTG-1,1,48,102,15432,19437
GCATCGGCCGTGTAGG-1,1,49,103,15684,19581
ATGCGAGTCCCACCAC-1,1,48,104,15433,19725
TCGGCGAACCCAAACC-1,1,49,105,15684,19870
AGAGTAAACTTCACTA-1,1,48,106,15433,20014
AAGCCGAAGCGGTTTA-1,1,49,107,15684,20158
CCCGAGTTTCTCCGTA-1,1,48,108,15433,20303
AATATCGAATCAATGC-1,1,49,109,15684,20447
GCGCCTCCCACTCCGA-1,1,48,110,15433,20591
CGTTAAACTAGTTAGG-1,1,49,111,15684,20736
TGAGTTAAAGACATTC-1,1,48,112,15433,20880
AACAGGTAGTATGGAT-1,1,49,113,15684,21024
GAACGCGGGTCACACG-1,1,48,114,15433,21169
TGTTTGAGATCGTCAG-1,1,49,115,15684,21313
ATCTCGTGAGCGAAAC-1,1,48,116,15433,21457
CTGAGAAAGTTCGGCG-1,1,49,117,15684,21602
ATTACCACACTGCCTG-1,1,48,118,15433,21746
CTGCTGTCTAACGAGC-1,1,49,119,15685,21890
CGTGGAAGCCTCGTAC-1,1,48,120,15433,22035
GGACTCACAAATTAGG-1,1,49,121,15685,22179
CTTTGCTGTCATGGAT-1,1,48,122,15434,22323
GGTGTTGGGCGTCTTA-1,1,49,123,15685,22468
TACCATGTATTGATTT-1,1,48,124,15434,22612
GGTCTCCAAGTAGTGC-1,1,49,125,15685,22756
ATCCTTCTGAAAGAAC-1,1,48,126,15434,22901
CCGGAAGTTATCAGTC-1,1,49,127,15685,23045
TTAGAGGGATATACAG-1,0,50,0,15929,4714
TTGTACACCTCGAACA-1,0,51,1,16180,4859
GTGGGTACTGAGCGTA-1,0,50,2,15929,5003
CTTAAGCAGCGAGCCG-1,0,51,3,16180,5147
GCATTGACTTGCGGAA-1,0,50,4,15929,5292
CCATAACCTGTGCAGT-1,0,51,5,16180,5436
GGGCTACTATTTCGTG-1,0,50,6,15929,5580
GGCGAGCGAAACGGCA-1,0,51,7,16180,5725
GGAGACCATCTACATA-1,0,50,8,15929,5869
AGACCAAACCACACCT-1,0,51,9,16180,6013
CGACGCATCCGTACCT-1,0,50,10,15929,6158
CCTAGGTAAAGGTAGC-1,0,51,11,16180,6302
AGCGGCGGTTAGCGGT-1,0,50,12,15929,6446
CTGGACGCAGTCCGGC-1,1,51,13,16180,6591
AGCCTAATACCCACGT-1,1,50,14,15929,6735
AATCTGGCTTTCTAGT-1,1,51,15,16181,6879
CACCCTTGGTGAGACC-1,1,50,16,15929,7024
GGATCTTGACTCAACC-1,1,51,17,16181,7168
ACGAGGATACCACTCT-1,1,50,18,15930,7312
GAGTTGATGGCAATTT-1,1,51,19,16181,7457
GTGGCAAACAGCGGCA-1,1,50,20,15930,7601
GATGTAACGAACCACC-1,1,51,21,16181,7745
AGCCGTGGCTAAATGT-1,1,50,22,15930,7890
CTCCCTCCTTTCGATC-1,1,51,23,16181,8034
TTGGAAGAATACAGTC-1,1,50,24,15930,8178
AGTTAAGTCAACCGCT-1,1,51,25,16181,8323
CTCATGGTAATTTGCG-1,1,50,26,15930,8467
AAAGTAGCATTGCTCA-1,1,51,27,16181,8611
TTGTGGTAGGAGGGAT-1,1,50,28,15930,8756
AGTCGTGGGCATTACG-1,1,51,29,16181,8900
ACCTAAGTACCTTTCA-1,1,50,30,15930,9044
GTAGAGGGAGACAAGT-1,1,51,31,16182,9189
GATCCTCGACACTGGC-1,1,50,32,15930,9333
CCTACATTCACAGACG-1,1,51,33,16182,9477
TTGACCGTGTTAATGA-1,1,50,34,15931,9622
TCTGTTACCCAGCATA-1,1,51,35,16182,9766
CTAACTGGTCCGGTTC-1,1,50,36,15931,9910
AGCGACAGGAACGGTC-1,1,51,37,16182,10055
TAATAGAACAGAGTTA-1,1,50,38,15931,10199
ACAGGTGGAGGTGAGG-1,1,51,39,16182,10343
TGCGAGAATATTACCC-1,1,50,40,15931,10488
TTGCGTCGGCCAACCG-1,1,51,41,16182,10632
AGGCTTCCCGAAGAAG-1,1,50,42,15931,10776
GCGGACCGCGTTGTGG-1,1,51,43,16182,10921
GTAATCTGATTCTTCG-1,1,50,44,15931,11065
CCGCGGAATGCGTCAC-1,1,51,45,16182,11209
TTCCACACAGATTTGA-1,1,50,46,15931,11354
CTTCTATTAATGCTAG-1,1,51,47,16183,11498
CATTTGAGTGGTACGT-1,1,50,48,15931,11642
TCACAGCAAACTCGAA-1,1,51,49,16183,11787
CAGACGAACCTGATAC-1,1,50,50,15932,11931
TAGCTAGAAGGCATGA-1,1,51,51,16183,12075
ATCCAGAGCAACAACC-1,1,50,52,15932,12220
TCCGGTTCGTCCGGTC-1,1,51,53,16183,12364
CGCGCATGTTTGATTG-1,1,50,54,15932,12508
TGGCGATCAAGTTATG-1,1,51,55,16183,12653
CCCTTTGACAGGTCTT-1,1,50,56,15932,12797
CAGAGACGGTCACCCA-1,1,51,57,16183,12941
TAGCTCGCCTGATAAC-1,1,50,58,15932,13086
TTGTGTTTCCCGAAAG-1,1,51,59,16183,13230
TATACACAGACGCCTT-1,1,50,60,15932,13374
ACATTAGTTTATATCC-1,1,51,61,16183,13519
CCATCGCAGTTAAACT-1,1,50,62,15932,13663
AATTAGCGCTGCAGCG-1,1,51,63,16183,13807
TCCGCTTATCCCATTA-1,1,50,64,15932,13952
GTTTGGGCTTGTGAGC-1,1,51,65,16184,14096
CTTGTCAACATTCGAG-1,1,50,66,15933,14240
GGACCAACAGGATAAC-1,1,51,67,16184,14385
AAGCTAGATCGAGTAA-1,1,50,68,15933,14529
TACCGTGCCTCGGACC-1,1,51,69,16184,14673
GTAGCCAAACATGGGA-1,1,50,70,15933,14818
TGCCAGTACGTGGAGA-1,1,51,71,16184,14962
ATAAGGTGGAGAACAT-1,1,50,72,15933,15106
CTTTAATATTGGTCGA-1,1,51,73,16184,15251
TGGTTCAACGGGTAAT-1,1,50,74,15933,15395
GCTGCTACTGCGTAGC-1,1,51,75,16184,15539
CTGCACAACTACATAT-1,1,50,76,15933,15684
ATATTCCACATAGTGA-1,1,51,77,16184,15828
TGGCAAACTAAATTAC-1,1,50,78,15933,15972
ACCGCAATAACTGCCT-1,1,51,79,16184,16117
TCGCACCAGGAGGCAG-1,1,50,80,15933,16261
ACTTCAGGCTGATCCC-1,1,51,81,16185,16405
ACAAATCGCACCGAAT-1,1,50,82,15933,16550
TCTGATGTATTCTGTC-1,1,51,83,16185,16694
CTTTACCGAATAGTAG-1,1,50,84,15934,16838
GCAGATCCATAAGACT-1,1,51,85,16185,16983
TTCCTCGGACTAACCA-1,1,50,86,15934,17127
TTATCCGGGATCTATA-1,1,51,87,16185,17271
CTGGAAGACACGGTGG-1,1,50,88,15934,17416
GTTCGTCTAAAGAACT-1,1,51,89,16185,17560
GTCTATTGGTTCCGGT-1,1,50,90,15934,17704
CTAGGCGCCCTATCAG-1,1,51,91,16185,17849
AACGGACGTACGTATA-1,1,50,92,15934,17993
AACACACGCTCGCCGC-1,1,51,93,16185,18137
GCTACTATAGTAGAGT-1,1,50,94,15934,18282
AGCATATCAATATGCT-1,1,51,95,16185,18426
CGAACAGTATGGGCGT-1,1,50,96,15934,18570
ACAATTGTGTCTCTTT-1,1,51,97,16186,18715
GATCGCTACCCGATTT-1,1,50,98,15934,18859
ATTGCGATCAGTAACT-1,1,51,99,16186,19003
CAGCAGTCCAGACTAT-1,1,50,100,15935,19148
AGAGGCTTCGGAAACC-1,1,51,101,16186,19292
AAACAAGTATCTCCCA-1,1,50,102,15935,19436
GGCAGCAAACCTATGC-1,1,51,103,16186,19581
ACTAGTTGCGATCGTC-1,1,50,104,15935,19725
TTGGACCATCTGGCAA-1,1,51,105,16186,19869
CCCTCCTCGCTCGTAT-1,1,50,106,15935,20014
GAGCGCAAATACTCCG-1,1,51,107,16186,20158
ATTACATGTCAGTCTT-1,1,50,108,15935,20302
TTGGGACGTAAGAGTT-1,1,51,109,16186,20447
CTTCGGCCAATTGTTT-1,1,50,110,15935,20591
AGACCGCTCCGCGGTT-1,1,51,111,16186,20735
GACCGCGTCTGACGTG-1,1,50,112,15935,20880
CCAAATAACAAGATTC-1,1,51,113,16186,21024
TCTTTAGAGTCTAACA-1,1,50,114,15935,21169
CTCCCAATGAGTCGCG-1,1,51,115,16187,21313
TAGTCTTTCCGAATTG-1,1,50,116,15936,21457
GAGTAAACCGGAAAGT-1,1,51,117,16187,21601
GATCTCGACGCTGTGG-1,1,50,118,15936,21746
CTGACATAGAAATAGA-1,1,51,119,16187,21890
TATACCGAGTGCCACA-1,1,50,120,15936,22035
TCCGAACGTTGCCGCT-1,1,51,121,16187,22179
GCAGAAGGTAATCTCC-1,1,50,122,15936,22323
GGTACTAAGTGCTTTG-1,1,51,123,16187,22467
CAGAATATTCGTTATC-1,1,50,124,15936,22612
TAATCAACCAAATGGG-1,1,51,125,16187,22756
TCTGCTTAGAACAAGC-1,1,50,126,15936,22901
AACTGAGTTATACTGA-1,1,51,127,16187,23045
CCTCAACGATCGCTGT-1,0,52,0,16431,4714
CGGTACGGCAAACCCA-1,0,53,1,16682,4858
CAGATGTTTGTCCCAA-1,0,52,2,16431,5003
GTTTGTTAGCCAAGTA-1,0,53,3,16682,5147
ACGTGACAAAGTAAGT-1,0,52,4,16431,5291
TTGTCACCGCGGTATC-1,0,53,5,16682,5436
GATCTAACCGTATTCA-1,0,52,6,16431,5580
ATGGAAATTTAAGGAG-1,0,53,7,16682,5724
ATTGATCACCACATTT-1,0,52,8,16431,5869
ACTGCTCGGAAGGATG-1,0,53,9,16682,6013
TCTAAAGAACAGTCTC-1,0,52,10,16431,6157
CTGGGTTGAGTTAAAG-1,0,53,11,16683,6302
CCCAGTAAACTTGGGA-1,0,52,12,16432,6446
AGATTCACAACCGATA-1,0,53,13,16683,6590
AGAAGGTACACTTCAC-1,1,52,14,16432,6735
GCAGGAACTTAGATCT-1,1,53,15,16683,6879
AATCTAGGTTTACTTG-1,1,52,16,16432,7023
CCCGGTGTATCGGAAT-1,1,53,17,16683,7168
TTATCCTCAAGGAATA-1,1,52,18,16432,7312
AGCATCATTTCGAAAG-1,1,53,19,16683,7456
CGCGAGTCTGCCGGGT-1,1,52,20,16432,7601
TGCGTCATGACTGAGC-1,1,53,21,16683,7745
GTATGAAATTTCACTC-1,1,52,22,16432,7889
TTGGTTGCGGTGCGCG-1,1,53,23,16683,8034
ACAGAACTGAGAACAA-1,1,52,24,16432,8178
CTACTATCATAGGTTT-1,1,53,25,16683,8322
CCTCTATCGATTAGCA-1,1,52,26,16432,8467
CCGTATCTCGTCGTAG-1,1,53,27,16684,8611
TCACGATGTCCGTGGA-1,1,52,28,16432,8755
TCAACAAAGATAATTC-1,1,53,29,16684,8900
ATGACGCGTTCTATCC-1,1,52,30,16433,9044
ATTTGCGCGAGTAGCT-1,1,53,31,16684,9188
TTCTTGGACGATCTGC-1,1,52,32,16433,9333
AGACGACGATGCCGCT-1,1,53,33,16684,9477
GGTCTCTGAATGGACT-1,1,52,34,16433,9622
GCTCAATCCGTTTATT-1,1,53,35,16684,9766
CCAGAAAGCAACTCAT-1,1,52,36,16433,9910
CACCGTTAGGGATCAC-1,1,53,37,16684,10054
AATAACACTAGAACAA-1,1,52,38,16433,10199
CACCCGGTTTGTGACT-1,1,53,39,16684,10343
CCACCAACTTTACTGT-1,1,52,40,16433,10488
AACTCTCAGTGTGCTC-1,1,53,41,16684,10632
AAACCGTTCGTCCAGG-1,1,52,42,16433,10776
CAGCGATTCCCTTCAA-1,1,53,43,16685,10920
GCTAGCTTGAATAGCT-1,1,52,44,16433,11065
TTGCGGCATCAGAAAG-1,1,53,45,16685,11209
AATAGAACAGAGTGGC-1,1,52,46,16434,11354
GCCATCGAGCTGCGTG-1,1,53,47,16685,11498
ACACTGATCAAGGTGT-1,1,52,48,16434,11642
ACCAACGCTTATTTAT-1,1,53,49,16685,11786
GACATCGATTTATAAC-1,1,52,50,16434,11931
CAGACACCGATCGCTG-1,1,53,51,16685,12075
CCAAGAAAGTGGGCGA-1,1,52,52,16434,12220
GGTAGACCGTTGGGCG-1,1,53,53,16685,12364
TCGTTAGGAGTCCCTA-1,1,52,54,16434,12508
ACGGCCAACATGGACT-1,1,53,55,16685,12652
GTGAGTGGTACAACGC-1,1,52,56,16434,12797
GAGACTTCGCGACCGA-1,1,53,57,16685,12941
GAAGTCAGTTGCACTA-1,1,52,58,16434,13086
GTTTGGTAGGGTCAAC-1,1,53,59,16686,13230
ACGGCACTTGCTTGGG-1,1,52,60,16434,13374
CCTCTGTACTATTCTA-1,1,53,61,16686,13518
CTATTCATGTGTCCCA-1,1,52,62,16435,13663
GCCCGATCTGTGGTCG-1,1,53,63,16686,13807
TTAGAAGAACATGACT-1,1,52,64,16435,13952
AGGATAAAGTCGGGAT-1,1,53,65,16686,14096
CGGCAAACATCGTGCG-1,1,52,66,16435,14240
CTAGTTACAACCCGGT-1,1,53,67,16686,14384
TTCGACAGAGCCCGTG-1,1,52,68,16435,14529
AAGCATACTCTCCTGA-1,1,53,69,16686,14673
GACGACGATCCGCGTT-1,1,52,70,16435,14818
GGTAGAAGACCGCCTG-1,1,53,71,16686,14962
GAGATGGGAGTCGACA-1,1,52,72,16435,15106
AACGATAATGCCGTAG-1,1,53,73,16686,15250
TGGTCCCACGCTACGG-1,1,52,74,16435,15395
CTGCTTGGCGATAGCT-1,1,53,75,16686,15539
ATCGGAGACAGACGGC-1,1,52,76,16435,15684
TAGCGTCCGGTGTGGT-1,1,53,77,16687,15828
GTTGAGTCCCGCCGGT-1,1,52,78,16436,15972
AAATAGGGTGCTATTG-1,1,53,79,16687,16116
AAGTGTTTGGAGACGG-1,1,52,80,16436,16261
AGCACTACCTCACCAG-1,1,53,81,16687,16405
TGCCTTGGCCAGGCAA-1,1,52,82,16436,16550
TCGTCTTAGGCGTTAA-1,1,53,83,16687,16694
TTCTGACCGGGCTCAA-1,1,52,84,16436,16838
CAGAACTTAGCCCTCT-1,1,53,85,16687,16982
AGCTCCTTCGCACATC-1,1,52,86,16436,17127
ACAGGCTTGCCCGACT-1,1,53,87,16687,17271
GCTATACGTCTCGGAC-1,1,52,88,16436,17416
GAGCCAGCTACCTGTG-1,1,53,89,16687,17560
TGCTAAGTGTCTATTT-1,1,52,90,16436,17704
GTCCTACGAATAGTCT-1,1,53,91,16687,17848
CAGTGTCGGCTGGCCC-1,1,52,92,16436,17993
CTATCGACGAAATACA-1,1,53,93,16688,18137
CATCATTACCCTGAGG-1,1,52,94,16436,18282
TAAGTTGCGACGTAGG-1,1,53,95,16688,18426
AGTGCACGCTTAAGAA-1,1,52,96,16437,18570
TGTGCCGGTGCCGGAA-1,1,53,97,16688,18714
AGGAGGCCTTCGCGCG-1,1,52,98,16437,18859
TCCGCGGCCCAATGAA-1,1,53,99,16688,19003
TCCGTTAAGCTAATAT-1,1,52,100,16437,19148
AAATCTAGCCCTGCTA-1,1,53,101,16688,19292
CGCAGGCGATCCAAAC-1,1,52,102,16437,19436
CCATATGGAAACTATA-1,1,53,103,16688,19581
CACCGTATCCCATCCG-1,1,52,104,16437,19725
GGTCAAGACTACTTCG-1,1,53,105,16688,19869
CCCGTTTCGCAGATGT-1,1,52,106,16437,20014
GTTATAATACGGTGAA-1,1,53,107,16688,20158
ACTTGTGGATGGAACG-1,1,52,108,16437,20302
GTTCGCTGAGACGTCT-1,1,53,109,16689,20447
GACACTGGAACCCGAT-1,1,52,110,16437,20591
CCCAGGTCTGAAGGCT-1,1,53,111,16689,20735
TCTCGAGGAGGTTCGC-1,1,52,112,16438,20880
ACTATCTGCCCGCGTA-1,1,53,113,16689,21024
CCTAAATTGTATCCTA-1,1,52,114,16438,21168
AGAAATTATGACTCGC-1,1,53,115,16689,21313
TCCAGCGCTATAAGCG-1,1,52,116,16438,21457
TCGTGTATTGGTCACG-1,1,53,117,16689,21601
CCACATACTGCACCCA-1,1,52,118,16438,21746
GTTGCGGACGGTCAGG-1,1,53,119,16689,21890
GTATTTAATGGCATAA-1,1,52,120,16438,22034
GTCGATAGGTGACTTT-1,1,53,121,16689,22179
AATAATCTTCGTATCG-1,1,52,122,16438,22323
ATTGTTCAACGATCCG-1,1,53,123,16689,22467
GTGCAGCGTAGAGTAG-1,1,52,124,16438,22612
TGTGGTAGGGTGCCTT-1,1,53,125,16689,22756
TGTGGACTATCTACGT-1,1,52,126,16438,22900
GGCGGGCTCTAAGAGT-1,1,53,127,16690,23045
TGTGCCAGAGGCAAAG-1,1,54,0,16933,4714
TGGCTTATGTATAATG-1,1,55,1,17184,4858
GCAAGCTGGAAACCGC-1,1,54,2,16933,5003
GATATCAAGCAGGAGC-1,1,55,3,17184,5147
CACCAATCATCCGTCT-1,0,54,4,16933,5291
CCACATGGCTCTTTAT-1,0,55,5,17185,5435
GTCCTACTCTACGGGC-1,0,54,6,16933,5580
CTCGAGACATACGATA-1,0,55,7,17185,5724
TATCAGTGGCGTAGTC-1,0,54,8,16934,5869
TGACAGGACAAGTCCA-1,0,55,9,17185,6013
TATTAACACCAAAGCA-1,0,54,10,16934,6157
TAGGCGATGAGGTCTC-1,0,55,11,17185,6301
CCGCCGGAACTTCTCG-1,0,54,12,16934,6446
GCCATTAGCCTCAAAC-1,0,55,13,17185,6590
GTTAGGCTACCCGTTT-1,0,54,14,16934,6735
GGGTATTCTAGCAAAC-1,0,55,15,17185,6879
GCCCTAGCCGTCGCGA-1,1,54,16,16934,7023
CAGATCCTGGTTTGAA-1,1,55,17,17185,7167
CTTCAGTGGTCGCCTA-1,1,54,18,16934,7312
GGGCAACCGCACGTGC-1,1,55,19,17185,7456
GACCCAATTATGATAC-1,1,54,20,16934,7601
GAAGCTCGGACCCGTC-1,1,55,21,17186,7745
CGTCGGGTCTAAGCGC-1,1,54,22,16934,7889
GAGGCCCGACTCCGCA-1,1,55,23,17186,8034
TTGCCATAGCCCGCTC-1,1,54,24,16935,8178
TAACATACACGCGATC-1,1,55,25,17186,8322
CCGACGGGCATGAGGT-1,1,54,26,16935,8467
AATGTGCCCGAGGTGT-1,1,55,27,17186,8611
AGCTGTAACCTCAATC-1,1,54,28,16935,8755
CGAGTGAAGGTACCAG-1,1,55,29,17186,8900
AGTCTCACAAGACTAC-1,1,54,30,16935,9044
AAATTGATAGTCCTTT-1,1,55,31,17186,9188
TAAGTCGCCGAGTATC-1,1,54,32,16935,9333
GCGGAGAAACTTCGCA-1,1,55,33,17186,9477
GGCAAAGGCGCCAATA-1,1,54,34,16935,9621
ATTTCCGGGTTCTGCG-1,1,55,35,17186,9766
TAAACCCAGGAGGGCA-1,1,54,36,16935,9910
TTCGGGCGCTAGTCTT-1,1,55,37,17186,10054
GTGGAGTCGGCGGTTG-1,1,54,38,16935,10199
GCACGCCTACTTAGAT-1,1,55,39,17187,10343
CAATATTCTTGACCTA-1,1,54,40,16936,10487
CGTTTGTGTAGAGGGT-1,1,55,41,17187,10632
CATAGCGTTGCCCACC-1,1,54,42,16936,10776
TGATACATTTAGCCGT-1,1,55,43,17187,10920
TTCCGGCCTTGAGGCT-1,1,54,44,16936,11065
CCTATACCGTCCTGTC-1,1,55,45,17187,11209
TCGTTGCTATCCGGTC-1,1,54,46,16936,11353
TGGCGACTGCTCCAAA-1,1,55,47,17187,11498
CAGAGGCGATGCATGA-1,1,54,48,16936,11642
TCACAGGAGAATAAGA-1,1,55,49,17187,11786
GGGTTAACATTTGAGT-1,1,54,50,16936,11931
GCGGGCGAGCCTTACC-1,1,55,51,17187,12075
TGCCAATGGGTACTCT-1,1,54,52,16936,12219
AGGGACTCTACGCGAC-1,1,55,53,17187,12364
GACGCCGTAAAGGCTA-1,1,54,54,16936,12508
AAAGGCTCTCGCGCCG-1,1,55,55,17188,12652
CTGGCTGGTTGTCAGT-1,1,54,56,16936,12797
ACATCCCGGCCATACG-1,1,55,57,17188,12941
CTCTTGTCCCGCTTGG-1,1,54,58,16937,13085
TACGCCTCCATTCCGA-1,1,55,59,17188,13230
CGGAGCAATTTAATCG-1,1,54,60,16937,13374
AACTAGGCTTGGGTGT-1,1,55,61,17188,13518
GCGTCGCCAGGGTGAT-1,1,54,62,16937,13663
GTTGGTCATGCTATCC-1,1,55,63,17188,13807
GCTGGCGGCGCATGCT-1,1,54,64,16937,13951
TGAGCGGAAAGTGTTC-1,1,55,65,17188,14096
CTTTCTGTGCGGGCTT-1,1,54,66,16937,14240
ATCTAATATCCTACGG-1,1,55,67,17188,14384
AACCTTTAAATACGGT-1,1,54,68,16937,14529
TTCACTCGAGCACCTA-1,1,55,69,17188,14673
CTGCACTCCAGTACAG-1,1,54,70,16937,14817
CCATTTCTACCTATTA-1,1,55,71,17189,14962
CAAGCGGCACATAATT-1,1,54,72,16937,15106
GTTAACATCACTTAAA-1,1,55,73,17189,15250
ATATAAATGTAGCTGC-1,1,54,74,16938,15395
GCCTCTATACATAGCA-1,1,55,75,17189,15539
GTGTCGTATAGCGTTC-1,1,54,76,16938,15683
ATACGTACTTAGCCAC-1,1,55,77,17189,15828
GCTATCATACTCATGG-1,1,54,78,16938,15972
TATCCAATTGGTTATC-1,1,55,79,17189,16116
TCTCCCTGGGCAGCGT-1,1,54,80,16938,16261
CCTATAATGAGTGCCC-1,1,55,81,17189,16405
CAATGCGAGAAGTATC-1,1,54,82,16938,16549
TACCAATAAAGTACCA-1,1,55,83,17189,16694
GCTAGGCACCACGGAG-1,1,54,84,16938,16838
GGTGGACTGCTCTGGC-1,1,55,85,17189,16982
TATTCCGAGCTGTTAT-1,1,54,86,16938,17127
TTGAGAAGTTTAGCAT-1,1,55,87,17189,17271
GTCCGGACCTGAAATT-1,1,54,88,16938,17415
CTGTGGTCGGGAGATA-1,1,55,89,17190,17560
CATGTAAGAGACATTT-1,1,54,90,16939,17704
CACGTTTCGTACACAC-1,1,55,91,17190,17848
CATCCTCTCAAAGATC-1,1,54,92,16939,17993
GATTAACCGAAAGCCC-1,1,55,93,17190,18137
AACGCTGTTGCTGAAA-1,1,54,94,16939,18281
TTCAGCTGGCGTGCCC-1,1,55,95,17190,18426
TAGAGGTTCTACTTGT-1,1,54,96,16939,18570
GTATCAAACGTTAGCT-1,1,55,97,17190,18714
AATCATGTAAAGACTC-1,1,54,98,16939,18859
AGTCACTAGCTCTCGA-1,1,55,99,17190,19003
GCGAAACGATCGGGAG-1,1,54,100,16939,19147
CATGGATTGTCTTCCG-1,1,55,101,17190,19292
ATTGGATTACAGCGTA-1,1,54,102,16939,19436
CACACACGCTAACGAG-1,1,55,103,17190,19580
CTATGGGAAGCGGAAT-1,1,54,104,16939,19725
TGCCTAATTGAAGATT-1,1,55,105,17191,19869
TGGCAATGGGACGGCG-1,1,54,106,16939,20013
ACCTCCGCCCTCGCTG-1,1,55,107,17191,20158
CGGCAATAAGATCGCC-1,1,54,108,16940,20302
CCTTGACCACTTTATT-1,1,55,109,17191,20446
TCATTTAGAAGTGTGA-1,1,54,110,16940,20591
CAGAATAACACACGGA-1,1,55,111,17191,20735
TCTGAGCAATTGACTG-1,1,54,112,16940,20879
CAACGTGGTGGAGTCT-1,1,55,113,17191,21024
CACAGTTCGCTTCCCA-1,1,54,114,16940,21168
TCTCTCGCCGCACATA-1,1,55,115,17191,21312
TGGGCAGGCCACCGCA-1,1,54,116,16940,21457
CTCCTGTTCAAGGCAG-1,1,55,117,17191,21601
TATTTGATTTGCACAG-1,1,54,118,16940,21745
GCCACTCCTTACGGTA-1,1,55,119,17191,21890
ACCGATATTTAATCAT-1,1,54,120,16940,22034
TTATTATCTGGAAGGC-1,1,55,121,17192,22178
TACATGCCGGAATTGT-1,1,54,122,16940,22323
GGCACTCAGCCGACCC-1,1,55,123,17192,22467
AAACCGGAAATGTTAA-1,1,54,124,16941,22611
AGACAGGCATCTCAGC-1,1,55,125,17192,22756
GTGGTGATGGTTTGTG-1,1,54,126,16941,22900
CCGATATGACGTAAGG-1,1,55,127,17192,23044
CATACACAAAGTCAGC-1,1,56,0,17435,4714
TGCCGTTCTTAATCGG-1,1,57,1,17687,4858
TCGAGTCTACGATTCG-1,1,56,2,17436,5002
ACTTCCAGTGGAAGCT-1,1,57,3,17687,5147
CAATTGGGCCGCACTC-1,1,56,4,17436,5291
AAATCGCGGAAGGAGT-1,1,57,5,17687,5435
ATATCAATTCCAGCCT-1,1,56,6,17436,5580
CTTTGTCGAATGCTCC-1,1,57,7,17687,5724
TGAGGCATGTACTGTG-1,1,56,8,17436,5868
TTCGCCGCTCGCGCTA-1,1,57,9,17687,6013
GACTCCTTCCAATTGA-1,1,56,10,17436,6157
ACCGAAGAGTCTGGTT-1,1,57,11,17687,6301
TGGCATGAAGTTTGGG-1,0,56,12,17436,6446
ACGAGGTTTACAACGT-1,1,57,13,17687,6590
AACCCATCCCATGATC-1,0,56,14,17436,6734
TCGACAACTGAACCCG-1,0,57,15,17687,6879
TATCTTGCAATACAAC-1,1,56,16,17436,7023
TATTATGTTTGCCTGC-1,1,57,17,17688,7167
GTCAAAGAAGTGGTGT-1,1,56,18,17436,7312
GGGACAGAGTTACTCC-1,1,57,19,17688,7456
AGCAACCGAAAGTAAT-1,1,56,20,17437,7600
CTCTCTAACTGCCTAG-1,1,57,21,17688,7745
ATACGGAACGTCGTTT-1,1,56,22,17437,7889
TCGGTCCCGACAATAG-1,1,57,23,17688,8033
CGCGCAAATGTCCAGA-1,1,56,24,17437,8178
TCTAATACTGCCTCAG-1,1,57,25,17688,8322
CTCGGTTGTCGGCCCT-1,1,56,26,17437,8466
GGTAACCGGGAGGATA-1,1,57,27,17688,8611
CAGGCGCACGGTGGTC-1,1,56,28,17437,8755
TCATCGATGGTCCCAA-1,1,57,29,17688,8899
CAAAGATTATTGGGCC-1,1,56,30,17437,9044
ACAATGAATACGGAGA-1,1,57,31,17688,9188
GCTCCTGACATACTGG-1,1,56,32,17437,9332
GATGACAAGTAGGGCA-1,1,57,33,17689,9477
TACGCCGAGGGTACCC-1,1,56,34,17437,9621
AAGCGTCCCTCATCGA-1,1,57,35,17689,9765
CACTCCTATGTAAGAT-1,1,56,36,17438,9910
TCGAGCCAGGCAGGCC-1,1,57,37,17689,10054
TCGTCAAGTACGCGCA-1,1,56,38,17438,10198
CCCGTAGCTGGGAAGA-1,1,57,39,17689,10343
ACCCTATGCCATATCG-1,1,56,40,17438,10487
GTGGTATAGTCTGCCG-1,1,57,41,17689,10631
CCGGTTTGTAATTGTG-1,1,56,42,17438,10776
GTCGCCGTTGTGTGTT-1,1,57,43,17689,10920
TACTGAACAGATTTAG-1,1,56,44,17438,11064
TATTAACCTGACCGCG-1,1,57,45,17689,11209
CTGTAGCCATCTCACT-1,1,56,46,17438,11353
TACTATGGTTCCTCAG-1,1,57,47,17689,11497
GAGTCAGACCAGAATC-1,1,56,48,17438,11642
TAAGGCATAACATCAA-1,1,57,49,17689,11786
CTTCCGCTCCGTGAAG-1,1,56,50,17438,11930
GGGCTATGATCGATGG-1,1,57,51,17690,12075
GGTCGGTCGTCCACAG-1,1,56,52,17439,12219
GGGACCCGTATATCTT-1,1,57,53,17690,12363
GAAAGCAGTGCACTTT-1,1,56,54,17439,12508
AGCGCATAATGAATCG-1,1,57,55,17690,12652
GCTGCTAAGTAGTCGA-1,1,56,56,17439,12796
AATAGTCCGTCCCGAC-1,1,57,57,17690,12941
AGCAGCCAGATGAATA-1,1,56,58,17439,13085
CCTCGCGCTGTGCGAT-1,1,57,59,17690,13229
TTGTGTATGCCACCAA-1,1,56,60,17439,13374
TGCTCGGCGAAACCCA-1,1,57,61,17690,13518
CGATTAAATATCTCCT-1,1,56,62,17439,13662
TGCCGTGGATCGTCCT-1,1,57,63,17690,13807
GTGGACGCATTTGTCC-1,1,56,64,17439,13951
ACCCGGAAACTCCCAG-1,1,57,65,17690,14095
CCGCATGTGGTACGAT-1,1,56,66,17439,14240
GCAAACCTTGGCCATA-1,1,57,67,17691,14384
ATTCACTGATGTTGGA-1,1,56,68,17439,14528
ACTCCCTAATGCTAAA-1,1,57,69,17691,14673
TCCTAAATTGGGAAGC-1,1,56,70,17440,14817
GAACAGATTACTAAAT-1,1,57,71,17691,14961
ATACAGGCCCTCCAAT-1,1,56,72,17440,15106
CGATTCGCCTGGCTGC-1,1,57,73,17691,15250
TCCGCCTGTCTACAAG-1,1,56,74,17440,15394
CACATCTCACCGACGA-1,1,57,75,17691,15539
CGTCGTCCTTCGCGAA-1,1,56,76,17440,15683
CGTTGAATACCGCGCT-1,1,57,77,17691,15827
ACCAATATGCAAGTTA-1,1,56,78,17440,15972
ACGGATGGTGCGGATA-1,1,57,79,17691,16116
CACCCTAACAAGATCT-1,1,56,80,17440,16260
AAGCTCTTTCATGGTG-1,1,57,81,17691,16405
CATGGGTATGCCTTAT-1,1,56,82,17440,16549
GCGCGTCATTGGTACA-1,1,57,83,17692,16693
TCTGAAGCACGTGGTC-1,1,56,84,17440,16838
AAGTTCACTCCAAGCT-1,1,57,85,17692,16982
TTGGACCTATAACAGT-1,1,56,86,17441,17126
ATCAGCCTCATGCTGC-1,1,57,87,17692,17271
AGTACTCTTATGCCCA-1,1,56,88,17441,17415
GCGCTTAAATAATTGG-1,1,57,89,17692,17559
TTGTGAACCTAATCCG-1,1,56,90,17441,17704
AGTCGTCGACCACCAA-1,1,57,91,17692,17848
TCCTTTAAATCCGCTT-1,1,56,92,17441,17993
ACTGAAACGCCGTTAG-1,1,57,93,17692,18137
GCACACACTGGTAGCC-1,1,56,94,17441,18281
TAAGGGCCTGTCCGAT-1,1,57,95,17692,18425
GCTAGAGTAGAGATGT-1,1,56,96,17441,18570
CACAGGGCCATATAGT-1,1,57,97,17692,18714
CCATGCCCTAGATTTC-1,1,56,98,17441,18859
TCGCGTAGCAGTGTCC-1,1,57,99,17692,19003
GACGAGGCTAATAAAC-1,1,56,100,17441,19147
CTACACTCGCAGATGG-1,1,57,101,17693,19291
ACGCATACGTTTACTA-1,1,56,102,17442,19436
GGAGCAACATTTCAAG-1,1,57,103,17693,19580
CGAGAGGGTAGCCGCG-1,1,56,104,17442,19725
TCGTGTTCGACCACAA-1,1,57,105,17693,19869
TCTACCCAATAGAGAG-1,1,56,106,17442,20013
ATAAACGTTGCACCAC-1,1,57,107,17693,20157
TCAACTGCAGAGTCAG-1,1,56,108,17442,20302
AGCTCCATATATGTTC-1,1,57,109,17693,20446
GTAACATCTAAGATAA-1,1,56,110,17442,20591
CCGACAATAGGCCGCC-1,1,57,111,17693,20735
ATGCTTAGGAGTTGAT-1,1,56,112,17442,20879
AACCCGAGCAGAATCG-1,1,57,113,17693,21023
CGGGTTTGTTAGGGCT-1,1,56,114,17442,21168
AGGCACGTGACTGTCC-1,1,57,115,17693,21312
GACAAGAGATGAGATT-1,1,56,116,17442,21457
AGCCCTTGGACATCCC-1,1,57,117,17694,21601
GCAGTTCGATCCGAGC-1,1,56,118,17442,21745
TCGAGGGCAACAGACG-1,1,57,119,17694,21889
ACTTTGTCGACGCACT-1,1,56,120,17443,22034
GAGTATCAAAGTTACA-1,1,57,121,17694,22178
CCAGGCTGGCGTCTGA-1,1,56,122,17443,22323
GGACTCTTCCGGTTGA-1,1,57,123,17694,22467
TCCCAGCACACGACAT-1,1,56,124,17443,22611
GCTCCATGAGTGCAGA-1,1,57,125,17694,22755
GCAGTGCGGGCGGATG-1,1,56,126,17443,22900
GCGTTCTGACTAAGCG-1,1,57,127,17694,23044
ATTTGGAGATTGCGGT-1,1,58,0,17938,4713
AAGGGTTTGATTTCAG-1,1,59,1,18189,4858
CCGGCCGCGAGCATAT-1,1,58,2,17938,5002
GAGTTCTGTGGGTGCT-1,1,59,3,18189,5146
AAACGAAGATGGAGTA-1,1,58,4,17938,5291
AATTACGAGACCCATC-1,1,59,5,18189,5435
CCTTTGAATTATGGCT-1,1,58,6,17938,5579
CATGGTATTAGTTTGT-1,1,59,7,18189,5724
AACGAAAGTCGTCCCA-1,1,58,8,17938,5868
ACATAAGTCGTGGTGA-1,1,59,9,18189,6012
GCACAACCTCGGGCGT-1,1,58,10,17938,6157
ATGCACGCGCTGTTCA-1,1,59,11,18189,6301
CGATGTTGTTATCTAC-1,1,58,12,17938,6446
GTCTCCTGCCAGTATG-1,1,59,13,18190,6590
GATGCCTTCTGCGGCA-1,1,58,14,17939,6734
ACCGGTCAGGTACACC-1,1,59,15,18190,6878
GTGGAGCGTTTACCGA-1,1,58,16,17939,7023
AGGCGGTTTGTCCCGC-1,1,59,17,18190,7167
TCCCTGGCGTATTAAC-1,1,58,18,17939,7312
AAACACCAATAACTGC-1,1,59,19,18190,7456
TGGACGCAATCCAGCC-1,1,58,20,17939,7600
GGAACCTTGACTCTGC-1,1,59,21,18190,7744
GTATCTCAGTCTTGAC-1,1,58,22,17939,7889
GCTGAATCTTCCAATC-1,1,59,23,18190,8033
AGATGCAAGACGTGCA-1,1,58,24,17939,8178
TTAAGGCCCGTACTTT-1,1,59,25,18190,8322
AGTATGCTGGAGACCA-1,1,58,26,17939,8466
GCGGCAAAGTATTGCC-1,1,59,27,18190,8610
GCGCAAATATATTCAA-1,1,58,28,17939,8755
GAAGAAACGATATTGT-1,1,59,29,18191,8899
GGACCTCTAGGCCGCC-1,1,58,30,17939,9044
AACAGCTGTGTGGCAA-1,1,59,31,18191,9188
TCGAATATCCCGCAGG-1,1,58,32,17940,9332
GCGACCCAACCATCTG-1,1,59,33,18191,9476
AGAGAAGGAGTACAAT-1,1,58,34,17940,9621
GGCTCCTCCACCTGTT-1,1,59,35,18191,9765
TCAGTGTATACGTCAT-1,1,58,36,17940,9910
ATTATTATGTCCGTCA-1,1,59,37,18191,10054
TTAGGTCATAACCGAC-1,1,58,38,17940,10198
AAGATGGCACCGGACC-1,1,59,39,18191,10342
CTACAAGAAATAACCC-1,1,58,40,17940,10487
ACTATTTCCGGGCCCA-1,1,59,41,18191,10631
TTGTTTCACATCCAGG-1,1,58,42,17940,10776
CGCTGTGTGGATGTTG-1,1,59,43,18191,10920
TCAACATAGCGCCCTA-1,1,58,44,17940,11064
GGCCGTTTGGGTTTCA-1,1,59,45,18192,11208
TACTCTTTCGTCTTCA-1,1,58,46,17940,11353
TTCGCGCGCCATACGA-1,1,59,47,18192,11497
CGGAAAGAATCAAACG-1,1,58,48,17941,11642
AGGCAGGGAGCGTACT-1,1,59,49,18192,11786
CCTTTAAGGGAGCACT-1,1,58,50,17941,11930
CGCCCAGCACGCCTAG-1,1,59,51,18192,12074
AGTATTTGGCACGACC-1,1,58,52,17941,12219
TATCCGCACCGTCGGG-1,1,59,53,18192,12363
ACCCGTGTCATCAGTA-1,1,58,54,17941,12508
CAACTGCTCATCCGAT-1,1,59,55,18192,12652
CCGGAGCGTACTTTCT-1,1,58,56,17941,12796
TACCGTAGGTTAACTA-1,1,59,57,18192,12940
TGAGGAGTGCCAGCTT-1,1,58,58,17941,13085
CCAGTCTTGTCATAGA-1,1,59,59,18192,13229
GGGCAGAGCAATCGTT-1,1,58,60,17941,13374
TACCAAATAGCCCAGA-1,1,59,61,18192,13518
TACCTACTCCCAGTAT-1,1,58,62,17941,13662
TGTGAGACTAGCCCAA-1,1,59,63,18193,13806
ATACCTAACCAAGAAA-1,1,58,64,17942,13951
GTCGGGAAGCAGAAAC-1,1,59,65,18193,14095
AATTAACGGATTTCCA-1,1,58,66,17942,14240
GAACCCTCTGTGTTCT-1,1,59,67,18193,14384
ATATAAAGCGCTCGTG-1,1,58,68,17942,14528
CCTGGTCGAATGTGGG-1,1,59,69,18193,14672
CTAGGTTCGGACGTGA-1,1,58,70,17942,14817
TCGGGAGACAGCGTAC-1,1,59,71,18193,14961
CATAAGAAGCTTGGCT-1,1,58,72,17942,15106
AAGCACCCTGCGTATC-1,1,59,73,18193,15250
AGTTTGCACCTGCCTC-1,1,58,74,17942,15394
GACTGCAAATCGAGCT-1,1,59,75,18193,15539
GTGTATATCAGCGGGC-1,1,58,76,17942,15683
CTTCAACTCCACTTGG-1,1,59,77,18193,15827
ACTTACGCATCCACGC-1,1,58,78,17942,15972
CATGAGATGCACTCTC-1,1,59,79,18194,16116
GAGCACCTGTGTCCAG-1,1,58,80,17942,16260
CGCGACCGCGACAGAT-1,1,59,81,18194,16405
GTCCCGCGACGTTATG-1,1,58,82,17943,16549
GCAGTGTGGCTATAGG-1,1,59,83,18194,16693
ATACTGCCTTACACCG-1,1,58,84,17943,16838
TACAGAAACGGTGGGC-1,1,59,85,18194,16982
GGCGCGGAGATCTTTC-1,1,58,86,17943,17126
CGTTAATGTCCCGACG-1,1,59,87,18194,17271
GCTAACTGAAGTCTGA-1,1,58,88,17943,17415
AGTGATAACCTGCGCG-1,1,59,89,18194,17559
TATGATCTTCTCTTTA-1,1,58,90,17943,17704
TGTACCTACACGAGGG-1,1,59,91,18194,17848
ATATCGTTCCTCGAAC-1,1,58,92,17943,17992
CGGCGCCATCAATCCC-1,1,59,93,18194,18137
CCTGTTTGAAGACACG-1,1,58,94,17943,18281
GCCACTCAGAGCGCGA-1,1,59,95,18195,18425
TCGGCTTGTATCGACG-1,1,58,96,17943,18570
TAGATGGTTCCTTACT-1,1,59,97,18195,18714
ATCGTTAGCTAGCGGA-1,1,58,98,17944,18858
ACAGCGACATTCTCAT-1,1,59,99,18195,19003
ATTCAACCATTTAAGG-1,1,58,100,17944,19147
CACTCTTCTGCTAGCC-1,1,59,101,18195,19291
CTAACTGATAATCGCC-1,1,58,102,17944,19436
TGATGTCAATTAAGTG-1,1,59,103,18195,19580
CGCCGTTCAGCATAGT-1,1,58,104,17944,19724
ATACTACCCGTACCAC-1,1,59,105,18195,19869
CCACTGTTTGGATTAA-1,1,58,106,17944,20013
CACTACGGGAGCTGCC-1,1,59,107,18195,20157
GACCAAACGTTGACTG-1,1,58,108,17944,20302
AAGAGGCCCTTTGGAA-1,1,59,109,18195,20446
ACACGTAGGCCACAAG-1,1,58,110,17944,20590
TACTCTTACTTTACTG-1,1,59,111,18196,20735
AGAGCCGCCGAGATTT-1,1,58,112,17944,20879
GGCCTGCTTCTCCCGA-1,1,59,113,18196,21023
TCAAGCGCGGACGGTA-1,1,58,114,17945,21168
ACACTGGGACAGTCGT-1,1,59,115,18196,21312
TGTGTAGTAGCACGTG-1,1,58,116,17945,21456
CTAGCCACAGGCGAGC-1,1,59,117,18196,21601
CTATCGCGTAGAGAAC-1,1,58,118,17945,21745
GTTCCCGTAAACATAT-1,1,59,119,18196,21889
TCTTTCCTTCGAGATA-1,1,58,120,17945,22034
ATATTGGAGAGGCCTT-1,1,59,121,18196,22178
AGGCGATAACTGGCGT-1,1,58,122,17945,22322
ACCCGGAGCACCACAA-1,1,59,123,18196,22467
TGAGCTCAACTGTATA-1,1,58,124,17945,22611
ACGACCCATGAGTTGC-1,1,59,125,18196,22755
CGGTCAGTCCATATTT-1,1,58,126,17945,22900
TCCGGCTGTCGGGTCG-1,1,59,127,18196,23044
ATTCCCGAAGGTACAG-1,1,60,0,18440,4713
CTAACAGCACAATAAC-1,1,61,1,18691,4858
TTGTGCGGAAGCGGAT-1,1,60,2,18440,5002
GGGCACTATTGACCAT-1,1,61,3,18691,5146
CCATAGAGGCTGCCAG-1,1,60,4,18440,5291
CCGAAGCATTGACCAA-1,1,61,5,18691,5435
TACTGAGGGAAGAAAG-1,1,60,6,18440,5579
TATGTAGAAACCCGGC-1,1,61,7,18692,5724
TGGTTAACTTACATTT-1,1,60,8,18440,5868
AGAACCCTCAATTGGG-1,1,61,9,18692,6012
CCTATATCGTGTCACG-1,1,60,10,18441,6157
ACGGCTGGATGTAGAA-1,1,61,11,18692,6301
CTCGCATTGCATAGCC-1,1,60,12,18441,6445
ACTTTGGTCGTGCTCC-1,1,61,13,18692,6590
GCTGGTTTAGGCCATA-1,1,60,14,18441,6734
TGTCGTTATCACATAT-1,1,61,15,18692,6878
ACACATGATCAAATCT-1,1,60,16,18441,7023
TATCCATCTCGGTTAG-1,1,61,17,18692,7167
CTCGTCGAGGGCTCAT-1,1,60,18,18441,7311
ATCAATGCCGTGGCTG-1,1,61,19,18692,7456
GAAACATAGGAAACAG-1,1,60,20,18441,7600
TAATAGGTCACCAGAA-1,1,61,21,18692,7744
CACCAGTCAGCATGCA-1,1,60,22,18441,7889
GAGCGCTGTTAGGTAA-1,1,61,23,18692,8033
CCCTATGTAGAGCAGA-1,1,60,24,18441,8177
GATCGCTATATCTCAG-1,1,61,25,18693,8322
AAGGGACTATGCATTC-1,1,60,26,18442,8466
CTCGGGTTCTCTGGCC-1,1,61,27,18693,8610
TATATATCGAGAAATG-1,1,60,28,18442,8755
ACCCGAGCGAAATTAC-1,1,61,29,18693,8899
TTGTTTCATTAGTCTA-1,1,60,30,18442,9043
ATGGGACCTGCTGAAC-1,1,61,31,18693,9188
TGCGACGGCCGAACGT-1,1,60,32,18442,9332
AGCTAACAAGCAATGT-1,1,61,33,18693,9476
CGTGTCTCGTTACGAC-1,1,60,34,18442,9621
CTAAATCCGGTGTACA-1,1,61,35,18693,9765
GAATAGTGCTCGATTA-1,1,60,36,18442,9909
AACAATACATTGTCGA-1,1,61,37,18693,10054
CACATCGTGCACGCGC-1,1,60,38,18442,10198
ACCGTGACCACGTGGG-1,1,61,39,18693,10342
CCCAATGAGATTTGCA-1,1,60,40,18442,10487
TCAGCAGTAGGCCCTG-1,1,61,41,18694,10631
CTACTCAAGGTATAGT-1,1,60,42,18442,10775
TAGTAGCTTATACCAG-1,1,61,43,18694,10920
ACGTTCGTTCAGGAAA-1,1,60,44,18443,11064
TTAGAATAAGGGTCGG-1,1,61,45,18694,11208
TTCTAGAAAGTCTTAT-1,1,60,46,18443,11353
CCTTCAGTTAAAGTGA-1,1,61,47,18694,11497
TAGCTAGTGATGATGG-1,1,60,48,18443,11641
AGCCCGGTAGCCTGTA-1,1,61,49,18694,11786
TACCTCAGTTGTCTGT-1,1,60,50,18443,11930
GACGGGTTGGCCCGTA-1,1,61,51,18694,12074
GAAACCTATACAAATG-1,1,60,52,18443,12219
TCCACCTCTAGCCTTT-1,1,61,53,18694,12363
AAGACCCAACTGAACA-1,1,60,54,18443,12507
CATACACGGTTCCCAC-1,1,61,55,18694,12652
ACTACGCGTTAGAATT-1,1,60,56,18443,12796
CTTGGCCAAGCTGGGA-1,1,61,57,18695,12940
TTACCCTAGGGATTGG-1,1,60,58,18443,13085
TTCGCACTGTACGACA-1,1,61,59,18695,13229
TAGGTGTTCCACAGAT-1,1,60,60,18444,13373
GAAGCCTGCACATTCC-1,1,61,61,18695,13518
GGCTTTCAATAAGGGT-1,1,60,62,18444,13662
TCCAGGGTATATACGA-1,1,61,63,18695,13806
CTCGCCGAATGTAGGG-1,1,60,64,18444,13951
AGGAAGCTGTCCGCCG-1,1,61,65,18695,14095
GTCTCAAGGCCCGGCT-1,1,60,66,18444,14239
ACCGACACATCTCCCA-1,1,61,67,18695,14384
TATACGCGTCATCACT-1,1,60,68,18444,14528
ATCTGGGCTGTTCTTG-1,1,61,69,18695,14672
TCAAATTTGAGACTCA-1,1,60,70,18444,14817
GTTAAGGGTGCGATGT-1,1,61,71,18695,14961
AGCAAAGGCCGCTAGT-1,1,60,72,18444,15105
TTATAGGTAATTGTCT-1,1,61,73,18695,15250
TTGTGCAGCCACGTCA-1,1,60,74,18444,15394
ACGGACTCTCAAAGCG-1,1,61,75,18696,15538
ATGCTCTGGCGCGGTA-1,1,60,76,18445,15683
ATAATCTTGGAGAACC-1,1,61,77,18696,15827
CTCATTGCTCTAACAA-1,1,60,78,18445,15971
TAGGTGACGATAACCT-1,1,61,79,18696,16116
CGGATCCTCAAGGACT-1,1,60,80,18445,16260
GGGCGTGGTTTCCCAG-1,1,61,81,18696,16404
TGGCTATGTGACATAC-1,1,60,82,18445,16549
CTTAGTGTAGTAGCAT-1,1,61,83,18696,16693
GGATTGCTGTGACTCC-1,1,60,84,18445,16837
ACTTCCATGCGGGACA-1,1,61,85,18696,16982
ACTCAAGTGCAAGGCT-1,1,60,86,18445,17126
ACAAGGATGCTTTAGG-1,1,61,87,18696,17270
TTGAACGACGTGCTGA-1,1,60,88,18445,17415
ATTCATCGTTGAGGCA-1,1,61,89,18696,17559
TGCAACCCATCTGCGG-1,1,60,90,18445,17703
AGTGCTAAACACAGCA-1,1,61,91,18697,17848
AACTCCAGAGCGTGTT-1,1,60,92,18445,17992
TCTCCACAAGTTGAAT-1,1,61,93,18697,18136
CTTTGCATCGCTCTTG-1,1,60,94,18446,18281
TCACAAACCGAGGTAC-1,1,61,95,18697,18425
CCGTAGGAAATCCCTG-1,1,60,96,18446,18569
AAACATTTCCCGGATT-1,1,61,97,18697,18714
GCCTCCGACAATTCAC-1,1,60,98,18446,18858
TCTGCATACCTTGCTT-1,1,61,99,18697,19002
ACCCATTTGTCCCTCT-1,1,60,100,18446,19147
CTGCAGAGAATCAGAG-1,1,61,101,18697,19291
GGAAACTAAATGGGCC-1,1,60,102,18446,19435
CAACCTACCGAGCAGT-1,1,61,103,18697,19580
CCGTAGGGTTGTTTAC-1,1,60,104,18446,19724
GGTTTGTGACCTGAGG-1,1,61,105,18697,19868
TAACCTAGGGAGTCCA-1,1,60,106,18446,20013
TTCCATCGACAGCGTG-1,1,61,107,18698,20157
ATCTCCCACGGAATAT-1,1,60,108,18446,20301
GTTTCAAACGAGTTGT-1,1,61,109,18698,20446
GGAACTTTGGCGATTA-1,1,60,110,18447,20590
CTGCAAGCACGTTCCG-1,1,61,111,18698,20734
CACAGTCCCGCTTCGC-1,1,60,112,18447,20879
TACGCTCGGTATTGGA-1,1,61,113,18698,21023
CTGGTAAAGTGTGGGC-1,1,60,114,18447,21167
CAACCAGTGGCCTACC-1,1,61,115,18698,21312
TCTTCGCGGTGAGAGG-1,1,60,116,18447,21456
TTCGGGTTGCCACGGG-1,1,61,117,18698,21600
ACCGATAGGCATAACC-1,1,60,118,18447,21745
CTTATAGATGGCTGTT-1,1,61,119,18698,21889
AGACGCCCACTTCGCC-1,1,60,120,18447,22033
AGGTCGCCTCCCAACA-1,1,61,121,18698,22178
CCTCACGTCAGCTAAT-1,1,60,122,18447,22322
CCACCTGTATGGAATA-1,1,61,123,18699,22466
GGACTCGAAGCTTTCA-1,1,60,124,18447,22611
AAGCCGGAGAGCAGGA-1,1,61,125,18699,22755
GCCTATCAGGTAAGAT-1,1,60,126,18448,22899
TCAGAGTGTGAGCATG-1,1,61,127,18699,23044
AAACATGGTGAGAGGA-1,1,62,0,18942,4713
ATCATTGTACCGCATT-1,1,63,1,19193,4857
TCAGCTTGAGCTTTCG-1,1,62,2,18942,5002
CCGCGCAAGATACCCA-1,1,63,3,19194,5146
CTATACTTAAAGCGAG-1,1,62,4,18942,5290
ACCGTCCACTGGGCCC-1,1,63,5,19194,5435
AAGACCAAATAACTCA-1,1,62,6,18943,5579
TGTTTCTGAAGCGTGC-1,1,63,7,19194,5723
TTCTCTTACAGGTGAT-1,1,62,8,18943,5868
AATTCATTGTCATGCA-1,1,63,9,19194,6012
GCCCGAGAGTCTAAAT-1,1,62,10,18943,6156
ATATAGAGTATTGGTC-1,1,63,11,19194,6301
TTGAAGGATGGGCGCC-1,1,62,12,18943,6445
TAGTACCACAACTTTC-1,1,63,13,19194,6589
ATCCCATCCACAGCGC-1,1,62,14,18943,6734
CTTAGGTATAGACCAG-1,1,63,15,19194,6878
TGACTCCGAATCATAC-1,1,62,16,18943,7022
ACTACATCCCGACAAG-1,1,63,17,19194,7167
TTGCCGCAGACCTACA-1,1,62,18,18943,7311
TAAGAGGGACAGGGAC-1,1,63,19,19195,7455
CGAATGAAGTCATTGC-1,1,62,20,18943,7600
AAGGGAACGACTGGCT-1,1,63,21,19195,7744
CGAATCTGCTCGACGC-1,1,62,22,18944,7888
ATCGTGGAAAGTCTGG-1,1,63,23,19195,8033
CCTATGGCTCCTAGTG-1,1,62,24,18944,8177
CGTCGCTTGGTTATAC-1,1,63,25,19195,8321
TGCTTAGAGAGAATGC-1,1,62,26,18944,8466
GATTGCTCCAGTTGCA-1,1,63,27,19195,8610
CGTGCTTCTACCTAAA-1,1,62,28,18944,8754
ACTCCAATATCATCAT-1,1,63,29,19195,8899
GCCGACCCACGACTGC-1,1,62,30,18944,9043
GAGGGTAGTAACAAAG-1,1,63,31,19195,9187
GGCCGAGACTCTGGTG-1,1,62,32,18944,9332
TATATAGGGCTTTACG-1,1,63,33,19195,9476
TGCCGGATGTACGAGC-1,1,62,34,18944,9620
AGGTAGATCGAGATAT-1,1,63,35,19195,9765
GATCAACATAAAGGGA-1,1,62,36,18944,9909
TAACAGCGTTTGTGCT-1,1,63,37,19196,10053
CTATAGGCGTTGATGT-1,1,62,38,18945,10198
GGTTTAATTACCATCG-1,1,63,39,19196,10342
CTCTTCTGGAAGTTAG-1,1,62,40,18945,10486
ATCTGACATGGAAGGA-1,1,63,41,19196,10631
TACGTACTAGTGCTGA-1,1,62,42,18945,10775
ATGACTATCAGCTGTG-1,1,63,43,19196,10919
CTTTGGGATTGTTGCA-1,1,62,44,18945,11064
AGACTGTTACCGGGTC-1,1,63,45,19196,11208
TCCTAACCGTCGGGCA-1,1,62,46,18945,11352
ACGCAAACTAATAGAT-1,1,63,47,19196,11497
AAGTGAGTCGGGTTTA-1,1,62,48,18945,11641
TAAAGCGGTATTTCCA-1,1,63,49,19196,11785
CTCCTCCAGCTCACAC-1,1,62,50,18945,11930
CGGTCCGTCGCAAGCC-1,1,63,51,19196,12074
CCTATATTTGTCCTGG-1,1,62,52,18945,12218
TCCAATAAAGGCTACC-1,1,63,53,19197,12363
AAAGGCTACGGACCAT-1,1,62,54,18945,12507
CGTGACCAGTCCTCTG-1,1,63,55,19197,12651
GATCTGCTATCTAAGG-1,1,62,56,18946,12796
CGAATGACGCATAATG-1,1,63,57,19197,12940
GCTCAATGTAATACCG-1,1,62,58,18946,13084
CTATGCCCGAATGCAA-1,1,63,59,19197,13229
CACAGGGCCGTTGTCA-1,1,62,60,18946,13373
TCAATACGCCGTCATG-1,1,63,61,19197,13517
AGCGGACACTTCGTAG-1,1,62,62,18946,13662
ATACGTTATGCACGGA-1,1,63,63,19197,13806
GAGTAGATACTAGTTG-1,1,62,64,18946,13951
CCAGCTCGAACGCATT-1,1,63,65,19197,14095
TGCTTCCCAAGCAGTA-1,1,62,66,18946,14239
GTAGACACGCCTGACT-1,1,63,67,19197,14383
CTCACATTTACTAAAT-1,1,62,68,18946,14528
GAATGCGAATCGGTTC-1,1,63,69,19198,14672
TAAGGCCCGTCACCCT-1,1,62,70,18946,14817
GAGTATGCGCGTGCAT-1,1,63,71,19198,14961
ATCCACATCGACAGAA-1,1,62,72,18947,15105
TAGACGAAACGCCAAT-1,1,63,73,19198,15249
CAGCAGTCTGTGCTGC-1,1,62,74,18947,15394
CTCACTGTGATACTTA-1,1,63,75,19198,15538
TTAATTGCTTTGGGTG-1,1,62,76,18947,15683
GTAGTCTACGATATTG-1,1,63,77,19198,15827
TTGCCGCTTTCTAGTA-1,1,62,78,18947,15971
GAACCTTTAACGATCC-1,1,63,79,19198,16115
TGGACCAATCTAAGAT-1,1,62,80,18947,16260
CTAGTAGAAAGGGATT-1,1,63,81,19198,16404
AACCTCGCTTTAGCCC-1,1,62,82,18947,16549
GAGTGTCAACCAGAAA-1,1,63,83,19198,16693
GTGATCCTTGTCATGA-1,1,62,84,18947,16837
CTCAACTAACCCGGAT-1,1,63,85,19199,16981
AGTGGCGTCTGAAGGT-1,1,62,86,18947,17126
GGGAAGGGCTTTCTCA-1,1,63,87,19199,17270
AGGCCTGAGAATCTCG-1,1,62,88,18948,17415
AGCCACAGGTTACCCG-1,1,63,89,19199,17559
TGCAATCTAACACGGT-1,1,62,90,18948,17703
GTTTGGGTTTCGCCCG-1,1,63,91,19199,17847
CCTATGTCCACTCCAC-1,1,62,92,18948,17992
CTGCCTTTCTAGTAAA-1,1,63,93,19199,18136
TTAGTAAACCTGCTCT-1,1,62,94,18948,18281
TTGTGGTGGTACTAAG-1,1,63,95,19199,18425
CCTCCTGTTGTGTCGT-1,1,62,96,18948,18569
ACAAAGCATGACCTAG-1,1,63,97,19199,18713
ATAGCAACTAGGGAAG-1,1,62,98,18948,18858
CCGCTCTTCCGAACTA-1,1,63,99,19199,19002
TAGAATAGCCGATGAA-1,1,62,100,18948,19147
GGTCTCCGTCCAGGTT-1,1,63,101,19199,19291
TAATTACGTCAGTAGA-1,1,62,102,18948,19435
TACGTAAAGCGGAGTG-1,1,63,103,19200,19579
GCTACAATCGAGGATA-1,1,62,104,18949,19724
TCAGCCAATCCGTAAA-1,1,63,105,19200,19868
ATCATAGCCCTATGTA-1,1,62,106,18949,20013
GAGGCCTGTTGATACA-1,1,63,107,19200,20157
ATATACGCTCGTGACG-1,1,62,108,18949,20301
CCCTTTAATGGAGTTC-1,1,63,109,19200,20445
TTACACGATCTGCGAC-1,1,62,110,18949,20590
TCGCATAAAGGGCGCA-1,1,63,111,19200,20734
TGTAGCCATCCCATTC-1,1,62,112,18949,20879
GGGTCTATCGCTTTCC-1,1,63,113,19200,21023
GGAGGGTCAAGTAAGA-1,1,62,114,18949,21167
TACGGCATGGACGCTA-1,1,63,115,19200,21311
CACGTCAATCAATGGA-1,1,62,116,18949,21456
CGCTTGGACGGATAGA-1,1,63,117,19200,21600
CGCGGTACGGTATACA-1,1,62,118,18949,21745
CCTACTCAACACGATT-1,1,63,119,19201,21889
CGTTTGGTGTTGTGGG-1,1,62,120,18949,22033
GTTGTTGCAAGATGGC-1,1,63,121,19201,22177
CATTCGTCGTAGCGGT-1,1,62,122,18950,22322
CAGCCTCGATAGCGGT-1,1,63,123,19201,22466
TCATAAGTCCAAGAAG-1,1,62,124,18950,22611
AAAGTGCCATCAATTA-1,1,63,125,19201,22755
GTTGCAGTCGACAACA-1,1,62,126,18950,22899
TAAATGGGCTACTGAG-1,1,63,127,19201,23043
GGACAAGCCATGATCG-1,1,64,0,19445,4713
TCCAATGCGTCGCCGC-1,1,65,1,19696,4857
AAAGAATGACCTTAGA-1,1,64,2,19445,5002
CCTATTATTCCGGCCG-1,1,65,3,19696,5146
CAGTAAGGGACGTCTC-1,1,64,4,19445,5290
GGGATGGACCCGCGTC-1,1,65,5,19696,5434
GACGCATACCCGTCGG-1,1,64,6,19445,5579
GGGCAGGATTTCTGTG-1,1,65,7,19696,5723
TATCTGAGCCGATATT-1,1,64,8,19445,5868
AATGTATGGCACTGTA-1,1,65,9,19696,6012
GCCTTTGTCAGTGGAC-1,1,64,10,19445,6156
AACCATAGGGTTGAAC-1,1,65,11,19696,6300
AAACTTAATTGCACGC-1,1,64,12,19445,6445
TAGGCGGCTGCAAAGA-1,1,65,13,19696,6589
TCCATCAATACTAATC-1,1,64,14,19445,6734
ACCTCGAACTTATGCT-1,1,65,15,19697,6878
ACAAACCATGCGTCCT-1,1,64,16,19445,7022
ACACCGGTCTGACCGC-1,1,65,17,19697,7166
ATGGCAGCATTACGAT-1,1,64,18,19446,7311
CTGGTGAATGGGCCTA-1,1,65,19,19697,7455
CACAGAGACGAGGACG-1,1,64,20,19446,7600
GCACAAACCCTAGATG-1,1,65,21,19697,7744
ACTATGTCCAGCTGCC-1,1,64,22,19446,7888
AAGCCGCCGTGAAATC-1,1,65,23,19697,8032
ATGGGTGTATACCTCC-1,1,64,24,19446,8177
TAAGCGCGAATCAAAT-1,1,65,25,19697,8321
AGCCCGGCATTAGAGG-1,1,64,26,19446,8466
GTGATCAAGCGTGCAC-1,1,65,27,19697,8610
CTGCCTTTAATACCTT-1,1,64,28,19446,8754
TACCTCCACACCAATG-1,1,65,29,19697,8898
GAGCATCAACAACTTG-1,1,64,30,19446,9043
CATACGAACTAGCTGG-1,1,65,31,19698,9187
GGGAACGGTTTCAGAT-1,1,64,32,19446,9332
AGGGTGCCGTTCTTTA-1,1,65,33,19698,9476
ACGACTGGTCATACTC-1,1,64,34,19447,9620
GGATCTTACTGCCCTT-1,1,65,35,19698,9764
TACTCCTCTAGTTGAC-1,1,64,36,19447,9909
GTAGCTCCGGGAGGCT-1,1,65,37,19698,10053
GGACTCGTGAGTGGTC-1,1,64,38,19447,10198
GTAGTTCGAAGGCGAA-1,1,65,39,19698,10342
CTCAAACCACTGCCCG-1,1,64,40,19447,10486
GAGGGAGTCAGATCGC-1,1,65,41,19698,10630
GCGTCCCTAAGACATA-1,1,64,42,19447,10775
TCTCTTACCGCGAACC-1,1,65,43,19698,10919
GGCTACTATACACTCC-1,1,64,44,19447,11064
CGTTGCCCGCGTGGGA-1,1,65,45,19698,11208
TATAGAGTCGCTTGAA-1,1,64,46,19447,11352
ATGTTGTAGTCTGTTT-1,1,65,47,19698,11496
AGTATACACAGCGACA-1,1,64,48,19447,11641
TGTGGTTGCTAAAGCT-1,1,65,49,19699,11785
TGATTCCCGGTTACCT-1,1,64,50,19448,11930
CACTGACGATTGTGGA-1,1,65,51,19699,12074
AACATTGTGACTCGAG-1,1,64,52,19448,12218
GTCCAATATTTAGCCT-1,1,65,53,19699,12363
GCTCTTTCCGCTAGTG-1,1,64,54,19448,12507
GGGTCAGGAGCTAGAT-1,1,65,55,19699,12651
AGGTGGTGACCTTCGC-1,1,64,56,19448,12796
CCCGGGTCGTTCAGGG-1,1,65,57,19699,12940
AGCCAAGCTTTGTGTC-1,1,64,58,19448,13084
TGTGGCGGGCTTCTGG-1,1,65,59,19699,13229
CGAGGGTATCCAGGTG-1,1,64,60,19448,13373
CGTTCAGACCCGCGAA-1,1,65,61,19699,13517
TCATATGAGCTTTGTT-1,1,64,62,19448,13662
AGTTGACGGTCCTTGC-1,1,65,63,19699,13806
ATAATTAGCTAAGTAG-1,1,64,64,19448,13950
GGTCTTGAGCGCTCTT-1,1,65,65,19700,14095
CGTTGTCGGCAATTGA-1,1,64,66,19449,14239
TCTTGCTCCCGATACT-1,1,65,67,19700,14383
AGCAGAAGGAGAAAGA-1,1,64,68,19449,14528
GAAGCCACTGATTATG-1,1,65,69,19700,14672
TGCTCTTGAGAGTTTG-1,1,64,70,19449,14816
GACATCCGTCGAACTG-1,1,65,71,19700,14961
AGATATAATACGACTA-1,1,64,72,19449,15105
TCGCTACTGGCTTTGA-1,1,65,73,19700,15249
GTGACAGCTTCCCACT-1,1,64,74,19449,15394
GTGACGCAGGTTTCAT-1,1,65,75,19700,15538
GGGAAGACGGTCTGTC-1,1,64,76,19449,15682
CGTCGCATGTGAGCCA-1,1,65,77,19700,15827
AGAAGGTTGTAGGTCG-1,1,64,78,19449,15971
GGCCGGCGTCTGCTAT-1,1,65,79,19700,16115
TTGACCAGGAACAACT-1,1,64,80,19449,16260
AGTCGTATAAAGCAGA-1,1,65,81,19701,16404
GGCGTAGGGAAAGCTG-1,1,64,82,19449,16548
AAACCTAAGCAGCCGG-1,1,65,83,19701,16693
ATTGCCTTTATGTTTG-1,1,64,84,19450,16837
CAGGCAGTCTTACCAG-1,1,65,85,19701,16981
AGCTAAGTACGCAGGC-1,1,64,86,19450,17126
AAATCCGATACACGCC-1,1,65,87,19701,17270
CGAGAGCTTTCACTAC-1,1,64,88,19450,17414
CGCCCAGCGTTTCACG-1,1,65,89,19701,17559
TTAAGTATTGTTATCC-1,1,64,90,19450,17703
AAACGGGCGTACGGGT-1,1,65,91,19701,17847
GTATCCTTTGGTAACC-1,1,64,92,19450,17992
CATAGTCAAATACATA-1,1,65,93,19701,18136
TCTATGCTATAACGAC-1,1,64,94,19450,18280
ACGTTCTGTACAAGTC-1,1,65,95,19701,18425
CGCGAAGTGGCATACT-1,1,64,96,19450,18569
ACCAACCGCACTCCAC-1,1,65,97,19702,18713
GTCATGCGCGAGGGCT-1,1,64,98,19450,18858
TAGGCTAAAGTGGCAC-1,1,65,99,19702,19002
TGGCTACACTCTACCT-1,1,64,100,19451,19146
TGTCCACGGCTCAACT-1,1,65,101,19702,19291
AATTGCAGCAATCGAC-1,1,64,102,19451,19435
GTCAACCAGGCCTATA-1,1,65,103,19702,19579
ATCTTATCGCACACCC-1,1,64,104,19451,19724
GTCTATTGCATGCTCG-1,1,65,105,19702,19868
GCACGTGGTTTACTTA-1,1,64,106,19451,20012
ATTCGCGCCTTGAGAG-1,1,65,107,19702,20157
AGCGATGCGCCTAATA-1,1,64,108,19451,20301
TCTATAGGTGGGTAAT-1,1,65,109,19702,20445
AGATACCAATAGAACC-1,1,64,110,19451,20590
CGTGTATGGGAGCTGA-1,1,65,111,19702,20734
ATGTACATGCGGTGAG-1,1,64,112,19451,20878
TTGGCTCAATATGTGT-1,1,65,113,19702,21023
GTTCGGAGCACTCAAC-1,1,64,114,19451,21167
TCCCTCTTCTCAAGGG-1,1,65,115,19703,21311
TTACGTATCTATGACA-1,1,64,116,19452,21456
CCCATATAGGTCGATT-1,1,65,117,19703,21600
GTCCACGTCGCATTCG-1,1,64,118,19452,21744
AATTGTGGTTGCCAAA-1,1,65,119,19703,21889
AGGAACGAACGACTTC-1,1,64,120,19452,22033
TAATTCCAATGCTTCA-1,1,65,121,19703,22177
AGGGCCCTAATGTTCT-1,1,64,122,19452,22322
AGGTGTTGCCGACCAC-1,1,65,123,19703,22466
CTGAGAGTAGAAATAC-1,1,64,124,19452,22610
TAGAAGAAGGGTTACA-1,1,65,125,19703,22755
GGTGACTGATAGAGAG-1,1,64,126,19452,22899
TACCCTCGGTAACCCT-1,1,65,127,19703,23043
TGTAAGACTGATAAGA-1,1,66,0,19947,4713
GTCACTCATGAGCGAT-1,1,67,1,20198,4857
CGGTTTACTGAACATT-1,1,66,2,19947,5001
GAGATCGATCTTACTC-1,1,67,3,20198,5146
TCTTTCATCCGTCCTT-1,1,66,4,19947,5290
TCGGATCTGGATGACC-1,1,67,5,20198,5434
GTCCTAGGATACCTTA-1,1,66,6,19947,5579
TGTACCCGACCCTAAT-1,1,67,7,20198,5723
AGGTTCTCCTTTCCGG-1,1,66,8,19947,5867
AATTGCGTGGATTACA-1,1,67,9,20198,6012
CGATAGCGATACAGTG-1,1,66,10,19947,6156
CGCCCTAATTGTTCAA-1,1,67,11,20199,6300
ATTATGAGACCCAATT-1,1,66,12,19948,6445
CCTCCTAGCTAGAGTC-1,1,67,13,20199,6589
CGAAGGGTTTCAGATT-1,1,66,14,19948,6733
CACAAGCTAAGAAAGG-1,1,67,15,20199,6878
CACCGGTAGAGACATT-1,1,66,16,19948,7022
ACTCATGGCAGCCTTC-1,1,67,17,20199,7166
CATCCAATATAGTTTG-1,1,66,18,19948,7311
CAGATATGAAGATGAC-1,1,67,19,20199,7455
GCAAAGGGCGTTAGCC-1,1,66,20,19948,7599
CTGTTGTTCAGTCGTA-1,1,67,21,20199,7744
AAAGGCCCTATAATAC-1,1,66,22,19948,7888
AACATTGAAGTTGATC-1,1,67,23,20199,8032
GCTAGCGATAGGTCTT-1,1,66,24,19948,8177
ATTGCCTATTAGACCG-1,1,67,25,20199,8321
GGGCGTTTACATTCAT-1,1,66,26,19948,8465
CCTCTACAAGGATTGG-1,1,67,27,20200,8610
AGTGACTGTGACACAA-1,1,66,28,19948,8754
AGCCCTCCCTGGTGGC-1,1,67,29,20200,8898
CGGTTGAGTATCCTTC-1,1,66,30,19949,9043
CATTATCCCATTAACG-1,1,67,31,20200,9187
AATGTGCTAATCTGAG-1,1,66,32,19949,9331
CTTAGTTGAGGAATCG-1,1,67,33,20200,9476
CTTCTGGGCGTACCTA-1,1,66,34,19949,9620
AGTCAAATGATGTGAT-1,1,67,35,20200,9764
TGAACAAGCAGGGACT-1,1,66,36,19949,9909
AATACCGGAGGGCTGT-1,1,67,37,20200,10053
GTTTGGTGATCGGTGC-1,1,66,38,19949,10197
GACTGCTGGTGAGAAA-1,1,67,39,20200,10342
CGATCCTCGCAACATA-1,1,66,40,19949,10486
CCAACCTTATGTAACT-1,1,67,41,20200,10630
CGTGGTACCCAAAGGC-1,1,66,42,19949,10775
AACCCGACAACCCGTG-1,1,67,43,20201,10919
TATGTAAAGTGCTTAA-1,1,66,44,19949,11063
GCAAGTGTAAAGCATG-1,1,67,45,20201,11208
GTAACTGCCCAAGGAG-1,1,66,46,19950,11352
GGTGCATAAATGATTA-1,1,67,47,20201,11496
TAGTCCCGGAGACCAC-1,1,66,48,19950,11641
CGGCCAGAGCGACCAT-1,1,67,49,20201,11785
TGAATGAGTGTTTCCC-1,1,66,50,19950,11929
TTCACTTCCTAGAACG-1,1,67,51,20201,12074
CGCTTAGTATTGATAC-1,1,66,52,19950,12218
AACGCGACCTTGGGCG-1,1,67,53,20201,12362
GTGCACCAGCTTCAAC-1,1,66,54,19950,12507
TTCTATTAAACGCAGC-1,1,67,55,20201,12651
TGGCAAGCACAAGTCG-1,1,66,56,19950,12795
ATCTGCTGTTATCGCC-1,1,67,57,20201,12940
AATTCCAAGCATGTAC-1,1,66,58,19950,13084
AAACGGTTGCGAACTG-1,1,67,59,20202,13228
GAAGGAGTCGAGTGCG-1,1,66,60,19950,13373
GGCAAGCCCATAGTGG-1,1,67,61,20202,13517
TGACCAAATCTTAAAC-1,1,66,62,19951,13661
TTCGGTACTGTAGAGG-1,1,67,63,20202,13806
ATGTACGATGACGTCG-1,1,66,64,19951,13950
ATCTAGCTTGTGAGGG-1,1,67,65,20202,14094
AGCGGGTCTGACACTC-1,1,66,66,19951,14239
GAGGTACGCGTGTCCC-1,1,67,67,20202,14383
GCACTGCCTACCTTTA-1,1,66,68,19951,14527
GGAGCGAGGCCTACTT-1,1,67,69,20202,14672
AAACTCGGTTCGCAAT-1,1,66,70,19951,14816
GGCGCTTCATTCCCTG-1,1,67,71,20202,14960
TGCTCGGTGGGTCACC-1,1,66,72,19951,15105
AAGCGCAGGGCTTTGA-1,1,67,73,20202,15249
GACCTTCCACGTCTAC-1,1,66,74,19951,15393
GTTAGCCCATGACATC-1,1,67,75,20202,15538
AATTCGATTCGAGGAT-1,1,66,76,19951,15682
AGTCTTTAAAGTGTCC-1,1,67,77,20203,15826
GACTAGGCCGTTAGGT-1,1,66,78,19952,15971
TCCAAGCCTAGACACA-1,1,67,79,20203,16115
GATTGGGAAAGGTTGT-1,1,66,80,19952,16259
GATGAGGAACCTTCGG-1,1,67,81,20203,16404
TGAATACCGACGCGTA-1,1,66,82,19952,16548
AATCGTGAGCCGAGCA-1,1,67,83,20203,16692
GCGAAGAATCTGACGG-1,1,66,84,19952,16837
GAACAACTGGGATGAA-1,1,67,85,20203,16981
TCGCCGACATATTCGC-1,1,66,86,19952,17125
CGTAGAGAGTAATTAT-1,1,67,87,20203,17270
CGATAGTCGTACTGCA-1,1,66,88,19952,17414
CGCATGCCGAATGCGT-1,1,67,89,20203,17558
CTCTAGCCCTCGGAAA-1,1,66,90,19952,17703
TCCAACTCAGCTATCT-1,1,67,91,20203,17847
GTCTAGTGAGCCGCTT-1,1,66,92,19952,17991
TACCGAATAATTGTAA-1,1,67,93,20204,18136
ATATAACACGGGCGCA-1,1,66,94,19952,18280
GCATGCTAATAACGAT-1,1,67,95,20204,18424
TCCGGGCTTGACGGGA-1,1,66,96,19953,18569
ATTATTCAGAGTCACT-1,1,67,97,20204,18713
TAGCAGTATGACTAAA-1,1,66,98,19953,18857
TATGAAGAATTAAGGT-1,1,67,99,20204,19002
CAAGGCCAGTGGTGCA-1,1,66,100,19953,19146
TGCGTACGGCTAATTG-1,1,67,101,20204,19290
CAGATAATGGGCGGGT-1,1,66,102,19953,19435
GAGAACGGTTCTGACT-1,1,67,103,20204,19579
CGCTTCGGTCTAAGAC-1,1,66,104,19953,19723
AGCATTACGAGGCAAG-1,1,67,105,20204,19868
AAGTTGTGATGTTATA-1,1,66,106,19953,20012
TTGCTCATAGTACGTG-1,1,67,107,20204,20156
TACTTAAACATGTACA-1,1,66,108,19953,20301
AGTGAGTCGAATTAAC-1,1,67,109,20205,20445
TAGGCCTATATAGTCT-1,1,66,110,19953,20589
ACTCGCCGTTCGATAA-1,1,67,111,20205,20734
GGTACGTTGCGGCCGG-1,1,66,112,19954,20878
TATTGCCGGGCTTGTA-1,1,67,113,20205,21022
GGTAAACTCTGCGCTG-1,1,66,114,19954,21167
TCCCTTGTCTGAAACT-1,1,67,115,20205,21311
CATGATCGCTTTGAGA-1,1,66,116,19954,21455
GGACGGGCGACCAACC-1,1,67,117,20205,21600
GAGAGGCCTATGTGTA-1,1,66,118,19954,21744
TCGTAACTCCCAAGAC-1,1,67,119,20205,21888
CGTATCTAGAACTAAG-1,1,66,120,19954,22033
GCACCTTCCCGAAGGT-1,1,67,121,20205,22177
TACCTCTTTACCATCC-1,1,66,122,19954,22322
TGACTCTAACTGGTAA-1,1,67,123,20205,22466
GAGAAACTGGATCCCA-1,1,66,124,19954,22610
ATCCGGACCAGCCTGA-1,1,67,125,20205,22754
TTATTTAGGTTCCTTA-1,1,66,126,19954,22899
CGAATTCCCGGTTCAA-1,1,67,127,20206,23043
TAGTTTGATCGGTCGC-1,1,68,0,20449,4712
AGTCGAAACGATTCAG-1,1,69,1,20700,4857
ACGTCGGGCAACTCGG-1,1,68,2,20449,5001
ACTTGCTCTATCTACC-1,1,69,3,20700,5145
ATTACGGGCTACGGTT-1,1,68,4,20449,5290
GCAAACGTAAGCGACC-1,1,69,5,20701,5434
TTCGGACTGGGCATGG-1,1,68,6,20449,5578
GGGCCATTCGTGCTGG-1,1,69,7,20701,5723
GAGTTGTCACCAGTCT-1,1,68,8,20450,5867
AGTAATTTGCAAGCGT-1,1,69,9,20701,6011
GTGGCCGGTTTCTCGG-1,1,68,10,20450,6156
ATCTTAGGGCATTAAT-1,1,69,11,20701,6300
CTACATATCGCGGGAC-1,1,68,12,20450,6444
ATGGTATTTACTGATT-1,1,69,13,20701,6589
CCGTCAACCTCTGGCG-1,1,68,14,20450,6733
GCTTCGACGTTCAATC-1,1,69,15,20701,6877
GACCGATTAAATATGT-1,1,68,16,20450,7022
GTCGAATTTGGGCGCT-1,1,69,17,20701,7166
TCACGGCCCAAGAGAG-1,1,68,18,20450,7310
CTACGATCCTATCCTA-1,1,69,19,20701,7455
TGCAGTGGTAGGGAAC-1,1,68,20,20450,7599
TTGCCTAATCCAAAGT-1,1,69,21,20702,7743
AGCGAGACGTGAAGGC-1,1,68,22,20450,7888
TTCTACCTCAATCGGT-1,1,69,23,20702,8032
TACGCTGCTGTGTTAA-1,1,68,24,20451,8176
TAGTCCTGCACTAAGC-1,1,69,25,20702,8321
AGCACACGTTTAGACT-1,1,68,26,20451,8465
GTTCGACAATTGTATA-1,1,69,27,20702,8609
CCATGTTCATCTATAT-1,1,68,28,20451,8754
CCCTCGATAATACACA-1,1,69,29,20702,8898
ACTGCCCGCCATTCTC-1,1,68,30,20451,9042
CTATATCCAGCCTGGC-1,1,69,31,20702,9187
CGCACGTCTGTTTATG-1,1,68,32,20451,9331
AATCAGGTTTCATTTA-1,1,69,33,20702,9475
AGAGAAACACCAGAAA-1,1,68,34,20451,9620
ACCCGATTGGTTCCGA-1,1,69,35,20702,9764
TACCAGGAATCCCGTC-1,1,68,36,20451,9908
AAGTGCTTCTCTATTG-1,1,69,37,20702,10053
TGCATGTGACCCATAG-1,1,68,38,20451,10197
TAGATTCAAAGTGCGG-1,1,69,39,20703,10341
AGGGTCAGAGCACTCG-1,1,68,40,20452,10486
GTGAGATAACCTTATA-1,1,69,41,20703,10630
GTGTCAGTGTACGTGG-1,1,68,42,20452,10775
CTGTAGTGAGGATCGA-1,1,69,43,20703,10919
GATAGTGCGAGTAAGT-1,1,68,44,20452,11063
AGGGTTCAGACGGTCC-1,1,69,45,20703,11207
GGACTCGACAGCGCAT-1,1,68,46,20452,11352
CACTCTCAAGCATCGA-1,1,69,47,20703,11496
GAGCGGAATGCGGTGT-1,1,68,48,20452,11641
CAGTTCGAGGACCCGA-1,1,69,49,20703,11785
CGTAACTTCGACACTT-1,1,68,50,20452,11929
TGATCACCACACTGAC-1,1,69,51,20703,12073
CATACTTCTTTCTCCG-1,1,68,52,20452,12218
CAAGTAAGTGATAGAC-1,1,69,53,20703,12362
AGCCCGCAACAAGCAG-1,1,68,54,20452,12507
GCTCCATGCAAAGCAA-1,1,69,55,20704,12651
TCGTACCGACGTCAAG-1,1,68,56,20452,12795
ATTATCGGAATGTACG-1,1,69,57,20704,12939
ACCTACTATAAATCTA-1,1,68,58,20453,13084
TATCCTATCAACTGGT-1,1,69,59,20704,13228
GCGCGGTCTAGTAACT-1,1,68,60,20453,13373
CCTTCGTATAGAATCC-1,1,69,61,20704,13517
TGGGCGATACAATAAG-1,1,68,62,20453,13661
TGACATGTAACGTGAC-1,1,69,63,20704,13805
TTGGGAAGACGAGCCG-1,1,68,64,20453,13950
GGTGTAAATCGATTGT-1,1,69,65,20704,14094
GAACTGTGGAGAGACA-1,1,68,66,20453,14239
TCCACATCGTATATTG-1,1,69,67,20704,14383
CCTATGGTCAAAGCTG-1,1,68,68,20453,14527
TCCTTGTCCTTTAATT-1,1,69,69,20704,14671
AAGTTTATGGGCCCAA-1,1,68,70,20453,14816
GTCCGGGTTCACATTA-1,1,69,71,20705,14960
ATGTAGCGCGCGTAGG-1,1,68,72,20453,15105
TACGGAAGCCAAACCA-1,1,69,73,20705,15249
GCCCTGAGGATGGGCT-1,1,68,74,20454,15393
CGGGCGATGGATCACG-1,1,69,75,20705,15537
TGCGGACTTGACTCCG-1,1,68,76,20454,15682
TAATACTAGAACAGAC-1,1,69,77,20705,15826
TCAAATTGTTGTGCCG-1,1,68,78,20454,15971
GGGCAGTCAACGCCAA-1,1,69,79,20705,16115
TCGCTGCCAATGCTGT-1,1,68,80,20454,16259
TACGTGGGCCCAGGGC-1,1,69,81,20705,16403
GCCTACGTTCTGTGCA-1,1,68,82,20454,16548
TTGCGTGTGTAGGCAT-1,1,69,83,20705,16692
TCCTAAAGATTCAGAC-1,1,68,84,20454,16837
TGGGTGCACAAGCCAT-1,1,69,85,20705,16981
GGGAGCGACCGTAGTG-1,1,68,86,20454,17125
CATAGAGGAGATACTA-1,1,69,87,20705,17269
CTTCGATTGCGCAAGC-1,1,68,88,20454,17414
GTGCCTGAGACCAAAC-1,1,69,89,20706,17558
TCATCCTCAGCTGCTT-1,1,68,90,20455,17703
TGCAACTACTGGTTGA-1,1,69,91,20706,17847
ATGTTGATTAGAGACT-1,1,68,92,20455,17991
GTTTCTAGAGGCGCGG-1,1,69,93,20706,18135
TACAAGGGCTTCTTTA-1,1,68,94,20455,18280
ACAGGCACGGATCCTT-1,1,69,95,20706,18424
CCCAAGTCATTACACT-1,1,68,96,20455,18569
ACTCTGACCTAATAGA-1,1,69,97,20706,18713
GGATGGCTTGAAGTAT-1,1,68,98,20455,18857
ACCCTCCCGTCAGGGC-1,1,69,99,20706,19001
AGCTTCTTCTCGAGCA-1,1,68,100,20455,19146
TTGCGCTTGATCAATA-1,1,69,101,20706,19290
TGGGTGTAATAGATTT-1,1,68,102,20455,19435
CATGGTTTATTAATCA-1,1,69,103,20706,19579
TTGCCTTCTCGCCGGG-1,1,68,104,20455,19723
TTAAAGTAAGTCGCCA-1,1,69,105,20707,19867
AGTTGGCAAGGCTAGA-1,1,68,106,20455,20012
CCGCACTTGCAATGAC-1,1,69,107,20707,20156
AATGTTGTCGTGAGAC-1,1,68,108,20456,20301
CCAAGGTTGCCCTTTC-1,1,69,109,20707,20445
TGTGACTAGAGTTTGC-1,1,68,110,20456,20589
TTGTGATCTGTTCAGT-1,1,69,111,20707,20734
GGAGTTGATTCTGTGT-1,1,68,112,20456,20878
GTAGTGAGCAACCTCA-1,1,69,113,20707,21022
AAGACATACGTGGTTT-1,1,68,114,20456,21167
CATCCCGAGATTCATA-1,1,69,115,20707,21311
GGCCGCAGGAACCGCA-1,1,68,116,20456,21455
CCAGAAACTGATGCGA-1,1,69,117,20707,21600
ACCCGTAGTCTAGTTG-1,1,68,118,20456,21744
AGGGTCTGGACGCAGT-1,1,69,119,20707,21888
TTGAAACCCTCATTCC-1,1,68,120,20456,22033
TCAATCCCGCGCCAAA-1,1,69,121,20708,22177
AGGACATCGGCACACT-1,1,68,122,20456,22321
GACAAGACGCCCGTGC-1,1,69,123,20708,22466
GAGTAAATTAAGAACC-1,1,68,124,20457,22610
TAAGTCGGTGAGCTAG-1,1,69,125,20708,22754
CTTACTGACTCCTCTG-1,1,68,126,20457,22899
TTAACTGATCGTTTGG-1,1,69,127,20708,23043
GGGCGATCCATAGGCC-1,1,70,0,20951,4712
CGTATTGTTTGGCGCC-1,1,71,1,21203,4856
CGCGTGGGCCTGTGTT-1,1,70,2,20951,5001
AAATCTGCCCGCGTCC-1,1,71,3,21203,5145
GCTGAAGGGTTCTTGG-1,1,70,4,20952,5290
TAATTGCGCTGATTAC-1,1,71,5,21203,5434
TCGCGCGTTTACATGA-1,1,70,6,20952,5578
TAACTGAAATACGCCT-1,1,71,7,21203,5722
CCTGTCGTGTATGAAG-1,1,70,8,20952,5867
CGGGAACGCCCTGCAT-1,1,71,9,21203,6011
AGTTGCGGTCCTCAAC-1,1,70,10,20952,6156
GGGTCCTTGGAAGAAG-1,1,71,11,21203,6300
CGGGAAGTACCGTGGC-1,1,70,12,20952,6444
ACGGTCACCGAGAACA-1,1,71,13,21203,6588
TAGACTCAGTTGGCCT-1,1,70,14,20952,6733
CCTTCCGCAACGCTGC-1,1,71,15,21203,6877
CAGTGTTAATCTCTCA-1,1,70,16,20952,7022
CAGGCCAGTACCACCT-1,1,71,17,21204,7166
GATCGCTGTGGTGCGT-1,1,70,18,20952,7310
GTATCTCGGGCGCTTT-1,1,71,19,21204,7454
CCGGGCTAAGAATTTC-1,1,70,20,20953,7599
CTTCACGCCCTGGTAC-1,1,71,21,21204,7743
CGGATGAATGCTGTGA-1,1,70,22,20953,7888
CTCTGCAGGCATTCTT-1,1,71,23,21204,8032
TCAAAGTCACGGCGTC-1,1,70,24,20953,8176
TGGGTTTCGGGCGTAC-1,1,71,25,21204,8320
TGCTATGGCAAAGGGA-1,1,70,26,20953,8465
TTCACGGTCGTCACGT-1,1,71,27,21204,8609
CGTAAAGCAAGAAATC-1,1,70,28,20953,8754
CTGATCCCTTTATGCA-1,1,71,29,21204,8898
GAGTATACCCTAATCA-1,1,70,30,20953,9042
CCACGGCAGGTGTAGG-1,1,71,31,21204,9187
ACGTACTTTGGCACGG-1,1,70,32,20953,9331
CCTGAGAATAAATGCA-1,1,71,33,21205,9475
TTGATGCCGCTCGTCG-1,1,70,34,20953,9620
GCCAGGAAAGAACACT-1,1,71,35,21205,9764
TCCGACCGCTAATCAA-1,1,70,36,20954,9908
TATATCAAAGTGATCT-1,1,71,37,21205,10053
CCTCGGTTTCCTTGCC-1,1,70,38,20954,10197
TAAATTTAGTAACACC-1,1,71,39,21205,10341
CTCGTTACGGCTACCA-1,1,70,40,20954,10486
GCCGTCGGTTTCGGGC-1,1,71,41,21205,10630
GTTCCGTCCGCCTGCA-1,1,70,42,20954,10774
CTAGGGATAGGGACAA-1,1,71,43,21205,10919
GTCCAGGCACGTGTGC-1,1,70,44,20954,11063
GAGGAATATCTCTTTG-1,1,71,45,21205,11207
CGTTCAAGGAAACGGA-1,1,70,46,20954,11352
GTGGGAACAAACCGGG-1,1,71,47,21205,11496
GGGCACGTAGTACTGT-1,1,70,48,20954,11640
ACTACAAAGAGAGGTG-1,1,71,49,21205,11785
GGTGTAGGTAAGTAAA-1,1,70,50,20954,11929
CCTGTTCAACCTCGGG-1,1,71,51,21206,12073
TGAGGTGTGTGGCGGA-1,1,70,52,20955,12218
ATTGTCTGTTTCATGT-1,1,71,53,21206,12362
GCCGGTCGTATCTCTC-1,1,70,54,20955,12506
ATATGGGATAGCAACT-1,1,71,55,21206,12651
GATAGAACCCGCTAGG-1,1,70,56,20955,12795
ATCCCATTTCCGTGGG-1,1,71,57,21206,12939
GATGCTACCTTCGATG-1,1,70,58,20955,13084
TGCAAAGTTCGTCTGT-1,1,71,59,21206,13228
GTTCAGTCGCCAAATG-1,1,70,60,20955,13372
GTCTCCGCCTCAATAC-1,1,71,61,21206,13517
AGTAGAAGGCGCCTCA-1,1,70,62,20955,13661
GTTGTAGATTTATGAG-1,1,71,63,21206,13805
CTATTTGCTTGGAGGA-1,1,70,64,20955,13950
AGCCATATAGTATGTG-1,1,71,65,21206,14094
TGTTCCGGCCTGAGCT-1,1,70,66,20955,14238
TGCCGTGGGACCCAAT-1,1,71,67,21207,14383
TTGCAAGAAGACTCCT-1,1,70,68,20955,14527
CCGCTCCAGGGCGATC-1,1,71,69,21207,14671
CAAACCCTCCGGCGGG-1,1,70,70,20956,14816
CGGACCTTTACGTCCC-1,1,71,71,21207,14960
ACGTAGGAGAGTCGCT-1,1,70,72,20956,15104
CTGCGACCTCGCCGAA-1,1,71,73,21207,15249
GGCCCAGCTGGTTTGC-1,1,70,74,20956,15393
GGATTAATCATGGACC-1,1,71,75,21207,15537
GAGATGGCTTTAATCA-1,1,70,76,20956,15682
AGTACAGAAGCTTATA-1,1,71,77,21207,15826
GCGGCTTTAGCAAGTT-1,1,70,78,20956,15970
ACCGAGTCTCCTTATT-1,1,71,79,21207,16115
GACCACACTTCCCTTT-1,1,70,80,20956,16259
TGTAGCCAATTCCGTT-1,1,71,81,21207,16403
CTCGTCTGTGCCTTCG-1,1,70,82,20956,16548
GGACTCTTTGACTAAG-1,1,71,83,21208,16692
TCATCGACGACCGTCG-1,1,70,84,20956,16836
TACTACGTGCAATGCG-1,1,71,85,21208,16981
CCCTACTTGAACAATG-1,1,70,86,20957,17125
GCAGCTGTCAACGCAT-1,1,71,87,21208,17269
ATCTACCATCTGCTCC-1,1,70,88,20957,17414
TCTCAAATCAATCGGG-1,1,71,89,21208,17558
ACTCCGGCCGACCACT-1,1,70,90,20957,17702
TACACCTCTTCGAATC-1,1,71,91,21208,17847
GTGGCTGTTTCTGTTC-1,1,70,92,20957,17991
ACGACTCTAGGGCCGA-1,1,71,93,21208,18135
TCGTTTACGCGACCCT-1,1,70,94,20957,18280
AGGATATCCGACTGCA-1,1,71,95,21208,18424
GACACTTCCAATTACC-1,1,70,96,20957,18568
ACGGTACAGTTCAATG-1,1,71,97,21208,18713
CTTGATGACCATCCAG-1,1,70,98,20957,18857
CTGGTAAAGACTTACA-1,1,71,99,21208,19001
CTTGCCCACCCACGCA-1,1,70,100,20957,19146
CATTACGCAGGAAGGG-1,1,71,101,21209,19290
GGACAACCATGAAGCC-1,1,70,102,20958,19434
GTTATCAAGCTATCGA-1,1,71,103,21209,19579
AGGTGCACGTCCACAT-1,1,70,104,20958,19723
AAAGAATGTGGACTAA-1,1,71,105,21209,19867
ACCAAGTCATCGGCAG-1,1,70,106,20958,20012
AGTAACTATAGCAGCC-1,1,71,107,21209,20156
GGGAAAGAATGCCAAC-1,1,70,108,20958,20300
AATCGGTATAGCCCTC-1,1,71,109,21209,20445
GGCACTGCGGTGGTTT-1,1,70,110,20958,20589
CGTCCTCATCGCGTGC-1,1,71,111,21209,20733
CTTAACTTACAGTATA-1,1,70,112,20958,20878
GTGAGTCGACTAATAG-1,1,71,113,21209,21022
TGTACTTCCGGGCATG-1,1,70,114,20958,21166
CACAAACCGCAGAACT-1,1,71,115,21209,21311
GCTTTACACAACTGGG-1,1,70,116,20958,21455
CACCGATGATGGGTAC-1,1,71,117,21210,21599
TCAATATACAGGAGGC-1,1,70,118,20958,21744
AACGACCTCCTAGCCG-1,1,71,119,21210,21888
GTTACCAAGGCGTACG-1,1,70,120,20959,22032
TAGCTCACTGTGTTTG-1,1,71,121,21210,22177
TCGGCAGGGTTAAGGG-1,1,70,122,20959,22321
TGTTAACAAAGTGACT-1,1,71,123,21210,22465
CAGAGCGATGGATGCT-1,1,70,124,20959,22610
CATAGTGGGCACGCCT-1,1,71,125,21210,22754
AAACGCTGGGCACGAC-1,1,70,126,20959,22898
TGTTCTCATACTATAG-1,1,71,127,21210,23043
TCCGCTGGGTCGATCG-1,1,72,0,21454,4712
TTAGCATCCCTCACGT-1,1,73,1,21705,4856
AGCCTTGTCACTGATA-1,1,72,2,21454,5001
GTTTCTTGTTAGAGCT-1,1,73,3,21705,5145
TCGGAGTCCTGGTTGC-1,1,72,4,21454,5289
ACGGGTTGTGACCTGT-1,1,73,5,21705,5434
TGACAGAAATCTTGCT-1,1,72,6,21454,5578
TAGCCATGATTGCCTA-1,1,73,7,21705,5722
CGAAGCCACAGCATGG-1,1,72,8,21454,5867
ACCCGTAGCAGAGAAT-1,1,73,9,21705,6011
AGCTTGATCAGGGTAG-1,1,72,10,21454,6155
CTATAAGTAGGGTTTG-1,1,73,11,21705,6300
TATAGTTAGGTGTACT-1,1,72,12,21454,6444
TACGCTGATAGTTGTA-1,1,73,13,21706,6588
TTCTCAATTGCTACAA-1,1,72,14,21455,6733
GTTGCCCTAACGGGTG-1,1,73,15,21706,6877
GACATTTCGCCCAGCC-1,1,72,16,21455,7021
GTAACTACGTAGACCT-1,1,73,17,21706,7166
CCAGTGTACAGACCGA-1,1,72,18,21455,7310
GCCCGATGCCCAGTTC-1,1,73,19,21706,7454
CGAACCTCTTTCCTAG-1,1,72,20,21455,7599
CATGCACATGAGAGGC-1,1,73,21,21706,7743
CCAAATCAAAGGGCAA-1,1,72,22,21455,7887
GTAGTTTAAGCACACG-1,1,73,23,21706,8032
TAAGTGAATAGTCTAC-1,1,72,24,21455,8176
GGTCCACGTCTATTTG-1,1,73,25,21706,8320
CCCTCAGATCGAGAAC-1,1,72,26,21455,8465
ACATTCGCGCGGAATA-1,1,73,27,21706,8609
CTATGAACACCTTGCC-1,1,72,28,21455,8753
CGAATGGTAGGTCGTC-1,1,73,29,21707,8898
TCGACATAGCGTAGCG-1,1,72,30,21455,9042
GACGTTGCTCGGCGGC-1,1,73,31,21707,9186
CTCGAGGCAAGTTTCA-1,1,72,32,21456,9331
GCTGGGAGCGCGTCAA-1,1,73,33,21707,9475
GACGATATCACTGGGT-1,1,72,34,21456,9619
CAGCTCTGGGCTCACT-1,1,73,35,21707,9764
TAGTCTGCGGCACATT-1,1,72,36,21456,9908
TGGTCGATATACCTCT-1,1,73,37,21707,10052
TTCAGTTCAAGAGGAG-1,1,72,38,21456,10197
GTCTGTAGGTTGAACA-1,1,73,39,21707,10341
GAGAGTCTCGGGAGAG-1,1,72,40,21456,10485
TTGTTTGTATTACACG-1,1,73,41,21707,10630
GCACAGCACGGGCCGA-1,1,72,42,21456,10774
AAACAGTGTTCCTGGG-1,1,73,43,21707,10918
TGGAGAATAATCGTCC-1,1,72,44,21456,11063
CGCCGCGTTCTGAACG-1,1,73,45,21708,11207
CATGCGTTGAGAGGAG-1,1,72,46,21456,11351
TACGCTCCTAGAACTG-1,1,73,47,21708,11496
CCTTGTGAACGTGGTT-1,1,72,48,21457,11640
TTAAAGGCGATGCTCG-1,1,73,49,21708,11784
TAAAGTGCACGTCTCG-1,1,72,50,21457,11929
TGTCCGCAAACAATTC-1,1,73,51,21708,12073
AGGCCTATCATACCAA-1,1,72,52,21457,12217
ACTGGGATGCCAGTGC-1,1,73,53,21708,12362
CGATCCACCATTGTTG-1,1,72,54,21457,12506
GGGCATGCATGTCGAG-1,1,73,55,21708,12650
TCCAGGCAGGACGATC-1,1,72,56,21457,12795
CAATGACCCTTAATTT-1,1,73,57,21708,12939
ATCAAGATCCCAGGAC-1,1,72,58,21457,13083
CTCAGAGCTAATGTCG-1,1,73,59,21708,13228
CTGCGATTTCGAGATT-1,1,72,60,21457,13372
ATGGTATTGGGAACCG-1,1,73,61,21708,13516
TAGGTTCTGCTGAGAA-1,1,72,62,21457,13661
GCCTGTCCCGGTGCAT-1,1,73,63,21709,13805
GGCCTGCTCTGATGTT-1,1,72,64,21458,13949
TAGAGGGAGTTTATCT-1,1,73,65,21709,14094
CTCTACATCCTGCGTG-1,1,72,66,21458,14238
ACACATTTCCGTAGAC-1,1,73,67,21709,14382
TGGGTGTTAAGTAGAA-1,1,72,68,21458,14527
GAGCTCAACATGAGCG-1,1,73,69,21709,14671
GCACACAGCTATTACC-1,1,72,70,21458,14815
GCGACGGTAGTCTCCT-1,1,73,71,21709,14960
GTATCAAGGTACTTCC-1,1,72,72,21458,15104
GGAAAGGGAATTGAGC-1,1,73,73,21709,15248
TACACAGCCGTGGTGC-1,1,72,74,21458,15393
CGGTTGGGCAGGGTCC-1,1,73,75,21709,15537
GCACGCCGATTCCCGC-1,1,72,76,21458,15681
CGCTTTCCGCCAAGGT-1,1,73,77,21709,15826
TGCCCGATAGTTAGAA-1,1,72,78,21458,15970
TCAGAACGGCGGTAAT-1,1,73,79,21710,16114
CCACTCAGATCCGCAA-1,1,72,80,21458,16259
GAAGGGTCATTAAGAC-1,1,73,81,21710,16403
GCGGTCTTGCTTTCAC-1,1,72,82,21459,16547
GGAAGGACACCGTATA-1,1,73,83,21710,16692
CGCGGGAATTCCTTTC-1,1,72,84,21459,16836
TCTATCCGATTGCACA-1,1,73,85,21710,16980
TACTCGTTTGAATCAA-1,1,72,86,21459,17125
GTCTGCCGACTCGACG-1,1,73,87,21710,17269
TACGGGTAATAACATA-1,1,72,88,21459,17413
CCAGTTCGGTAACTCA-1,1,73,89,21710,17558
CGTGCACACCACTGTA-1,1,72,90,21459,17702
CTTCAGTTGGACAACG-1,1,73,91,21710,17846
TGATCTATCACACTCT-1,1,72,92,21459,17991
TAGCAGATACTTAGGG-1,1,73,93,21710,18135
CACCGGGCATCACAAG-1,1,72,94,21459,18279
AGTGGCCCGCAAATGG-1,1,73,95,21711,18424
CTCGCTAGGTAAGCGA-1,1,72,96,21459,18568
GATAGATAGTACAGTC-1,1,73,97,21711,18712
CGAGACTACTGCTGCT-1,1,72,98,21460,18857
ACATTTGAAACCTAAC-1,1,73,99,21711,19001
GACACAGCCGGGACTG-1,1,72,100,21460,19146
ACGGAACACGAGTGCC-1,1,73,101,21711,19290
ACGCCAGTGCGTTTGC-1,1,72,102,21460,19434
GCACCTAGGCGAGTCC-1,1,73,103,21711,19578
TCACTATCCCTTCGGT-1,1,72,104,21460,19723
TGAGTGTAACAACGGG-1,1,73,105,21711,19867
ATTGGTTGTGCATTAC-1,1,72,106,21460,20012
CTGGCGATTTACATGT-1,1,73,107,21711,20156
TCCACCAAGACATAGG-1,1,72,108,21460,20300
AACGTCGCTGCACTTC-1,1,73,109,21711,20444
GTCTCCCGAGTCCCGT-1,1,72,110,21460,20589
AGCCCGCACTACAATG-1,1,73,111,21711,20733
GGCACGCTGCTACAGT-1,1,72,112,21460,20878
GCTTGAGTGACCTCTG-1,1,73,113,21712,21022
ATAGCCATAACAGTCA-1,1,72,114,21461,21166
TAGGAGGCTCGAGAAC-1,1,73,115,21712,21310
GTCGGGTGAAGTACCG-1,1,72,116,21461,21455
CACCCGCGTTTGACAC-1,1,73,117,21712,21599
TCTCAGGCTACTCGCT-1,1,72,118,21461,21744
TAGATTCTCTAGCAAA-1,1,73,119,21712,21888
CCCATTATTGTATCCT-1,1,72,120,21461,22032
GTTAATAGCGTCATTA-1,1,73,121,21712,22176
TACTCATTGACGCATC-1,1,72,122,21461,22321
TAGTGACAAGCTCTAC-1,1,73,123,21712,22465
ATCGCCGTGGTTCATG-1,1,72,124,21461,22610
CTGCTCTCAACACACC-1,1,73,125,21712,22754
GCATGACACAAAGGAA-1,1,72,126,21461,22898
CAACGATCGATCCAAT-1,1,73,127,21712,23042
ATACAGCGTCCACTGA-1,1,74,0,21956,4712
TCACGATTAATACGTT-1,1,75,1,22207,4856
CGTGAACTGACCCGAT-1,1,74,2,21956,5000
TCGATGTTACGGCCGT-1,1,75,3,22207,5145
GACCGGTGATACTCTC-1,1,74,4,21956,5289
TCTGTTTAGATTGTTC-1,1,75,5,22207,5433
GCTACTCGGACGCAGA-1,1,74,6,21956,5578
AAGAAAGTTTGATGGG-1,1,75,7,22208,5722
CGCCAGTAGTACCTTG-1,1,74,8,21956,5866
CTCCCTTGTATCAAGG-1,1,75,9,22208,6011
ACTTTATACACCACTT-1,1,74,10,21957,6155
AGATCTGGAGAGGATA-1,1,75,11,22208,6299
TCATCCATCTGATCAC-1,1,74,12,21957,6444
AGAACACGGCGATGGT-1,1,75,13,22208,6588
CCGCTCCGGATAAGCT-1,1,74,14,21957,6732
TGGTCGGGTACAGGGC-1,1,75,15,22208,6877
ACGGACGCAGCGACAA-1,1,74,16,21957,7021
ACATGCTTACGGCAGC-1,1,75,17,22208,7165
CAGGGAGATAGGCCAG-1,1,74,18,21957,7310
TCGCCACCCGGATTAC-1,1,75,19,22208,7454
TCTTGGTCAATGATAC-1,1,74,20,21957,7599
CATAGGGACACTTGTG-1,1,75,21,22208,7743
CACGAGCAAACCAGAC-1,1,74,22,21957,7887
GGGATATTGATCGCCA-1,1,75,23,22208,8031
TAATGTCGGTTCATGG-1,1,74,24,21957,8176
CGATTTGTCATTAATG-1,1,75,25,22209,8320
TTAAGATACCCAGAGA-1,1,74,26,21958,8465
CGACCGTTGGTATTCG-1,1,75,27,22209,8609
ACTACCATCCGAGGGC-1,1,74,28,21958,8753
TCTACGCACGATCTCC-1,1,75,29,22209,8897
AAGCCACTTGCAGGTA-1,1,74,30,21958,9042
ACGTTGTCGTTGAAAG-1,1,75,31,22209,9186
ACCGCTAGTCATTGGT-1,1,74,32,21958,9331
CATGAGTCCATCACGG-1,1,75,33,22209,9475
ATGTCTTGTTTGACTC-1,1,74,34,21958,9619
TCCCAAACATCCTCTA-1,1,75,35,22209,9763
CAACGCGATGAGCCAA-1,1,74,36,21958,9908
GACACCCAAAGACGCG-1,1,75,37,22209,10052
ACGTTCACTATGCCGC-1,1,74,38,21958,10197
ATGGACTGCTTAGTTG-1,1,75,39,22209,10341
CCATGGCAAACGCTCA-1,1,74,40,21958,10485
TTGTCTCGGCAAGATG-1,1,75,41,22210,10629
TTCGAACGAAACATGC-1,1,74,42,21958,10774
GGAAAGTCTTGATTGT-1,1,75,43,22210,10918
ATCATAGATCGACGAG-1,1,74,44,21959,11063
GATTAGAAACAAGCGT-1,1,75,45,22210,11207
GCTGCGAAGAATTATT-1,1,74,46,21959,11351
TTCCAGTGGGTTTCGT-1,1,75,47,22210,11495
GCTCATTGATCATATC-1,1,74,48,21959,11640
ATACGAGGTTTGTAAG-1,1,75,49,22210,11784
GTCTATACACGCATGG-1,1,74,50,21959,11929
GATTTGCGCTAACACC-1,1,75,51,22210,12073
TGGTGCCCTGCCTTAC-1,1,74,52,21959,12217
TCGAATCGCAGGGTAG-1,1,75,53,22210,12361
GGTAGGCCAATATCAC-1,1,74,54,21959,12506
CGTAAATAACAAAGGG-1,1,75,55,22210,12650
GACTCTAGAGTTCCAA-1,1,74,56,21959,12795
ACTTGTTACCGGATCA-1,1,75,57,22211,12939
GGCATTGAACATCTCA-1,1,74,58,21959,13083
AACCCGCTGTATTCCA-1,1,75,59,22211,13227
TAACAGGTTCCCTTAG-1,1,74,60,21960,13372
GTTCTTGTAACTCAAT-1,1,75,61,22211,13516
GATTCTGTTAATGAGT-1,1,74,62,21960,13661
GGACACCTCGGTGTTG-1,1,75,63,22211,13805
CGATCGAGAAGCACCA-1,1,74,64,21960,13949
CTGCTCTGACGGCAAA-1,1,75,65,22211,14093
CCCAGGAAGAATTCGA-1,1,74,66,21960,14238
TGTCGTGGGTATAGGC-1,1,75,67,22211,14382
ATATGTCTAGAGCGTG-1,1,74,68,21960,14527
GCGGGCAGACGGGTGA-1,1,75,69,22211,14671
CGAAGATCAGTTTCAT-1,1,74,70,21960,14815
ACGCCACTCGAAACAG-1,1,75,71,22211,14959
CTTAGATGTTTCATCC-1,1,74,72,21960,15104
GCGAATGGACTAGCGA-1,1,75,73,22211,15248
TAAATTGTGGGTAAAG-1,1,74,74,21960,15393
ATTTATACTGGTAAAG-1,1,75,75,22212,15537
GCGTCGTAACATGGTC-1,1,74,76,21961,15681
CGGTATGGGCACTCTG-1,1,75,77,22212,15825
CTATCACAACGCTGGA-1,1,74,78,21961,15970
ACCACACGGTTGATGG-1,1,75,79,22212,16114
TCAGCGCACGCCGTTT-1,1,74,80,21961,16259
AATGTTAAGACCCTGA-1,1,75,81,22212,16403
CTTACATAGATTTCTT-1,1,74,82,21961,16547
AACATAGCGTGTATCG-1,1,75,83,22212,16692
AGCAGTCGAAGCATGC-1,1,74,84,21961,16836
GTACTACGGCCTCGTT-1,1,75,85,22212,16980
TTGGCCAAATTGTATC-1,1,74,86,21961,17125
TCAGAGGACGCGTTAG-1,1,75,87,22212,17269
AGTAATCTAAGGGTGG-1,1,74,88,21961,17413
AATTATACCCAGCAAG-1,1,75,89,22212,17558
CCCTACCCACACCCAG-1,1,74,90,21961,17702
CTCTGTCCATGCACCA-1,1,75,91,22213,17846
TCGCCTCCTTCGGCTC-1,1,74,92,21961,17991
CCTGATTCGCGAAGAA-1,1,75,93,22213,18135
GACTTCAACGCATCAA-1,1,74,94,21962,18279
GCTTCCCGTAAGCTCC-1,1,75,95,22213,18424
AGAACTGTACTTTGTA-1,1,74,96,21962,18568
CCTTAAGTACGCAATT-1,1,75,97,22213,18712
GGCCAATTGTATAGAC-1,1,74,98,21962,18857
AGAATACAGGCTATCC-1,1,75,99,22213,19001
AATACCTGATGTGAAC-1,1,74,100,21962,19145
TAGAGTGTTCCGGGTA-1,1,75,101,22213,19290
GCTTCCATGTAACCGC-1,1,74,102,21962,19434
GGTTCGCATTTGCCGT-1,1,75,103,22213,19578
TCAATCCGGGAAGTTT-1,1,74,104,21962,19723
CCGGAAGTGCAATATG-1,1,75,105,22213,19867
CTCATAAATGTGTATA-1,1,74,106,21962,20011
GACGGGCATCGAATTT-1,1,75,107,22214,20156
GCTAAGCCCAGTATGC-1,1,74,108,21962,20300
GCTATAAGGGCCAGGA-1,1,75,109,22214,20444
GCGGATTACTTGTTCT-1,1,74,110,21963,20589
TACAACAGCGCATACA-1,1,75,111,22214,20733
TCTAACCTAGCCTGCG-1,1,74,112,21963,20877
TCTACCCGCATCATTT-1,1,75,113,22214,21022
GTCTTACCACGCCAAG-1,1,74,114,21963,21166
AATAACGTCGCGCCCA-1,1,75,115,22214,21310
CGTTTCGGTTATATGC-1,1,74,116,21963,21455
TACGCTGCACGGTCGT-1,1,75,117,22214,21599
CGTTAAATACGACCAG-1,1,74,118,21963,21743
TCGACTGACGATGGCT-1,1,75,119,22214,21888
ACGCTACTGAATGGGC-1,1,74,120,21963,22032
AAGGGTTAGCCATGCG-1,1,75,121,22214,22176
ACGTTTCGGTGCACTT-1,1,74,122,21963,22321
TTAACCCGAGGCGTGT-1,1,75,123,22215,22465
GCCCGTCAAGCCCAAT-1,1,74,124,21963,22609
ATTCGTCCCGAGGTTA-1,1,75,125,22215,22754
TCAAATTATGTTCGAC-1,1,74,126,21964,22898
AACGTTCTACCATTGT-1,1,75,127,22215,23042
CTGTCCTGCGCACTAC-1,1,76,0,22458,4712
GCCCAGCGACACAAAG-1,1,77,1,22709,4856
TATAGCTATTATCTCT-1,1,76,2,22458,5000
AAGCTATGGATTGACC-1,1,77,3,22710,5145
CCGAAACACGACCTCT-1,1,76,4,22458,5289
ATCAGAAGCTGGTTGC-1,1,77,5,22710,5433
TGAACCTGAATGTGAG-1,1,76,6,22459,5578
TCAGAGCATGTCAACG-1,1,77,7,22710,5722
ATACCCTCCCGGCCAA-1,1,76,8,22459,5866
GCCACCTTATTCGCGA-1,1,77,9,22710,6011
CAACGAGCTTATTATG-1,1,76,10,22459,6155
GATCCAACCTTTAAAC-1,1,77,11,22710,6299
TTGTGGAGACAGCCGG-1,1,76,12,22459,6444
AGATAATCACACCTAT-1,1,77,13,22710,6588
GGTTAGGGATGCTAAT-1,1,76,14,22459,6732
TCATGAAGCGCTGCAT-1,1,77,15,22710,6877
CCAGGCGAGATGGTCT-1,1,76,16,22459,7021
CGACTTGCCGGGAAAT-1,1,77,17,22710,7165
GTGCCAAACGTTTCGA-1,1,76,18,22459,7310
TGCTCAAAGGATGCAC-1,1,77,19,22711,7454
GCCTCAGGTACCGGTC-1,1,76,20,22459,7598
ACAAGTAATTGTAAGG-1,1,77,21,22711,7743
TTAGAGTATTGTCGAG-1,1,76,22,22460,7887
GTCATCCCAAACTCAC-1,1,77,23,22711,8031
CTCCTAGTAATCGTGA-1,1,76,24,22460,8176
CCCTCATCACAGAGTA-1,1,77,25,22711,8320
GGAAACAGAGCTTGGG-1,1,76,26,22460,8464
ACATCGCAATATTCGG-1,1,77,27,22711,8609
TTAGCCATAGGGCTCG-1,1,76,28,22460,8753
CGGATTCTGCCTTATG-1,1,77,29,22711,8897
TTGTTGGCAATGACTG-1,1,76,30,22460,9042
GGATCTACCGTTCGTC-1,1,77,31,22711,9186
GGTGGGATTAGGTCCC-1,1,76,32,22460,9330
AATAGGCACGACCCTT-1,1,77,33,22711,9475
GAGGTCCGTTCGCTGT-1,1,76,34,22460,9619
TGACAACTTAAAGGTG-1,1,77,35,22711,9763
AGCTAAGCTCCGTCCG-1,1,76,36,22460,9908
CTAGCCCGGGAGACGA-1,1,77,37,22712,10052
CCCAGATTCCCGTGAC-1,1,76,38,22461,10196
GCCCGTTCACACAATT-1,1,77,39,22712,10341
ACAAACTCCATCAGAG-1,1,76,40,22461,10485
GGTTCCGTACGACTAA-1,1,77,41,22712,10629
TTGCGGAAAGCTGCCC-1,1,76,42,22461,10774
GGAACTCGTGAATACG-1,1,77,43,22712,10918
GGTTACCGCTCCCTAC-1,1,76,44,22461,11062
AGCGACTTTGAAGACA-1,1,77,45,22712,11207
CCGTTTCCTTTCCGTG-1,1,76,46,22461,11351
TGGATGGCATCTTGGA-1,1,77,47,22712,11495
CAAGTCGTTGAAATCT-1,1,76,48,22461,11640
TGCAAACGTACTAGTT-1,1,77,49,22712,11784
GGCTGTCCTACTGCGG-1,1,76,50,22461,11928
TACTGCATGATTAAAT-1,1,77,51,22712,12073
CGGACCTCTGTAGTTA-1,1,76,52,22461,12217
CCCTAGCTCTAAGGTC-1,1,77,53,22713,12361
GTAACAGGTTAACGGC-1,1,76,54,22461,12506
CCCGCAAATAATCATC-1,1,77,55,22713,12650
AATCCCGCTCAGAGCC-1,1,76,56,22462,12794
AACGTCATCCGGCTTG-1,1,77,57,22713,12939
CTCGTGGCACTGAAAG-1,1,76,58,22462,13083
CTTTATCCGACGCATG-1,1,77,59,22713,13227
AAATGACTGATCAAAC-1,1,76,60,22462,13372
TTCGTGCATGTTATAG-1,1,77,61,22713,13516
ATCAAAGAGCCGTGGT-1,1,76,62,22462,13660
ATGTCATAATAAACGA-1,1,77,63,22713,13805
CTTAATCGACTTAGTA-1,1,76,64,22462,13949
CTAAAGGATGAGATAC-1,1,77,65,22713,14093
GTGCTATCCAGCTGGA-1,1,76,66,22462,14238
GACAGAGGTCTTCAGT-1,1,77,67,22713,14382
TCGATTTACGAAACGA-1,1,76,68,22462,14526
AGGCTTAAGTTGCACA-1,1,77,69,22714,14671
TAGGATCTTAACCGCA-1,1,76,70,22462,14815
GACTTTCGAGCGGTTC-1,1,77,71,22714,14959
CCCTGGGAGGGATCCT-1,1,76,72,22463,15104
TAGTAGTTGCCGGACA-1,1,77,73,22714,15248
GCCCTAAGTGCAGGAT-1,1,76,74,22463,15392
ACTTGGGCTTTCGCCA-1,1,77,75,22714,15537
CATGATACGGTGAAAC-1,1,76,76,22463,15681
TCCTGCAGCCGCCAAT-1,1,77,77,22714,15825
GTCCGTTAGAGGGCCT-1,1,76,78,22463,15970
GCTTTATTAAGTTACC-1,1,77,79,22714,16114
AATCGAGGTCTCAAGG-1,1,76,80,22463,16258
GTGCTGTTAGAACATA-1,1,77,81,22714,16403
GGCTTCTCGTGGGTGG-1,1,76,82,22463,16547
CCTACAGTTGAGGGAG-1,1,77,83,22714,16691
TATCCCTCGATCTGCA-1,1,76,84,22463,16836
CCGGTATCTGGCGACT-1,1,77,85,22715,16980
CTCTAACACCGGCAGC-1,1,76,86,22463,17124
CTTCATCACCAGGGCT-1,1,77,87,22715,17269
GGCTGGCAATCCCACG-1,1,76,88,22464,17413
CAAACCATAAGCGTAT-1,1,77,89,22715,17557
CATGTGGGCTCATCAC-1,1,76,90,22464,17702
CCCGTGACAGTGCCTT-1,1,77,91,22715,17846
GATTATCTTGCATTAT-1,1,76,92,22464,17990
GAGTCCACCAGGTTTA-1,1,77,93,22715,18135
TGTACTATCGCTCGTT-1,1,76,94,22464,18279
TTAGCGAATAGATAGG-1,1,77,95,22715,18423
ACATACAATCAAGCGG-1,1,76,96,22464,18568
ATTCGTGTACCCATTC-1,1,77,97,22715,18712
GCTAGCAACGCACCTA-1,1,76,98,22464,18856
ACCTCAGCGAGGCGCA-1,1,77,99,22715,19001
TCCGGGCCACTAACGG-1,1,76,100,22464,19145
TCCCAATATCGACGAC-1,1,77,101,22715,19289
GGATTGAAGTAGCCTC-1,1,76,102,22464,19434
GGCGCACAGTTTACCT-1,1,77,103,22716,19578
CCCGGCACGTGTCAGG-1,1,76,104,22465,19722
AGTAAGGGACAGAATC-1,1,77,105,22716,19867
TTGCGCACAACCACGT-1,1,76,106,22465,20011
CCTGCTACAACCATAC-1,1,77,107,22716,20155
CTGGGCTACTGGAGAG-1,1,76,108,22465,20300
AGCTACGAATGGTGGT-1,1,77,109,22716,20444
ATTCGTTTATCGTATT-1,1,76,110,22465,20588
GGCATTCCCTCCCTCG-1,1,77,111,22716,20733
AGTTATTCAGACTGTG-1,1,76,112,22465,20877
CCACTTTCCTTCTAGG-1,1,77,113,22716,21021
CGCAGTTCTATCTTTC-1,1,76,114,22465,21166
AGGAGCGTTTATTATC-1,1,77,115,22716,21310
GACAGGTAATCCGTGT-1,1,76,116,22465,21454
TTCCCAAAGTACTGAT-1,1,77,117,22716,21599
CTGCAGGGTGACGCTC-1,1,76,118,22465,21743
TCATGGAGGCCTTTGT-1,1,77,119,22717,21887
ATGGCCCGAAAGGTTA-1,1,76,120,22465,22032
CGTAATATGGCCCTTG-1,1,77,121,22717,22176
AGAGTCTTAATGAAAG-1,1,76,122,22466,22320
GAACGTTTGTATCCAC-1,1,77,123,22717,22465
ATTGAATTCCCTGTAG-1,1,76,124,22466,22609
TACCTCACCAATTGTA-1,1,77,125,22717,22753
AGTCGAATTAGCGTAA-1,1,76,126,22466,22898
TTGAAGTGCATCTACA-1,1,77,127,22717,23042
