ACGCCTGACACGCGCT-1,1,0,0,6213,4989
TACCGATCCAACACTT-1,1,1,1,6470,5134
ATTAAAGCGGACGAGC-1,1,0,2,6216,5283
GATAAGGGACGATTAG-1,1,1,3,6473,5428
GTGCAAATCACCAATA-1,1,0,4,6219,5577
TGTTGGCTGGCGGAAG-1,1,1,5,6476,5721
GCATCCTCTCCTATTA-1,1,0,6,6222,5871
GCGAGGGACTGCTAGA-1,1,1,7,6479,6015
TGGTACCGGCACAGCC-1,1,0,8,6225,6165
GCGCGTTTAAATCGTA-1,1,1,9,6482,6309
TGCCTTGCCCTTACGG-1,1,0,10,6228,6459
GACGACTTTCCAAGAA-1,1,1,11,6485,6603
CCAGTGAGCTCCTTGT-1,1,0,12,6231,6753
ATACCCTGGCTCAAAT-1,1,1,13,6488,6897
GGGTTTCCGGCTTCCA-1,1,0,14,6234,7047
TAACCGTCCAGTTCAT-1,1,1,15,6491,7191
AAACAACGAATAGTTC-1,1,0,16,6237,7340
CAAGGGAGTGTATTTG-1,1,1,17,6494,7485
CCAAGCTTGATCTCCT-1,1,0,18,6240,7634
TTATTTCATCCCAAAC-1,1,1,19,6497,7779
GAGCGCTATGTCAGGC-1,1,0,20,6243,7928
TATGGCAGACTTTCGA-1,1,1,21,6500,8073
CTTCGTGCCCGCATCG-1,1,0,22,6246,8222
AAACGGGTTGGTATCC-1,1,1,23,6503,8366
TGCAAACCCACATCAA-1,1,0,24,6249,8516
GACGGGATGTCTTATG-1,1,1,25,6506,8660
GGCGAGCATCGAGGAC-1,1,0,26,6252,8810
CGCGTGCTATCAACGA-1,1,1,27,6509,8954
TGAAACCTCAACTCAC-1,1,0,28,6255,9104
CACATAAGGCGACCGT-1,1,1,29,6512,9248
TGACCCAACTCACATT-1,1,0,30,6258,9398
ATACGCCGATCTACCG-1,1,1,31,6515,9542
ACTTATCTGATCTATA-1,1,0,32,6261,9692
GTGTGAGCCGAGGTGC-1,1,1,33,6518,9836
GATGATTTGAAACTGG-1,1,0,34,6264,9985
GGGAACCACCTGTTTC-1,1,1,35,6521,10130
GTTCGTTGCGGACCAG-1,1,0,36,6267,10279
TGAGGTTGATCCCAAG-1,1,1,37,6524,10424
GATGCCACACTACAGC-1,1,0,38,6270,10573
AGGCAAAGAGGAATCA-1,1,1,39,6527,10718
AAGTAAGCTTCCAAAC-1,1,0,40,6273,10867
AACGTAGTCTACCCAT-1,1,1,41,6530,11012
GTTTGAGCGGTTATGT-1,1,0,42,6276,11161
GAAGCAAGGCAATGTT-1,1,1,43,6533,11305
TCACTCAGCGCATTAG-1,1,0,44,6279,11455
TACAATGAAACCAGCA-1,1,1,45,6536,11599
GTGCGCTTACAAATGA-1,1,0,46,6282,11749
GCACTCCCACAGTCCC-1,1,1,47,6539,11893
CGAAGACTGCCCGGGA-1,1,0,48,6285,12043
CAGGATCCGCCCGACC-1,1,1,49,6542,12187
CACGATTGGTCGTTAA-1,1,0,50,6288,12337
GGTTGTATCGTGAAAT-1,1,1,51,6545,12481
TCTTATGGGTAGTACC-1,1,0,52,6291,12631
TACAAGCTGTTCACTG-1,1,1,53,6548,12775
GTATCTTGTTGCTCAC-1,1,0,54,6294,12924
ATACCAGGTGAGCGAT-1,1,1,55,6551,13069
CCTAAACAGGGTCCGT-1,1,0,56,6297,13218
ATGGTGCTCAAAGCCA-1,1,1,57,6554,13363
CAAATGCGGAGTGTTC-1,1,0,58,6300,13512
CGTGCCCGACATTTGT-1,1,1,59,6557,13657
GTATCTCCCTAACTGT-1,1,0,60,6303,13806
ATTTGCCTAGTTACGA-1,1,1,61,6560,13950
ACGTCCTAAACGAGAT-1,1,0,62,6306,14100
CTGGGATCGCCCAGAT-1,1,1,63,6563,14244
CTGCAAATGGGCTCCA-1,1,0,64,6309,14394
CATTATAACAGGGTCC-1,1,1,65,6566,14538
ACCTTTCCTTTAGAAG-1,1,0,66,6312,14688
ATAGATTTGCAGTCGG-1,1,1,67,6569,14832
CTCGGGCATCGTCGGG-1,1,0,68,6315,14982
GTGGCGGGCCGTAGCT-1,1,1,69,6572,15126
CAACAGTGCCAAACGG-1,1,0,70,6318,15276
TGCGGGTATTGGGATC-1,1,1,71,6575,15420
GTCTCGCCAACACGCC-1,1,0,72,6321,15569
CTGGGCGGCCAAATGT-1,1,1,73,6578,15714
TAAAGGAGAAACTAGT-1,1,0,74,6324,15863
TCCCACGGAGGGAGCT-1,1,1,75,6581,16008
AGCTTCAATACTTTGA-1,1,0,76,6327,16157
TTCCACATTTCTCGTC-1,1,1,77,6584,16302
ACAAACCGACAAGGCG-1,1,0,78,6330,16451
AGACGGGATTGGTATA-1,1,1,79,6587,16595
AACCTAAAGCCGTCCG-1,1,0,80,6333,16745
TACAAATTGCGGAGGT-1,1,1,81,6590,16889
CCCGCTAGAGGGTTAA-1,1,0,82,6336,17039
CATTGCAAAGCATAAT-1,1,1,83,6593,17183
TGTACGCTATCAGCTT-1,1,0,84,6339,17333
TTCTTCGCAATAGAGC-1,1,1,85,6596,17477
TGTGATTCCAGCGCTT-1,1,0,86,6342,17627
ATTCAGGATCGCCTCT-1,1,1,87,6599,17771
GCCCATGGGTGCAATG-1,1,0,88,6345,17921
TTCCCGACGCTTCACT-1,1,1,89,6602,18065
AGCGGTTGAGATGTAC-1,1,0,90,6348,18214
GCTGTCTGTGATCGAC-1,1,1,91,6605,18359
AAAGACATGAAGTTTA-1,1,0,92,6351,18508
CAACAGAATAACGCTA-1,1,1,93,6608,18653
TGCGGTCTACGAGTAA-1,1,0,94,6354,18802
AAGACTCACGCCCACT-1,1,1,95,6611,18947
CTTTGAAACATATTCC-1,1,0,96,6357,19096
CTGGGCACTAGTCGGA-1,1,1,97,6614,19240
CGCCCTTACATCCACC-1,1,0,98,6360,19390
CACGACCACAGACTTT-1,1,1,99,6617,19534
CAATCCATTATCCGTT-1,1,0,100,6363,19684
GTGGCGTGCACCAGAG-1,1,1,101,6620,19828
CGGAGTCCTAACCTGG-1,1,0,102,6366,19978
GGTCCCATAACATAGA-1,1,1,103,6623,20122
ATCTCATAAACCTACC-1,1,0,104,6369,20272
TGCATGGCAGTCTTGC-1,1,1,105,6626,20416
TTGCAGGTCATGAAGT-1,1,0,106,6372,20566
AGCTGCATTTGAGGTG-1,1,1,107,6629,20710
TAATCAGGAATGCTGC-1,1,0,108,6375,20859
CCATCATAAGAACAGG-1,1,1,109,6632,21004
TCGTATCACCAAGCTA-1,1,0,110,6378,21153
ATTCAGATGAATCCCT-1,1,1,111,6635,21298
AAAGGTCAACGACATG-1,1,0,112,6381,21447
AGCTGCTGTGCCGAAT-1,1,1,113,6638,21592
CTAGCGCCAATCCTAC-1,1,0,114,6384,21741
GCTCGACCGAACTGAA-1,1,1,115,6641,21885
ACAGTGCAGCGCATTT-1,1,0,116,6387,22035
CGGCTGAAGGTTACGC-1,1,1,117,6644,22179
CACCTCTACGAGTGTG-1,1,0,118,6390,22329
ATACGACAGATGGGTA-1,1,1,119,6647,22473
ACTTCCTGTCGTGCGA-1,1,0,120,6393,22623
CGTAACGGAACGATCA-1,1,1,121,6650,22767
AAATCACTCCTAAACG-1,1,0,122,6396,22917
CTCCGAGTAAATCCGC-1,1,1,123,6653,23061
ACGCTAGTATCAGTGC-1,1,0,124,6399,23211
AGAGTGAACAGACACC-1,1,1,125,6656,23355
ACACCCGTAAATCTGT-1,1,0,126,6402,23504
GCTTTGCTGCCGGGTA-1,1,1,127,6659,23649
ACAGGAGGCGCAGCCG-1,1,2,0,6725,4984
AGGCAATACGGAGGAC-1,1,3,1,6982,5128
TGGTGTGACAGACGAT-1,1,2,2,6728,5278
ATCTATCGATGATCAA-1,1,3,3,6985,5422
CGGTAACAAGATACAT-1,1,2,4,6731,5572
TCGCCGGAGAGTCTTA-1,1,3,5,6988,5716
GGAGGAGTGTGTTTAT-1,1,2,6,6734,5866
TTAGGTGTGACTGGTC-1,1,3,7,6991,6010
CAGGGCTAACGAAACC-1,1,2,8,6737,6160
CCCGTGGGTTAATTGA-1,1,3,9,6994,6304
GACCGACCGCTAATAT-1,1,2,10,6740,6454
GGTATCAAGCATAGAA-1,1,3,11,6997,6598
TGCATGAGTAGATTCG-1,1,2,12,6743,6747
AATTCCAACTTGGTGA-1,1,3,13,7000,6892
TGCCGATGTCATCAAT-1,1,2,14,6746,7041
GCTGGGTCCGCTGTTA-1,1,3,15,7003,7186
TGAACACCCGAAGCAG-1,1,2,16,6749,7335
AACATTGGTCAGCCGT-1,1,3,17,7006,7480
GTGGGTCTTCTTTGCG-1,1,2,18,6752,7629
CATCGAATGGATCTCT-1,1,3,19,7009,7773
GCTACACTGTCCGAAC-1,1,2,20,6755,7923
CGGGTTGTAGCTTTGG-1,1,3,21,7012,8067
CCTAAGTGTCTAACCG-1,1,2,22,6758,8217
TCTGTGACTGACCGTT-1,1,3,23,7015,8361
TTATCATACTCGCAAA-1,1,2,24,6761,8511
AGCGTAGCGCTAGACC-1,1,3,25,7018,8655
TCCCTCCGAAATCGTT-1,1,2,26,6764,8805
AGGTCGCCACTTCGGT-1,1,3,27,7021,8949
CTAGCAACTAATTTAC-1,1,2,28,6767,9099
TTGCTAGCTACCAATC-1,1,3,29,7024,9243
GCCGGTTTGGGCGGAT-1,1,2,30,6770,9392
TGTAACTTGTCAACCT-1,1,3,31,7027,9537
CGAGATGTTGCCTATA-1,1,2,32,6773,9686
GTTACGAAATCCACGC-1,1,3,33,7030,9831
CTTGTCGTACGTGTCA-1,1,2,34,6776,9980
GCGTCCAGCTCGTGGC-1,1,3,35,7033,10125
CCCTTCTCGTACGCGA-1,1,2,36,6779,10274
CCAAAGTCCCGCTAAC-1,1,3,37,7036,10418
CCGCTTCGCGGTTAAC-1,1,2,38,6782,10568
GTTACGGCCCGACTGC-1,1,3,39,7039,10712
CCCGCTTGCCCTCGTC-1,1,2,40,6785,10862
TAGTGAGAAGTGGTTG-1,1,3,41,7042,11006
CGCTACCGCCCTATGA-1,1,2,42,6788,11156
AAACAATCTACTAGCA-1,1,3,43,7045,11300
GCGCGATGGGTCAAGT-1,1,2,44,6791,11450
ATAAACCATTGGACGG-1,1,3,45,7048,11594
TCGGGCACTTCTGGAT-1,1,2,46,6794,11744
TCTGTGGCTACATTTC-1,1,3,47,7051,11888
CTCTGTGCCTGCTATG-1,1,2,48,6797,12038
CACGACTAAAGTTCTG-1,1,3,49,7054,12182
GAGGAGTAATTCCTAC-1,1,2,50,6800,12331
AGAGGTATCTCGGTCC-1,1,3,51,7057,12476
GGCGTACCCTATATAA-1,1,2,52,6803,12625
GCCGGAAACACATCTT-1,1,3,53,7060,12770
AAATGTGGGTGCTCCT-1,1,2,54,6806,12919
ACCAGGAGTGTGATCT-1,1,3,55,7063,13064
TGTGGAGGAAGCTTAA-1,1,2,56,6809,13213
AAGGAGAACTTATAAG-1,1,3,57,7066,13357
CCCTCGGGAGCCTTGT-1,1,2,58,6812,13507
ACTGTTTAGTGTAGGC-1,1,3,59,7069,13651
CGTCAGTTTATCGTCT-1,1,2,60,6815,13801
GCGTGTATGTCGTATT-1,1,3,61,7072,13945
ACAATCGATCTTTATA-1,1,2,62,6818,14095
CAGCCCTCACAGGCAG-1,1,3,63,7075,14239
CGCGTCATATTAAACC-1,1,2,64,6821,14389
GAAGACTTCAATGCCG-1,1,3,65,7078,14533
TTGCGGCGACTCATGC-1,1,2,66,6824,14683
ACCAAACTAGAAATCC-1,1,3,67,7081,14827
TTACTGTTTCTCTACG-1,1,2,68,6827,14976
GACCAGGTCATTCATA-1,1,3,69,7084,15121
TTCTTCCCTTTGATAT-1,1,2,70,6830,15270
ACGCCCAGCTGTCGAT-1,1,3,71,7087,15415
AGTAGCGTGAACGAAC-1,1,2,72,6833,15564
CCTCGACCCACTGCCT-1,1,3,73,7090,15709
AGTTATTGAAAGGTAA-1,1,2,74,6836,15858
TCAGTTACGGAATGAT-1,1,3,75,7093,16002
GAATCTATACTCGGAC-1,1,2,76,6839,16152
TCGGCTAACTTCCCTT-1,1,3,77,7096,16296
ACGTGGTCGAATGTGC-1,1,2,78,6842,16446
ATATCGTGCCAGACCC-1,1,3,79,7099,16590
GTAGCTAGTAAGCGCG-1,1,2,80,6845,16740
ACGCTTAGTGTCTCTC-1,1,3,81,7102,16884
TCCGGCCTGCATCGAT-1,1,2,82,6848,17034
TAGTGGAACTCATACA-1,1,3,83,7105,17178
ATCATCTGCCCAGTGT-1,1,2,84,6851,17328
GTTATTAAATACGACC-1,1,3,85,7108,17472
GCGCTAAGTATGCATG-1,1,2,86,6854,17621
CCTGACGCAACCTTTA-1,1,3,87,7111,17766
CCCAAGAATGCACGGT-1,1,2,88,6857,17915
AACTGGGTTCGAGCCG-1,1,3,89,7114,18060
GGTTCCACCCGCTTCT-1,1,2,90,6860,18209
CATGCACGTGTTACTG-1,1,3,91,7117,18354
AGCGTTCCGATTTAAA-1,1,2,92,6863,18503
CCTACGCGACCTTACA-1,1,3,93,7120,18647
CGAATTACATGGTGTT-1,1,2,94,6866,18797
GAGGTCTTAGTGGGTC-1,1,3,95,7123,18941
GCCGCTAGATACGCAG-1,1,2,96,6869,19091
GTCACCTGTCTATGTC-1,1,3,97,7126,19235
CCGATTGGTCAATGAA-1,1,2,98,6872,19385
CCTGTGCGGATTGTAA-1,1,3,99,7129,19529
TTACGTAGCGCGTGCT-1,1,2,100,6875,19679
GGAGGCGAAGAACCGC-1,1,3,101,7132,19823
GGGTCACGTGCTTATG-1,1,2,102,6878,19973
GCTCCGGACGTTGATA-1,1,3,103,7135,20117
ATGTTTGTAAGATCAT-1,1,2,104,6881,20266
TGACCCAGCATTCCCG-1,1,3,105,7138,20411
TGGTCGTTTGATAGAT-1,1,2,106,6884,20560
TGTAATGCCTTCGGAC-1,1,3,107,7141,20705
TGCTCACACAACAACC-1,1,2,108,6887,20854
TACGATCCAAGCCACT-1,1,3,109,7144,20999
TTGTAACTTCATAGCG-1,1,2,110,6890,21148
AGATTCAAGCGGGTCG-1,1,3,111,7147,21292
CTCAGCAGACTGCCGA-1,1,2,112,6893,21442
GTAACATCAGCTCATC-1,1,3,113,7150,21586
ATGGAACAGAATAAAC-1,1,2,114,6896,21736
GGGCCTATACAACCGG-1,1,3,115,7153,21880
TCAAACAATTAGGACA-1,1,2,116,6899,22030
AAACCACTACACAGAT-1,1,3,117,7156,22174
AAACGACAGTCTTGCC-1,1,2,118,6902,22324
TTGAGGGTCGAACGCG-1,1,3,119,7159,22468
TGTTGATCACTGTTTA-1,1,2,120,6905,22618
AGGGTGTGCTACACGC-1,1,3,121,7162,22762
GTAGTTAGACAATATA-1,1,2,122,6908,22911
AATGGCCGCCAATGCG-1,1,3,123,7165,23056
TCGGCGGTATTAGATT-1,1,2,124,6911,23205
GGGTCACTGAGTAGTG-1,1,3,125,7168,23350
GAATTATGCAACCTAC-1,1,2,126,6914,23499
GATCTTAGTGAACGTG-1,1,3,127,7171,23644
CTAATGCGCCCAACAA-1,1,4,0,7236,4979
GCCACCCATTCCACTT-1,1,5,1,7493,5123
TACTCACAACGTAGTA-1,1,4,2,7239,5273
GTTCGGTGTGGATTTA-1,1,5,3,7496,5417
TCTTTCGGCGGGACAC-1,1,4,4,7242,5567
GGAGACATTCACGGGC-1,1,5,5,7499,5711
GGGATTATCTCACAAC-1,1,4,6,7245,5861
TAGAACGCCAGTAACG-1,1,5,7,7502,6005
ACGAGTCGCCGGCGTT-1,1,4,8,7248,6154
TGATGGGACTAAGTCA-1,1,5,9,7505,6299
TGCGAGAAACGTTACG-1,1,4,10,7251,6448
TCGCCTCGACCTGTTG-1,1,5,11,7508,6593
AACTCGATAAACACGT-1,1,4,12,7254,6742
AGGAAAGCCTCTGATG-1,1,5,13,7511,6887
GAAGGACTAAATTGAA-1,1,4,14,7257,7036
GTATCGGGACGAGCTG-1,1,5,15,7514,7180
CCTGTGCATAGGAGAC-1,1,4,16,7260,7330
CATACGGGTGCATGAT-1,1,5,17,7517,7474
CCACTAAACTGAATCG-1,1,4,18,7263,7624
AAATTGCGGCGGTTCT-1,1,5,19,7520,7768
AGTCCAGCGGGTACGT-1,1,4,20,7266,7918
CATTCAGGTCAGTGCG-1,1,5,21,7523,8062
CTAAAGTCCGAAGCTA-1,1,4,22,7269,8212
AATCAGACTGCAGGAC-1,1,5,23,7526,8356
AGTATCCATAATAACG-1,1,4,24,7272,8506
CTGGCTGCTAACGTAA-1,1,5,25,7529,8650
GTTCCAAGACAGCGAC-1,1,4,26,7275,8799
AAGACTAACCCGTTGT-1,1,5,27,7532,8944
GATTAATCCTGGCTCA-1,1,4,28,7278,9093
CGCGCAAGGAACTACA-1,1,5,29,7535,9238
CAGTAGCGAGGTAGTA-1,1,4,30,7281,9387
ACGGCGGGTTGCCCTG-1,1,5,31,7538,9532
CTAGGCGGCAGAGAAT-1,1,4,32,7284,9681
GTGCGCAGCTTGCTCC-1,1,5,33,7541,9825
TCACTATCGTGCAATC-1,1,4,34,7287,9975
TATGATTCTGCTTGGT-1,1,5,35,7544,10119
TAAGATTTAGCGGGAG-1,1,4,36,7290,10269
TTACGGTGTCACCGAG-1,1,5,37,7547,10413
CTACACTAGCTTGTTC-1,1,4,38,7293,10563
TGAGCAGTCGTGAAGT-1,1,5,39,7550,10707
CGCTGAGGACGTCCAA-1,1,4,40,7296,10857
GTGTATGACTTTAAAG-1,1,5,41,7553,11001
CTAAACGGGTGTAATC-1,1,4,42,7299,11151
TGTACTGTGCCAAAGT-1,1,5,43,7556,11295
GGCCACAAGCGATGGC-1,1,4,44,7302,11445
GTCAATTGTACTGAAG-1,1,5,45,7559,11589
AGGGACAGCACGGCGG-1,1,4,46,7305,11738
AGCTTATAGAGACCTG-1,1,5,47,7562,11883
AACTAGCGTATCGCAC-1,1,4,48,7308,12032
AACTTTAGCTGCTGAG-1,1,5,49,7565,12177
CCCAAGACAGAGTATG-1,1,4,50,7311,12326
GGCATCAACGAGCACG-1,1,5,51,7568,12471
ATGCATTCCGTGATGG-1,1,4,52,7314,12620
TTATAGATGCACATTA-1,1,5,53,7571,12764
GAACCATCTGGGAGAC-1,1,4,54,7317,12914
TGCTATACAAACGGAC-1,1,5,55,7574,13058
ACTTGCCATATTGTAC-1,1,4,56,7320,13208
TATTCCGGCAGTCCTA-1,1,5,57,7577,13352
GACGGACCGCGTTCCT-1,1,4,58,7323,13502
ATGTGTAGTTTAGTCA-1,1,5,59,7580,13646
ATACCAGCAAATTGCT-1,1,4,60,7326,13796
AAGTTTACTAATGGCA-1,1,5,61,7583,13940
CTCTCGATGTGCGCCT-1,1,4,62,7329,14090
GATTGACACTCTGCTC-1,1,5,63,7586,14234
TATCACAGCACGGGCA-1,1,4,64,7332,14383
ACCGTTCCCGCTCTGA-1,1,5,65,7589,14528
CCGCCACCACAATCCA-1,1,4,66,7335,14677
CATTCACTGACAGCTA-1,1,5,67,7592,14822
CGGCTGCAAGATTAAG-1,1,4,68,7338,14971
CATGAACCTCTTATCA-1,1,5,69,7595,15116
TTAATGCGAGGTAACT-1,1,4,70,7341,15265
AATAAGTCCTCGAGAC-1,1,5,71,7598,15409
ACCAGCCCGGTCTTTG-1,1,4,72,7344,15559
CTACGAACTAGGTCGA-1,1,5,73,7601,15703
ACATCTCAACGCGTAA-1,1,4,74,7347,15853
CACTACTCAGTTCTGT-1,1,5,75,7604,15997
CCGACTCGCATAGTCT-1,1,4,76,7350,16147
CATTTATCGTTCAAGA-1,1,5,77,7607,16291
CAAACGTGGTCTTGCG-1,1,4,78,7353,16441
TAGAAACCACTAAGTA-1,1,5,79,7610,16585
ACTGATTTAGTGATTC-1,1,4,80,7356,16735
TCGTATTTCGTCCGGA-1,1,5,81,7613,16879
CGGAAATTTCACATCC-1,1,4,82,7359,17028
ATCCACGCTAAATGTT-1,1,5,83,7616,17173
GTTCAATCTATGTCAA-1,1,4,84,7362,17322
ATAAAGGTCAAGTACG-1,1,5,85,7619,17467
CAACTCCAACGTTTAG-1,1,4,86,7365,17616
TAGGAACAGCCTCCAG-1,1,5,87,7622,17761
ATGGGAACGGAAGCGG-1,1,4,88,7368,17910
CACACGTTTCAATGGG-1,1,5,89,7625,18054
GGTGTTCTGTTTCTAC-1,1,4,90,7371,18204
AGTAACGTTCATCCTG-1,1,5,91,7628,18348
GTATAGTGGCCCATGT-1,1,4,92,7374,18498
TCTACACGTTCATGCA-1,1,5,93,7631,18642
AATCTGGGTAGACCCT-1,1,4,94,7377,18792
TCGGTTAGCCATGTAG-1,1,5,95,7634,18936
TGCCATGGCTTATAAG-1,1,4,96,7380,19086
TAAGTAAATGTGCCGC-1,1,5,97,7637,19230
GTGTCCGATAAGGCAT-1,1,4,98,7383,19380
TGGCACGAGCTCGAGT-1,1,5,99,7640,19524
ACCGGTCTGAGTACGG-1,1,4,100,7386,19673
GAACTTAGCGCCCGGT-1,1,5,101,7643,19818
AGTAGCTAGACGCCGA-1,1,4,102,7389,19967
ATAGGAATCTAAGCTT-1,1,5,103,7646,20112
CTTCCTGCATATTTAC-1,1,4,104,7392,20261
CAATATGTAGATTTAC-1,1,5,105,7649,20406
ACAAGGCCTACCAGCC-1,1,4,106,7395,20555
TTATAGTCCAAGGTGC-1,1,5,107,7652,20699
AAACGCCCGAGATCGG-1,1,4,108,7398,20849
CCTCGTTACGCCTGTT-1,1,5,109,7655,20993
GAACGGTGTAAAGCAG-1,1,4,110,7401,21143
ACGCATAAATGACATG-1,1,5,111,7658,21287
GGTTCGATGCTGAGTT-1,1,4,112,7404,21437
CTTTGGCAGACAGAGT-1,1,5,113,7661,21581
TTCGTGGGCTGGAAGC-1,1,4,114,7407,21731
CAAAGGTTAAATTCAG-1,1,5,115,7664,21875
GTTTGGCGTCAGGCAC-1,1,4,116,7410,22025
GCTTTCTATCTCAACT-1,1,5,117,7667,22169
TGCATCTCCGGATCTT-1,1,4,118,7413,22318
CTGAAACGGCCCTCAG-1,1,5,119,7670,22463
TAGCAGTAAATACGCG-1,1,4,120,7416,22612
CGGGCTACTTAAATTG-1,0,5,121,7673,22757
ATTATGCTCAGTATTG-1,1,4,122,7419,22906
TGATGCTCACGTAGTC-1,1,5,123,7676,23051
GTCTAAGATGCCCAGC-1,1,4,124,7422,23200
AACCCGATAGGGCTTC-1,1,5,125,7679,23344
CGCTATCGTGGCTTTA-1,1,4,126,7425,23494
CGTCTCTCGCCGAGGC-1,1,5,127,7682,23638
AGTGGGAGTATACACG-1,1,6,0,7747,4974
GGTCTTGGTGTTAACT-1,1,7,1,8004,5118
GGCTGGCAGCTTTATG-1,1,6,2,7750,5268
CGCCAATTATTGCGTT-1,1,7,3,8007,5412
GGTAACCGGCAAAGGT-1,1,6,4,7753,5561
TGGGACCATTGGGAGT-1,1,7,5,8010,5706
CTGCAGGTGCTCGGCC-1,1,6,6,7756,5855
CCGGTGCGAGTGATAG-1,1,7,7,8013,6000
GGGTACACTCTGGAGG-1,1,6,8,7759,6149
TAGCCAGAGGGTCCGG-1,1,7,9,8016,6294
CTTGTGAGGACAGCGG-1,1,6,10,7762,6443
GAAGGGCATAACCATG-1,1,7,11,8020,6587
CAACATGGCCTGATAA-1,1,6,12,7765,6737
CAATTTGACCGGGAAG-1,1,7,13,8023,6881
TCTGACTGTAATGGTT-1,1,6,14,7768,7031
TTCATAGCCTTGTAAC-1,1,7,15,8026,7175
TGGAAACGGAGTGAAC-1,1,6,16,7771,7325
ATCGCACGATTGTTCA-1,1,7,17,8029,7469
CGCCACCCGCATTAAC-1,1,6,18,7774,7619
TGGACCACGGCGTTGA-1,1,7,19,8032,7763
GTATATGTTACGGCGG-1,1,6,20,7777,7913
GTATTCTTACCGTGCT-1,1,7,21,8035,8057
TTCAGAGTAACCTGAC-1,1,6,22,7780,8206
GCGGTAACCCAAATGA-1,1,7,23,8038,8351
CTACGTGTTGCCACCA-1,1,6,24,7783,8500
CTAGATAAACTCCTCG-1,1,7,25,8041,8645
TCCATTAGTTGGATAG-1,1,6,26,7786,8794
CTGGCTCCTGCGGGAT-1,1,7,27,8044,8939
CAGTCTCTCGGCTAAT-1,1,6,28,7789,9088
GTATGACGTGGGAAAC-1,1,7,29,8047,9232
AGTCACTCCGCCTCAT-1,1,6,30,7792,9382
GCAGCGGTGGGCATTA-1,1,7,31,8050,9526
TATGGAGTTTCTCGTT-1,1,6,32,7795,9676
ACTCAACGAATGTATT-1,1,7,33,8053,9820
AACACGCGGCCGCGAA-1,1,6,34,7798,9970
CGATATTAGCCGCAGG-1,1,7,35,8056,10114
AGCGTCTGAACCCGCA-1,1,6,36,7801,10264
GATGTCCGGATCACAT-1,1,7,37,8059,10408
GGTCACGTTAGATTCA-1,1,6,38,7804,10558
TTAAGGATACGGAGGT-1,1,7,39,8062,10702
GTGCGGGACCATCGGC-1,1,6,40,7807,10852
CCATCTTGTTCACAAT-1,1,7,41,8065,10996
TCCGAGAAGGCTAAGC-1,1,6,42,7810,11145
TGGCGGTGTGCGATTG-1,1,7,43,8068,11290
ATCCTGCTGCAGATAG-1,1,6,44,7813,11439
TTATGCGTCCCGGTCC-1,1,7,45,8071,11584
CATAATGAGCGGGCGA-1,1,6,46,7816,11733
AGACATAGATCCTTCC-1,1,7,47,8074,11878
GGTGAAACCGGGAATG-1,1,6,48,7819,12027
AACTGGTGTGGGCCTT-1,1,7,49,8077,12171
GTAGCGCTGTTGTAGT-1,1,6,50,7822,12321
TTGTTTGTGTAAATTC-1,1,7,51,8080,12465
GGATCAAAGGACGAGG-1,1,6,52,7825,12615
CGTAGCGCCGACGTTG-1,1,7,53,8083,12759
CAAGTGAACTTTGGTT-1,1,6,54,7828,12909
GTAGACAACCGATGAA-1,1,7,55,8086,13053
CAATGGTCGGCCTGGG-1,1,6,56,7831,13203
ACAGATTAGGTTAGTG-1,1,7,57,8089,13347
GTTATCACCTTCTGAA-1,1,6,58,7834,13497
TGGTATCGGTCTGTAT-1,1,7,59,8092,13641
GGAATAACCTCAAGAA-1,1,6,60,7837,13790
ATTATCTCGACAGATC-1,1,7,61,8095,13935
CCGAGGGATGTTAGGC-1,1,6,62,7840,14084
TGAGATCAAATACTCA-1,1,7,63,8098,14229
AAACGAAGAACATACC-1,1,6,64,7843,14378
CTGGTCCTAACTTGGC-1,1,7,65,8101,14523
TGCACGAGTCGGCAGC-1,1,6,66,7846,14672
ATAGTCTTTGACGTGC-1,1,7,67,8104,14816
TGGAGCTAAAGTTCCC-1,1,6,68,7849,14966
GGGTGGTCCAGCCTGT-1,1,7,69,8107,15110
CATGCATGGAGACCCT-1,1,6,70,7852,15260
ACACGGCACTATGCAT-1,1,7,71,8110,15404
CCCTGGTATGGGCGGC-1,1,6,72,7855,15554
GGAGGATTGAAAGGAG-1,1,7,73,8113,15698
CCGCTGGTGCCATTCA-1,1,6,74,7858,15848
GTTAGAGTGTGCCGCT-1,1,7,75,8116,15992
TCGGAATGACCATCAA-1,1,6,76,7861,16142
TTCAATTAGCCATAAT-1,1,7,77,8119,16286
GATGTGTTGTCACAAG-1,1,6,78,7864,16435
TCTTTCTCTTAAGGAG-1,1,7,79,8122,16580
ACCCTTTAGTTCTCCA-1,1,6,80,7867,16729
ACCACAACTCAGAACA-1,1,7,81,8125,16874
TATGATAAATCTAACG-1,1,6,82,7870,17023
GATCCTCTTGCGCTTA-1,1,7,83,8128,17168
TTCTACCTTTATGTTG-1,1,6,84,7873,17317
GAAATACCTGCTGGCT-1,1,7,85,8131,17461
ATTCTGAGTATGAACT-1,1,6,86,7876,17611
GGATTAAGCTAAGGTC-1,1,7,87,8134,17755
AGTACGTGGCCTGTCT-1,1,6,88,7879,17905
TCAGGGTGCACGAAAC-1,1,7,89,8137,18049
AAATTTACCGAAATCC-1,1,6,90,7882,18199
TTGAGGCATTTAACTC-1,1,7,91,8140,18343
AACCAGTATCACTCTT-1,1,6,92,7885,18493
CACCGGAGATATCTCC-1,1,7,93,8143,18637
GACTGGGCGCCGCAAC-1,1,6,94,7888,18787
CACGTCTATGATGTGG-1,1,7,95,8146,18931
TTAAGACGAACGAACC-1,1,6,96,7891,19080
TGACCAGCTTCAAAGT-1,1,7,97,8149,19225
AGAGTTAGAGACCGAT-1,1,6,98,7894,19374
TTCGGACTGATGCCTT-1,1,7,99,8152,19519
CTCGAATGGAACGTAT-1,1,6,100,7897,19668
GGACGGCTTGCGCAAC-1,1,7,101,8155,19813
CTAAGTACAGGGCTAC-1,1,6,102,7900,19962
ACAAATTCAGATCTGA-1,1,7,103,8158,20106
CATGGAAATGGGACCA-1,1,6,104,7903,20256
GGTGGACCACGTGTTA-1,1,7,105,8161,20400
CACGACGTAATAGTAA-1,1,6,106,7906,20550
CGGGTTCGGCACGTAT-1,0,7,107,8164,20694
CTGGGCTATCCTTTGG-1,1,6,108,7909,20844
GTATTAGGGTTCGCGT-1,0,7,109,8167,20988
TCATTCGTATAATTTG-1,0,6,110,7912,21138
AATAGCAAGCCTCCTG-1,0,7,111,8170,21282
CATCTACCCGAGAACG-1,1,6,112,7915,21432
GCTTCAGTGGGATTAC-1,1,7,113,8173,21576
TCTGTGATGGAGGTTG-1,1,6,114,7918,21725
ATCCACTTTCAGACTA-1,0,7,115,8176,21870
ATGGTTACGAAACATG-1,0,6,116,7921,22019
GGCCCAATCTAGAGGG-1,0,7,117,8179,22164
GATGGTGAAATAACCC-1,0,6,118,7924,22313
AGAGGGACAATTGTCC-1,0,7,119,8182,22458
CGCGTACATTCTGGAA-1,0,6,120,7927,22607
CAAGAAACCCTAAACT-1,0,7,121,8185,22751
TTGGTGCGGTGTTGAA-1,0,6,122,7930,22901
GGTTCCCTAGTGTCTC-1,0,7,123,8188,23045
CGATAACCAATTTGAG-1,1,6,124,7933,23195
GCCCACTGGTCCACAA-1,1,7,125,8191,23339
GAGGGCCGGCAGAGTC-1,1,6,126,7936,23489
CGACACGGATGCCCAC-1,1,7,127,8194,23633
CTGTCTGTGGCTGGCT-1,1,8,0,8259,4968
ATATTATCCCGTATTT-1,1,9,1,8516,5113
GCGCTGGCGGAAAGTC-1,1,8,2,8262,5262
ATCTAACGTCCCTATG-1,1,9,3,8519,5407
GTCAGACAGCGTTGGA-1,1,8,4,8265,5556
GCCAGGCTTAGTGGTA-1,1,9,5,8522,5701
ATTCAAAGTACCTGTT-1,1,8,6,8268,5850
TGGACGTAGGCGAATC-1,1,9,7,8525,5994
ACACATTGACGCAACA-1,1,8,8,8271,6144
GATATCAGTATGTATC-1,1,9,9,8528,6288
TGGGCCTTGCCTGCAT-1,1,8,10,8274,6438
CAAAGTCAGGTTAGCT-1,1,9,11,8531,6582
GGATCCCTACCAGCTA-1,1,8,12,8277,6732
ATCGTCCAATCGAGTC-1,1,9,13,8534,6876
ACATGGCTCAATTTAG-1,1,8,14,8280,7026
AGGCCCAGTGACTGGT-1,1,9,15,8537,7170
GCTTCCAGCTTAGATT-1,1,8,16,8283,7320
TGCTTGAAACCATGCA-1,1,9,17,8540,7464
CAATATTGGACTAGTG-1,1,8,18,8286,7613
CGTGCTGGCCTAGTCG-1,1,9,19,8543,7758
CCTGCGATAGAACTGT-1,1,8,20,8289,7907
GGGTAATGCTGTGTTT-1,1,9,21,8546,8052
AACGCGAACGGCAACA-1,1,8,22,8292,8201
TGTCGGCATGGTGGAA-1,1,9,23,8549,8346
AGCGTACGAGAGCTAG-1,1,8,24,8295,8495
ATACTCTCGCCACTCT-1,1,9,25,8552,8639
AATCCATGCAAGGGTG-1,1,8,26,8298,8789
TTAAACAGAGTCCCGC-1,1,9,27,8555,8933
CCACAGCTGAAATCAT-1,1,8,28,8301,9083
CGGTTCCGGCTTCTTG-1,1,9,29,8558,9227
GACGTGAGACTCCATG-1,1,8,30,8304,9377
TCGTTGGCTCGTCAAT-1,1,9,31,8561,9521
GGTGAACGGGCTAGCC-1,1,8,32,8307,9671
GCACTGTGCAAATGTA-1,1,9,33,8564,9815
ACGAGAACCCATCACG-1,1,8,34,8310,9965
CCAGCTACGCCTCATA-1,1,9,35,8567,10109
TCCCGGTCAGGAATTT-1,1,8,36,8313,10258
TCGCATTCAATGACTT-1,1,9,37,8570,10403
CTGGTTCAACGCATCA-1,1,8,38,8316,10552
GGTGATTTCATCTTGT-1,1,9,39,8573,10697
CACCCTTTCCTCGCTC-1,1,8,40,8319,10846
CAACTTGTAGTGGGCA-1,1,9,41,8576,10991
AATATCAAGGTCGGAT-1,1,8,42,8322,11140
ACTCAGACCTGCTTCT-1,1,9,43,8579,11285
TTGGAGTCTCCCTTCT-1,1,8,44,8325,11434
GGATACTCATGAATTG-1,1,9,45,8582,11578
TGGGCACAAACAGAAC-1,1,8,46,8328,11728
GAGCCACGGTAGTAGG-1,1,9,47,8585,11872
TCGATAGGCTAGTCGC-1,1,8,48,8331,12022
TAACCGCCCGCAGTGC-1,1,9,49,8588,12166
GCCTATTTGCTACACA-1,1,8,50,8334,12316
TTGACGATTCAGCACG-1,1,9,51,8591,12460
TTAAACCGGTAGCGAC-1,1,8,52,8337,12610
ACCGAAAGGGCCCTGC-1,1,9,53,8594,12754
ACGTTCCGCGCTCCGT-1,1,8,54,8340,12904
ATACCAGGCTAATAGA-1,1,9,55,8597,13048
CGGCTTTGTATGATAA-1,1,8,56,8343,13197
CTTGACCCGAAAGATA-1,1,9,57,8600,13342
CGCAGAAACATTTGCG-1,1,8,58,8346,13491
GACCCGTCGCCGGCTA-1,1,9,59,8603,13636
AATCGGGACACTACGA-1,1,8,60,8349,13785
GTCACAAAGTTTCCAA-1,1,9,61,8606,13930
TATATTCGCGTCGATA-1,1,8,62,8352,14079
CCTCCCGACAATCCCT-1,1,9,63,8609,14223
CGACATGCGATCTTCT-1,1,8,64,8355,14373
AACACGACTGTACTGA-1,1,9,65,8612,14517
CCCAACCACACTAACA-1,1,8,66,8358,14667
CACCGCCGACCAGCGA-1,1,9,67,8615,14811
TGGTATCGCATCCCAA-1,1,8,68,8361,14961
CAGAGTGATTTAACGT-1,1,9,69,8618,15105
AACCCTGGTGGAACCA-1,1,8,70,8364,15255
GTCAGTTGTGCTCGTT-1,1,9,71,8621,15399
ATTGACGTAACTCGGT-1,1,8,72,8367,15549
GATGTCGGTCAACTGC-1,1,9,73,8624,15693
AGGGCAGCGGCGTGGT-1,1,8,74,8370,15842
ACATCGTTAACCTAGT-1,1,9,75,8627,15987
TCCATTGTGACCTCGT-1,1,8,76,8373,16136
TGTTTAATACTTCATC-1,1,9,77,8630,16281
TTGCTGGCCGGGCTTC-1,1,8,78,8376,16430
CATATTATTTGCCCTA-1,1,9,79,8633,16575
CTGCCTAGCCACCAAG-1,1,8,80,8379,16724
ACGAGATATTTGCTTA-1,1,9,81,8636,16868
GACTACAATTGCTCGT-1,1,8,82,8382,17018
AACGTGATGAAGGACA-1,1,9,83,8639,17162
ACTCTCTTATACACGA-1,1,8,84,8385,17312
CGCATCATGGCTTCAG-1,1,9,85,8642,17456
CGGCTCTTCGTCGAAC-1,1,8,86,8388,17606
ATTCTTCGTACTTATG-1,1,9,87,8645,17750
AGTGAGGGTTTCTGAC-1,1,8,88,8391,17900
GCCAGGCGTTCGCATG-1,1,9,89,8648,18044
GACTAACACAGCACCT-1,1,8,90,8394,18194
CAATGGAATCTACATA-1,1,9,91,8651,18338
GTGGTCAGCGAAGTAT-1,1,8,92,8397,18487
ATGGCTGGAAATGGCC-1,1,9,93,8654,18632
ATCAGGTCGCCATTGC-1,1,8,94,8400,18781
TATCACCATGTAAAGT-1,1,9,95,8657,18926
AGCGCTTATGGGCAAG-1,1,8,96,8403,19075
AAGCGGCGTCATGGGT-1,1,9,97,8660,19220
ACTAATACGTCAGGCG-1,1,8,98,8406,19369
GGCTGAGCATCGTAAG-1,1,9,99,8663,19513
CGGTTGGGTTCAAGTT-1,1,8,100,8409,19663
GACTGATTGGTCACAA-1,1,9,101,8666,19807
AGACGGGCCGATTTAA-1,1,8,102,8412,19957
ACCAGTGCCCGGTCAA-1,1,9,103,8669,20101
GTCCTTTAATGACTTC-1,1,8,104,8415,20251
CCTACAAGTCCGGAAT-1,1,9,105,8672,20395
GCCTGCTACACTGAGA-1,0,8,106,8418,20545
GACTCGGTCGGCGGAT-1,0,9,107,8675,20689
CTAGACATATATGTAG-1,0,8,108,8421,20839
TCGCCCAACTGACTCC-1,0,9,109,8678,20983
AAACTAACGTGGCGAC-1,0,8,110,8424,21132
AACTGAGGTCAGCGTC-1,0,9,111,8681,21277
ACAATGATTCTTCTAC-1,0,8,112,8427,21426
ATAAGTACCCGATTGT-1,0,9,113,8684,21571
ATTGGGAGTTCTGTAA-1,0,8,114,8430,21720
CGAACATAGTCAGAAA-1,0,9,115,8687,21865
TAGCTCAGATCCTAGT-1,0,8,116,8433,22014
GTGTCGTATTCACCTT-1,0,9,117,8690,22158
CTCACCGATCCAAACT-1,0,8,118,8436,22308
ATATGTGCACAAACCA-1,0,9,119,8693,22452
CAGTCCAACGCCTTCT-1,0,8,120,8439,22602
TCGTCCGGGTACACTC-1,1,9,121,8696,22746
GCAGAAACGTAATCCA-1,0,8,122,8442,22896
TTCGAGCCGGCGCTAC-1,1,9,123,8699,23040
GGAAGATAAGACTGTA-1,1,8,124,8445,23190
ATAAGCAAACACCGAG-1,1,9,125,8702,23334
GCATAAATTGAACGCC-1,1,8,126,8448,23484
CGCCGGTGTCGCAGTA-1,1,9,127,8705,23628
GACCTGGTCTGGGCGT-1,1,10,0,8770,4963
AGCCGCTTGATTAGCG-1,1,11,1,9027,5108
CCCGGCTAGGTGAGAA-1,1,10,2,8773,5257
CGAGCCGAGCACTCGA-1,1,11,3,9030,5401
TAGTGCTTGAATCCTT-1,1,10,4,8776,5551
CAACCGCACCTAGACA-1,1,11,5,9033,5695
ACCACTGTTCAAGAAG-1,1,10,6,8779,5845
AGATGCTATAACGAGC-1,1,11,7,9036,5989
AATTACTCGTACGCTC-1,1,10,8,8782,6139
CGTCAATCTTTAACAT-1,1,11,9,9039,6283
CCAAAGCAGTTGGTTG-1,1,10,10,8785,6433
CCATATTGGATCATGA-1,1,11,11,9042,6577
CGTACCGAAAGTCTAG-1,1,10,12,8788,6727
CTCGAGATCCAAAGCA-1,1,11,13,9045,6871
TGGATAGAGTAACAGA-1,1,10,14,8791,7020
TCACAGATCCTCAAAC-1,1,11,15,9048,7165
AGAGCTACGAAAGCAT-1,1,10,16,8794,7314
TGCGTGATTGGGTGTC-1,1,11,17,9051,7459
CACATGTTTGGACATG-1,1,10,18,8797,7608
TTCGCATCCGGAAGCA-1,1,11,19,9054,7753
CCCTAGTGTCAGGTGT-1,1,10,20,8800,7902
TTACCGCCTTAGGGAA-1,1,11,21,9057,8046
CCAGTCCATTATTCGA-1,1,10,22,8803,8196
CGTAAACGCTTGAGTG-1,1,11,23,9060,8340
ATTCCTTCCAGGCGGT-1,1,10,24,8806,8490
TTCCTTTCTGTGTTGC-1,1,11,25,9063,8634
AGTTGACATCGGCTGG-1,1,10,26,8809,8784
AACTCGATGGCGCAGT-1,1,11,27,9066,8928
GATAAGGCAGATGCAA-1,1,10,28,8812,9078
GGCTGGCTAGCTTAAA-1,1,11,29,9069,9222
CCTCATGCAGCTACGA-1,1,10,30,8815,9372
GACGCCTGTTGCAGGG-1,1,11,31,9072,9516
TAATTAGATGGATATG-1,1,10,32,8818,9665
GAGGGCATCGCGTATC-1,1,11,33,9075,9810
CTTGTGAGTCTTTGAC-1,1,10,34,8821,9959
TCAACACATTGGGTAA-1,1,11,35,9078,10104
ACTGTATACGCGAGCA-1,1,10,36,8824,10253
GTGAAACGTGCTCCAC-1,1,11,37,9081,10398
CGAGTGCTATAGTTCG-1,1,10,38,8827,10547
GTACTGCATGAAGCGT-1,1,11,39,9084,10692
GTAACTTGCGGCAGTC-1,1,10,40,8830,10841
GAATCGCCGGACACGG-1,1,11,41,9087,10985
GGGAGTAATGGCTGGC-1,1,10,42,8833,11135
CATGAACCGACATTTG-1,1,11,43,9090,11279
TCTGTCATACAAGAGC-1,1,10,44,8836,11429
GTCGTCAATTATAAGG-1,1,11,45,9093,11573
TAAAGAGCCCGAAACC-1,1,10,46,8839,11723
GTACTGAGGTCGTAAC-1,1,11,47,9096,11867
AAAGACCCAAGTCGCG-1,1,10,48,8842,12017
CGTCAGTGCGCACAAG-1,1,11,49,9099,12161
TGTATCCTTATTCCAT-1,1,10,50,8845,12311
ATTCTCGTCTCTTTAG-1,1,11,51,9102,12455
AAAGTCACTGATGTAA-1,1,10,52,8848,12604
TGTCTACAGTTTCTGT-1,1,11,53,9105,12749
TTAACGTCGCAAGACC-1,1,10,54,8851,12898
CTATGTCTATTGAAAC-1,1,11,55,9108,13043
TCGGGTGAAACTGCTA-1,1,10,56,8854,13192
TGTCCCGACATAGCAC-1,1,11,57,9111,13337
ACAGCATAGAGCCAGT-1,1,10,58,8857,13486
ATATTCCCACAGGTCA-1,1,11,59,9114,13630
TTGGATCGACTTCTGG-1,1,10,60,8860,13780
CACCATCGGAGGAGAC-1,1,11,61,9117,13924
TCGTTCGTTATTATGT-1,1,10,62,8863,14074
CTTAACTTCGAAGTAC-1,1,11,63,9120,14218
GCACAAGTGTCGGAAG-1,1,10,64,8866,14368
TACCAGCTAGGTTTAA-1,1,11,65,9123,14512
ACGTACAGATTTCTCT-1,1,10,66,8869,14662
AATTTGGTTCCAAAGA-1,1,11,67,9126,14806
GTAAGGATTTGTCGGA-1,1,10,68,8872,14956
CATCATCTACCCGGAC-1,1,11,69,9129,15100
ACGATGGATCCGATGC-1,1,10,70,8875,15249
CACTCAGCTCTTGAGG-1,1,11,71,9132,15394
TAGATCCGAAGTCGCA-1,1,10,72,8878,15543
TGAAACTTATGCAAGC-1,1,11,73,9135,15688
GCGATTCTGGAAGCAG-1,1,10,74,8881,15837
CAAACTATTGAGCTTC-1,1,11,75,9138,15982
TAGAATTAAGGGCAAC-1,1,10,76,8884,16131
CGAAACATAGATGGCA-1,1,11,77,9141,16275
GATGGTGCCCTAGGCA-1,1,10,78,8887,16425
CCCGCAGGGCCCAAAG-1,1,11,79,9144,16569
ACAGCGCACCCGCAGC-1,1,10,80,8890,16719
GGTAAATGTGCGTTAC-1,1,11,81,9147,16863
GTCCTTCTAGTGGGTT-1,1,10,82,8893,17013
GGAAGCTCGCTTACAG-1,1,11,83,9150,17157
CACCGATACACCGAGC-1,1,10,84,8896,17307
CAGCCGGGCCCTCTAT-1,1,11,85,9153,17451
CGGAGCTTATAACACC-1,1,10,86,8899,17601
ATTACAACTACCGGCC-1,1,11,87,9156,17745
TCCTCTGGCCCATTAG-1,1,10,88,8902,17894
CGGCACCGTTAGCGCC-1,1,11,89,9159,18039
TCGGTCCCTGACTCCA-1,1,10,90,8905,18188
TGGTTGGAGGATCCTG-1,1,11,91,9162,18333
CTGCGGTAGTCACGTG-1,1,10,92,8908,18482
GTGCCTCAGTGTACGG-1,1,11,93,9165,18627
ATCGTTCACTTTCGCC-1,1,10,94,8911,18776
ACTTACCGGGCGCGCA-1,1,11,95,9168,18920
CTAGACTGCATTTCGT-1,1,10,96,8914,19070
TTGCCGGTGATCCCTC-1,1,11,97,9171,19214
CTGTCACGCCAGGCGC-1,1,10,98,8917,19364
CGGTATAGGTATTAGC-1,1,11,99,9174,19508
CCAACGCTTGCCAGGG-1,1,10,100,8920,19658
CGTTGAGTAATTGCGT-1,1,11,101,9177,19802
TGTATTTACCTAATGC-1,1,10,102,8923,19952
TAAATGCCGTCTCATG-1,1,11,103,9180,20096
CGGTTTATGAAGGAAC-1,1,10,104,8926,20246
GCAAGATGTGTTCGCG-1,1,11,105,9183,20390
AAAGGTAAGCTGTACC-1,1,10,106,8929,20539
GTACGTCACGTATTAA-1,1,11,107,9186,20684
AGTACCTTCGAGTGCT-1,1,10,108,8932,20833
ATTGTGACTTCGCTGC-1,1,11,109,9189,20978
TGTATCAGACTGAAGC-1,0,10,110,8935,21127
GAGACCCTGCAACGCC-1,1,11,111,9192,21272
TGGGTGGGATGTCATT-1,0,10,112,8938,21421
GGCTAATGATTGAAAT-1,1,11,113,9195,21565
ATAACGTTACCTCCAC-1,1,10,114,8941,21715
TGCGAGATGGCGGCCA-1,1,11,115,9198,21859
CACACTTGTATTGCGA-1,1,10,116,8944,22009
GCTGGTGACTCGTAGT-1,1,11,117,9201,22153
CGACACCGCTTAAGGA-1,0,10,118,8947,22303
GTAACAACTGACCTTG-1,1,11,119,9204,22447
CAACTGAGGGTATGAC-1,1,10,120,8950,22597
CTAATTATGAAGCGTA-1,1,11,121,9207,22741
CCGATCTTAAGAGGCT-1,1,10,122,8953,22891
CGACTCGGTACACGGT-1,1,11,123,9210,23035
TGCTGCGTCAGAGTTA-1,1,10,124,8956,23184
AGAGTTGCAGGCCTCC-1,1,11,125,9213,23329
ACTGGCGAACCTGCGT-1,1,10,126,8959,23478
ACTAAGGACGCACACC-1,1,11,127,9216,23623
CGTCCAGATGGCTCCA-1,1,12,0,9281,4958
ACTATCGCCGGCTAAA-1,1,13,1,9539,5102
GATAGCGTACCACGCG-1,1,12,2,9284,5252
AGGACTTATAGGAGAA-1,1,13,3,9542,5396
TAGTCGGGATTCTTCG-1,1,12,4,9287,5546
ACCATTAAGGGTGTCA-1,1,13,5,9545,5690
TTAATGTGTTTGCAGG-1,1,12,6,9290,5840
TCCGCAGCCACCTAGC-1,1,13,7,9548,5984
GAGGAGATCCTCATGC-1,1,12,8,9293,6134
GGTCCTTCATACGACT-1,1,13,9,9551,6278
CCCTGTTGGCAAAGAC-1,1,12,10,9296,6427
GTGCCTAGCTATGCTT-1,1,13,11,9554,6572
GTCATCTCCTACAGCT-1,1,12,12,9299,6721
GCGAGAAACGGGAGTT-1,1,13,13,9557,6866
CGTCGCGGCGGGATTT-1,1,12,14,9302,7015
CATTGTGTGCTAGATC-1,1,13,15,9560,7160
CGCGGCAGTATTACGG-1,1,12,16,9305,7309
GAAATGGGATGTAAAC-1,1,13,17,9563,7453
CATTCCCTAAGTACAA-1,1,12,18,9308,7603
AGTTCTGCGTTGTATC-1,1,13,19,9566,7747
ACCCTATAGGACTGAG-1,1,12,20,9311,7897
TTAGATAGGTCGATAC-1,1,13,21,9569,8041
ATTGATAGCAACGAGA-1,1,12,22,9314,8191
TCTCGGCTCCAGGACT-1,1,13,23,9572,8335
CTTGAGGTTATCCCGA-1,1,12,24,9317,8485
AAGAAGGATCAGTTAG-1,1,13,25,9575,8629
GTACGACGGCGCTGCG-1,1,12,26,9320,8779
CTTATGTTGACTACCA-1,1,13,27,9578,8923
CGGCACTCAAGAAAGT-1,1,12,28,9323,9072
GTCAAAGTTTACATAG-1,1,13,29,9581,9217
CTCCTAAGTTATGTCT-1,1,12,30,9326,9366
ACTGTGCTAGTAGATC-1,1,13,31,9584,9511
GTTTGGCCGCTCAGCG-1,1,12,32,9329,9660
TTATCCAATCGAACTC-1,1,13,33,9587,9805
CCGTACCCAAGCGCCA-1,1,12,34,9332,9954
CATACAAAGCCGAACC-1,1,13,35,9590,10098
GGTCGGTAATTAGACA-1,1,12,36,9335,10248
AGCGGGAAGGGTCCAT-1,1,13,37,9593,10392
GCCCACCAAGGCTGTC-1,1,12,38,9338,10542
GTAGACGTCGTTACAT-1,1,13,39,9596,10686
GAGCATCATCCCTGGG-1,1,12,40,9341,10836
AGGTAACCTCCTATTC-1,1,13,41,9599,10980
GGTTTGAGTGCTGGAA-1,1,12,42,9344,11130
GCACTAGTCGCGCTAT-1,1,13,43,9602,11274
GGTAACTATGTATCTG-1,1,12,44,9347,11424
GCGGTCCCTAGACGCA-1,1,13,45,9605,11568
CGAGCGTTGATCAGCC-1,1,12,46,9350,11718
AATCCAAGGGCCTGAG-1,1,13,47,9608,11862
CCGTGCCCATGACGGC-1,1,12,48,9353,12011
GAAATTCACATCGCTG-1,1,13,49,9611,12156
CTCTGCGAAGCAAGCA-1,1,12,50,9356,12305
AGTAGGTAACATACAT-1,1,13,51,9614,12450
ATTGGGAATATCTTGG-1,1,12,52,9359,12599
TAGAGCTACGAAGAAC-1,1,13,53,9617,12744
TGCGGCATAGTTCAAC-1,1,12,54,9362,12893
CCGCCGGTCAACACAC-1,1,13,55,9620,13037
TCGTATAGTGCAATTA-1,1,12,56,9365,13187
TAGTTTATTCTTGCTT-1,1,13,57,9623,13331
GATATCTCATGCAATA-1,1,12,58,9368,13481
CGTTTAAGCGGAGCAC-1,1,13,59,9626,13625
CATGCTGGCTCCAATT-1,1,12,60,9371,13775
GAAACAGCCATGCAGT-1,1,13,61,9629,13919
AGTTTCGCAGGTCGGA-1,1,12,62,9374,14069
CTCATGGCTCACAATC-1,1,13,63,9632,14213
AACCGTTGTGTTTGCT-1,1,12,64,9377,14363
ACCCTTCATCTGCGAA-1,1,13,65,9635,14507
TGCGGTGAAATTTCAT-1,1,12,66,9380,14656
CAAATTGTCAGCAAGC-1,1,13,67,9638,14801
GAGGTACATCCATCTT-1,1,12,68,9383,14950
AAATGGCATGTCTTGT-1,1,13,69,9641,15095
TCATCCCAGAGGGTGG-1,1,12,70,9386,15244
CGTAGCGAATTGTCAG-1,1,13,71,9644,15389
CCTAGTTAGTCGCATG-1,1,12,72,9389,15538
GAAACTCTAATGAAGG-1,1,13,73,9647,15682
TTGTATCACACAGAAT-1,1,12,74,9392,15832
TTCAAGCCGAGCTGAG-1,1,13,75,9650,15976
AGGTACGATATTGCCA-1,1,12,76,9395,16126
TTAAGCCGACAACTTC-1,1,13,77,9653,16270
GTCTTAGTACAGCCGG-1,1,12,78,9398,16420
TGGGTAAGGTTCCCGC-1,1,13,79,9656,16564
CTACGCCATTTCCGAT-1,1,12,80,9401,16714
GACCGTCAGGTCGTGA-1,1,13,81,9659,16858
TAGTTAAGATAGGATA-1,1,12,82,9404,17008
GAATATTCGGAGTCCC-1,1,13,83,9662,17152
CAAACTACGATAGAGA-1,1,12,84,9407,17301
CAGGAAGACTTTATAT-1,1,13,85,9665,17446
TTCGTAATCCCAGCGG-1,1,12,86,9410,17595
GTGAGGAGCGGTTGAG-1,1,13,87,9668,17740
CAATCCCTATACCAGC-1,1,12,88,9413,17889
AGGGAAACGAGGTACT-1,1,13,89,9671,18034
TCCTGCCAACTGGAGA-1,1,12,90,9416,18183
AATTTGGGACATAGTA-1,1,13,91,9674,18327
AACTCCTAATCCCATG-1,1,12,92,9419,18477
GCTCATTACTGCATGT-1,1,13,93,9677,18621
TCTCGAACGAGGTCAC-1,1,12,94,9422,18771
TCACTACGACCAATGC-1,1,13,95,9680,18915
GTGATGCACAACATCT-1,1,12,96,9425,19065
CCGACGTAAACACAAC-1,1,13,97,9683,19209
TGGGATGCACTCATTC-1,1,12,98,9428,19359
TTCCATCATGCGGTGA-1,1,13,99,9686,19503
TGCACAGTGAAGTTAT-1,1,12,100,9431,19653
CTATTGTGTTTGGTCA-1,1,13,101,9689,19797
TGCGAGCCCTTCCGCG-1,1,12,102,9434,19946
TTGAAAGGTGTAAAGG-1,1,13,103,9692,20091
GGTGCAGAGCCTATCG-1,1,12,104,9437,20240
ACTATATGCTGTGTTC-1,1,13,105,9695,20385
TCCTGGCGCTGCCTGG-1,1,12,106,9440,20534
GAGCCGAGCGTTTATT-1,1,13,107,9698,20679
AGAATGCGGGTTCGGA-1,1,12,108,9443,20828
ATGCGACAATTGGTCC-1,1,13,109,9701,20972
TTCCGGCTCGACTTCT-1,1,12,110,9446,21122
TGATTATGGCACGCAG-1,1,13,111,9704,21266
GGTTTGACAAGAAGCT-1,1,12,112,9449,21416
GCAGCTATGGACAGGT-1,1,13,113,9707,21560
CACCATGATCGCAAAG-1,1,12,114,9452,21710
GTCGGAAGGATACCAG-1,1,13,115,9710,21854
GGCCCAGTTATCAGCA-1,1,12,116,9455,22004
GGGCCTATTTAAGTAT-1,1,13,117,9713,22148
GTTGTTACATTGCGCT-1,1,12,118,9458,22298
CAACTCCGTAACTTGC-1,1,13,119,9716,22442
GATCTTTGCTCAAAGA-1,1,12,120,9461,22591
TCGCTTAATTACGAAG-1,1,13,121,9719,22736
CGATCATTAGAGGCAC-1,1,12,122,9464,22885
TGTTCTCTACTCCCTA-1,1,13,123,9722,23030
GCTTAGGGAAGCGGTA-1,1,12,124,9467,23179
CAGGTTTAGTACTACA-1,1,13,125,9725,23324
AAGCGGAGTGCGCGCA-1,1,12,126,9470,23473
TCAGATGGAGACGTAG-1,1,13,127,9728,23617
TCGCACTAACGTTTGT-1,1,14,0,9793,4953
CACGTCGGGTTCTAGA-1,1,15,1,10050,5097
GGAGTACACATGAGCT-1,1,14,2,9796,5247
GTGTGTCGACGTCGCT-1,1,15,3,10053,5391
GAAGCTCTTTGCTTAG-1,1,14,4,9799,5541
ACACCGAGCGCTCTTT-1,1,15,5,10056,5685
CGTAATAATTACGAGT-1,1,14,6,9802,5834
CATCAACACCTACTAA-1,1,15,7,10059,5979
CCAAGTTTCTACAGAT-1,1,14,8,9805,6128
ACGGGTCATGTGACTT-1,1,15,9,10062,6273
AGTGTGCTAAGATCGC-1,1,14,10,9808,6422
GGCGGTTTGCCGGTGC-1,1,15,11,10065,6567
GTATAATCTCCCGGAT-1,1,14,12,9811,6716
TAGTCCGTATGCATAA-1,1,15,13,10068,6860
CACTTCGTCTTATCTC-1,1,14,14,9814,7010
CATCCGCAGGCCCGAA-1,1,15,15,10071,7154
CCCTGATGTAACTCGT-1,1,14,16,9817,7304
CCATAGTCAGTAACCC-1,1,15,17,10074,7448
CGGGCCATAGCCGCAC-1,1,14,18,9820,7598
CTCCGGCTTGTAGACA-1,1,15,19,10077,7742
AACTTGCGTTCTCGCG-1,1,14,20,9823,7892
AATGAGTTCGCATATG-1,1,15,21,10080,8036
CGAGGCCAGGCATTGG-1,1,14,22,9826,8186
TCTGCGTCCGGTTTCT-1,1,15,23,10083,8330
CAATCCTGCCGTGGAG-1,1,14,24,9829,8479
CTGAGCAAGTAACAAG-1,1,15,25,10086,8624
GGGTACCCACGGTCCT-1,1,14,26,9832,8773
ACGGAATTTAGCAAAT-1,1,15,27,10089,8918
GGGCGGTCCTATTGTC-1,1,14,28,9835,9067
ATGTTACGAGCAATAC-1,1,15,29,10092,9212
AACCATGGGATCGCTA-1,1,14,30,9838,9361
TCGCATCCCTAAGTGT-1,1,15,31,10095,9505
ACTTAGTACGACAAGA-1,1,14,32,9841,9655
GAGCTCTCGGACCTAA-1,1,15,33,10098,9799
TCTATTACGCTGGCGA-1,1,14,34,9844,9949
AGATACGACTTCATAT-1,1,15,35,10101,10093
CGCTATACCGCCCACT-1,1,14,36,9847,10243
CAGTGTCCGCAGAATG-1,1,15,37,10104,10387
CCATCCATACCAAGTC-1,1,14,38,9850,10537
AACCCAGAGACGGAGA-1,1,15,39,10107,10681
GAAGAACGGTGCAGGT-1,1,14,40,9853,10831
GATAAATCGGTGGATG-1,1,15,41,10110,10975
CAGCTCGTGCTTGTGT-1,1,14,42,9856,11125
GAGTACGGGTATACAA-1,1,15,43,10113,11269
CATCGCCCGCGGCCAA-1,1,14,44,9859,11418
TCTTACAGAGGTACCG-1,1,15,45,10116,11563
TGGAAGACGAACACCA-1,1,14,46,9862,11712
GTTGTCGTGTTAGTTG-1,1,15,47,10119,11857
CCAAGGAACAGAGAGG-1,1,14,48,9865,12006
CTGCACCTGGAACCGC-1,1,15,49,10122,12151
CGCTTTCATACCGGTG-1,1,14,50,9868,12300
GTTCTTCCCTCGATGT-1,1,15,51,10125,12444
ATTTAACTCGTATTAC-1,1,14,52,9871,12594
AACGATAGAAGGGCCG-1,1,15,53,10128,12738
TATCCTGCATGGGAAT-1,1,14,54,9874,12888
AGGCCCATTGTACAGG-1,1,15,55,10131,13032
CCGGCGCATATTGGAT-1,1,14,56,9877,13182
ATCTGTAATTGTACCC-1,1,15,57,10134,13326
GAGCGAGGGAGTACCG-1,1,14,58,9880,13476
TTATTAGGGAAGCATC-1,1,15,59,10137,13620
CTTCTTACGTCGTATA-1,1,14,60,9883,13770
GAAGTGCTGGATAGCT-1,1,15,61,10140,13914
GTGCAACAAATGTGGC-1,1,14,62,9886,14063
CATGCGTTAGACAGAA-1,1,15,63,10143,14208
ACACACTTTCTACACG-1,1,14,64,9889,14357
AGCCCTAAGCGAAGTT-1,1,15,65,10146,14502
ATTAATTCGGTCACTC-1,1,14,66,9892,14651
AACAGGAAATCGAATA-1,1,15,67,10149,14796
ACGTTTAGTTGTGATC-1,1,14,68,9895,14945
TCCTTCAGTGGTCGAA-1,1,15,69,10152,15089
CGAACGCCCAGTGCCG-1,1,14,70,9898,15239
CCTCGAAGTGGACGGG-1,1,15,71,10155,15383
CTCTGTTTGAGGATTC-1,1,14,72,9901,15533
TGGGCACGTTCTATGG-1,1,15,73,10158,15677
ACTATTCGTCCGTGGT-1,1,14,74,9904,15827
CCTCTGGCCTAGACGG-1,1,15,75,10161,15971
CCATAAACAACCCGAC-1,1,14,76,9907,16121
CATAGTACATTGAGAG-1,1,15,77,10164,16265
ATTTCATTATTTCGCG-1,1,14,78,9910,16415
CAACTATATCGAATGC-1,1,15,79,10167,16559
CTAGTATTCGGAATTA-1,1,14,80,9913,16708
GTGGAACCTACATGCG-1,1,15,81,10170,16853
CCTAAAGGCTGACGCT-1,1,14,82,9916,17002
CGTGACATTGGGTCGT-1,1,15,83,10173,17147
CCAATCGGTAGATCGA-1,1,14,84,9919,17296
ATTGTCGCAATACCTT-1,1,15,85,10176,17441
AAATTACACGACTCTG-1,1,14,86,9922,17590
CACTCCTCTCGGTCGG-1,1,15,87,10179,17734
AAATAACCATACGGGA-1,1,14,88,9925,17884
AGTTACTCTATCGTGG-1,1,15,89,10182,18028
CGTTAGCTCACAACTG-1,1,14,90,9928,18178
GAATGTATGGCAGGTC-1,1,15,91,10185,18322
GCAACCACCAGACCGG-1,1,14,92,9931,18472
TCACTCGTGCAACGGC-1,1,15,93,10188,18616
AAACAGAGCGACTCCT-1,1,14,94,9934,18766
CAGCCTCTCCTCAAGA-1,1,15,95,10191,18910
TTGCGTGAACGCTTAG-1,1,14,96,9937,19060
CCGCCTGCGAATTGGT-1,1,15,97,10194,19204
AGATGAGGGTTGCGAT-1,1,14,98,9940,19353
CGGTGGGCTCCAGCCT-1,1,15,99,10197,19498
GGCAGCGGTAATCCTA-1,1,14,100,9943,19647
GCTAGCAGGGAGTGGG-1,1,15,101,10200,19792
CTCAAGACATTAGCGC-1,1,14,102,9946,19941
CACGGCGCGCCAAAGG-1,1,15,103,10203,20086
TGCAATTTGGGCACGG-1,1,14,104,9949,20235
ATGCCAATCGCTCTGC-1,1,15,105,10206,20379
GCTGGACCCAAAGTGG-1,1,14,106,9952,20529
ATTCCTAAGACGTGGA-1,1,15,107,10209,20673
TCCGGAGGAAGGGCTG-1,1,14,108,9955,20823
TCGGTGACCGCTCCGG-1,1,15,109,10212,20967
TCCGAAGTAGTCACCA-1,1,14,110,9958,21117
CATGTAGGAGCGCCAA-1,1,15,111,10215,21261
CACAAGAAAGATATTA-1,1,14,112,9961,21411
AGGGTCAGTAACCCTA-1,1,15,113,10218,21555
TAAGCCCTTACGACCA-1,1,14,114,9964,21705
ATACCGTCATCCATAA-1,1,15,115,10221,21849
GGACGTCCATAGTTGG-1,1,14,116,9967,21998
CATCAAACTGGCGCCC-1,1,15,117,10224,22143
AAACGTGTTCGCCCTA-1,1,14,118,9970,22292
AAATTGGTGAGAAGCA-1,1,15,119,10227,22437
GGTCATTGTAGTCATA-1,1,14,120,9973,22586
TGCAGTGAGGCTCGGG-1,1,15,121,10230,22731
GAACATTAGTATGTTA-1,1,14,122,9976,22880
GGTTTGCGAACACGTA-1,1,15,123,10233,23024
ACACAAATATTCCTAG-1,1,14,124,9979,23174
TTGGGTTTATTCAGCG-1,1,15,125,10236,23318
ATTCGCAGAGGACACT-1,1,14,126,9982,23468
GATTTAGTGCGTACTG-1,1,15,127,10239,23612
TAGAAACACAATAGTG-1,1,16,0,10304,4948
CAGTAGATGATGTCCG-1,1,17,1,10561,5092
TCTTAACTCGGATGTA-1,1,16,2,10307,5241
TACATCTTGTTTCTTG-1,1,17,3,10564,5386
TTCATAGGGTGTCCAT-1,1,16,4,10310,5535
TGAAGTAGCTTACGGA-1,1,17,5,10567,5680
GCACAAGTGGATCATA-1,1,16,6,10313,5829
GGGCGAATTTCTCCAC-1,1,17,7,10570,5974
ATGTTCCTGCCCACCT-1,1,16,8,10316,6123
GCTCAACCTCTTAGAG-1,1,17,9,10573,6267
ATAGCTGCTCTTGTTA-1,1,16,10,10319,6417
CGTCAGCTATTTACTC-1,1,17,11,10576,6561
ATCTGATAGTGTCTTA-1,1,16,12,10322,6711
TGCACTATGTGAGTGC-1,1,17,13,10579,6855
CCGACAAACACATGAG-1,1,16,14,10325,7005
GCCTTGTATATGCAGT-1,1,17,15,10582,7149
ATAATACCGTTAGCCG-1,1,16,16,10328,7299
ACACTCCAATGTCACT-1,1,17,17,10585,7443
AGTTGCTGACTGATAT-1,1,16,18,10331,7593
GGCGCTCCTCATCAAT-1,1,17,19,10588,7737
TGCCTGACATCGGTCA-1,1,16,20,10334,7886
TTGGCCATCTTGCGCT-1,1,17,21,10591,8031
CAGTGGTTGCACATGA-1,1,16,22,10337,8180
AGAATTGTTTGACATA-1,1,17,23,10594,8325
AAATGCTCGTTACGTT-1,1,16,24,10340,8474
CACCTAATAGAGTCGT-1,1,17,25,10597,8619
CATTTCTAGCAGACTA-1,1,16,26,10343,8768
CCGAAAGTGGTGAGCA-1,1,17,27,10600,8912
AGTCAGCCACCGCCTG-1,1,16,28,10346,9062
TCATCACTCGAGCTCG-1,1,17,29,10603,9206
CTCAGGACTCACCTGT-1,1,16,30,10349,9356
CGGTGTACTTGATCCC-1,1,17,31,10606,9500
CCTACGGCTCAGTCGA-1,1,16,32,10352,9650
GTACTTGGGCACTTCT-1,1,17,33,10609,9794
TGATTTCCTCCTGACG-1,1,16,34,10355,9944
CCTCACCAATCTTGAC-1,1,17,35,10612,10088
GGTGAGATGCAGATAA-1,1,16,36,10358,10238
GCTAGTTTCATTGAGG-1,1,17,37,10615,10382
AGGACATCGCACGTCG-1,1,16,38,10361,10532
GTGGACGTGCTGAGAC-1,1,17,39,10618,10676
TAAGGAACTTGTGGGA-1,1,16,40,10364,10825
TCGCTGTGCGTAAATC-1,1,17,41,10621,10970
GCATCCCTAACTTTGA-1,1,16,42,10367,11119
CACCCACACGTCACCC-1,1,17,43,10624,11264
CCCTCATTCTGGAATT-1,1,16,44,10370,11413
AGGGCGTGATCGGCTA-1,1,17,45,10627,11558
GGTGCGGATAAGTGGC-1,1,16,46,10373,11707
TAATATTGAAATTCGC-1,1,17,47,10630,11851
CTTACACTGGGAAATA-1,1,16,48,10376,12001
ACCAAGAACGCGTGTC-1,1,17,49,10633,12145
GCCTTCAGCCCTACCG-1,1,16,50,10379,12295
GATGCTACAAGCGCCT-1,1,17,51,10636,12439
CCGGGACCCGCAGAGA-1,1,16,52,10382,12589
GTTCCAGTCTGACCAT-1,1,17,53,10639,12733
ATGATCGGGAATAGAC-1,1,16,54,10385,12883
TTGGATTGGGTACCAC-1,1,17,55,10642,13027
TACCTCACGCTTGTAC-1,1,16,56,10388,13177
CATGGCAGGAAGATCG-1,1,17,57,10645,13321
ATGACGCCGGCTCTAA-1,1,16,58,10391,13470
AGCGACATCCCATTCA-1,1,17,59,10648,13615
AGTAATGTCTTGCCGC-1,1,16,60,10394,13764
TTCTTAGTGGCTCAGA-1,1,17,61,10651,13909
CGTCTGGAAGGGCCCG-1,1,16,62,10397,14058
ACGTGCGCCTCGTGCA-1,1,17,63,10654,14203
AGAGCGGGCTAATCAT-1,1,16,64,10400,14352
GCGTCGAAATGTCGGT-1,1,17,65,10657,14496
AACTGATATTAGGCCT-1,1,16,66,10403,14646
CGAGCTGGGCTTTAGG-1,1,17,67,10660,14790
GGGTGTTTCAGCTATG-1,1,16,68,10406,14940
TTAATTTCAGACGCGG-1,1,17,69,10663,15084
ACTGCCGTCGTAACTC-1,1,16,70,10409,15234
GTGCACGAAAGTGACT-1,1,17,71,10666,15378
ATCTCCCTGCAATCTA-1,1,16,72,10412,15528
ACGCCAGATGATTTCT-1,1,17,73,10669,15672
AGCTATTTAATCCAAC-1,1,16,74,10415,15822
CCACGAGAAGAGAATC-1,1,17,75,10672,15966
GATTCCGCGTTTCCGT-1,1,16,76,10418,16115
GTCGGATGTAGCGCGC-1,1,17,77,10675,16260
TATTTATACCGAGTAG-1,1,16,78,10421,16409
GTAGGTGATCCGTGTA-1,1,17,79,10678,16554
AGTTAAGCGGTCCCGG-1,1,16,80,10424,16703
CTGGCGACATAAGTCC-1,1,17,81,10681,16848
TTGGCCTAGAATTTCG-1,1,16,82,10427,16997
GGCATATCGGTTCTGC-1,1,17,83,10684,17141
GGGCGTCCACTGGCTC-1,1,16,84,10430,17291
TTACCCATTGCCGGGT-1,1,17,85,10687,17435
TTAGACACGATCGTTG-1,1,16,86,10433,17585
GCGCTGATCCAGACTC-1,1,17,87,10690,17729
TTCGGCAACCCGCTGA-1,1,16,88,10436,17879
GATATTTCCTACATGG-1,1,17,89,10693,18023
CTGCGTTACGATATAA-1,1,16,90,10439,18173
TAATAAACAAGGAGAT-1,1,17,91,10696,18317
AACCTTTACGACGTCT-1,1,16,92,10442,18467
AGTCCCGCCTTTAATT-1,1,17,93,10699,18611
TGAGATTAGGCCCTAA-1,1,16,94,10445,18760
AGTGTATTGCGCATTG-1,1,17,95,10702,18905
GTTGGATTCAGTGGCT-1,1,16,96,10448,19054
TAAAGCTGCAATAGGG-1,1,17,97,10705,19199
AGTAGGAAGGAAGTTG-1,1,16,98,10451,19348
TATCACTTCGAGTAAC-1,1,17,99,10708,19493
TGATCTACGCTGATCT-1,1,16,100,10454,19642
GGATCATCCCGTACGC-1,1,17,101,10711,19786
TGACACTTCTCTTTGC-1,1,16,102,10457,19936
AGCCCTTCTAATCCGA-1,1,17,103,10714,20080
CACCGCGTCCACTCTA-1,1,16,104,10460,20230
TAATTGGAATCGGGAA-1,1,17,105,10717,20374
TCGTAAGCTCCGAGGA-1,1,16,106,10463,20524
TATATTACAAATGTCG-1,1,17,107,10720,20668
CGCGAGAGGGACTTGT-1,1,16,108,10466,20818
GGACCTACGGTAACGT-1,1,17,109,10723,20962
GAAATATGCTTGAATG-1,1,16,110,10469,21112
CCGTATTAGCGCAGTT-1,1,17,111,10726,21256
AGGCGTCTATGGACGG-1,1,16,112,10472,21405
AACATCGATACGTCTA-1,1,17,113,10729,21550
TGAATATGCTATAAAC-1,1,16,114,10475,21699
ACCAAACACCCAGCGA-1,1,17,115,10732,21844
TGGCTTGTACAAGCTT-1,1,16,116,10478,21993
GAATGAAGGTCTTCAG-1,1,17,117,10735,22138
AGATACCAGCACTTCA-1,1,16,118,10481,22287
GCGGTCCCGGTGAAGG-1,1,17,119,10738,22431
GAGGCATTTGCAGCAG-1,1,16,120,10484,22581
GGCAAGCCAGGGATAG-1,1,17,121,10741,22725
TCTACGGGCTCAGTTG-1,1,16,122,10487,22875
TCTGCGAATCGTTCGC-1,1,17,123,10744,23019
AGCTCGTTGATGGAAA-1,1,16,124,10490,23169
TGAATGAGATACAGCA-1,1,17,125,10747,23313
ACCCTTGCCTGGGTCG-1,1,16,126,10493,23463
GGCGAACCGTTCTGAT-1,1,17,127,10750,23607
GCGATGTCTGTGCTTG-1,1,18,0,10816,4942
ATTAACACCTGAGATA-1,1,19,1,11073,5087
GAAATCTGACCAAGTT-1,1,18,2,10819,5236
CCTGACAAACTCGCGC-1,1,19,3,11076,5381
ATGTCATTTCCCATTG-1,1,18,4,10822,5530
GCGGTGCGGAGCATCG-1,1,19,5,11079,5674
CGGAAAGCAAATGTGC-1,1,18,6,10825,5824
GCTGAGCAACGGTTCT-1,1,19,7,11082,5968
TCACTCTTCGTCTGTC-1,1,18,8,10828,6118
GATCTTCATTGTCCTC-1,1,19,9,11085,6262
ACTCGATGTATTTCAT-1,1,18,10,10831,6412
TGAAGAGCGGTCCTAG-1,1,19,11,11088,6556
TAAACGTCGTCAATGA-1,1,18,12,10834,6706
ACGTTATTGGTCACTC-1,1,19,13,11091,6850
ATAGCCTCAGTACCCA-1,1,18,14,10837,7000
CGGGAGTATACCGCCG-1,1,19,15,11094,7144
GTCCTACAGGCGGCTC-1,1,18,16,10840,7293
CGGATAAGCGGACATG-1,1,19,17,11097,7438
AACTTCTGCGTCTATC-1,1,18,18,10843,7587
GGGTTCAGACGAACAA-1,1,19,19,11100,7732
AGTCTGGACATCCTTG-1,1,18,20,10846,7881
TTGAACGAATCCTTTG-1,1,19,21,11103,8026
GAAATACTAAACGTTT-1,1,18,22,10849,8175
CCCGCGCAATGCACCC-1,1,19,23,11106,8319
TTCGGCTAGAGATGGT-1,1,18,24,10852,8469
GACACGAGTTAGAGGA-1,1,19,25,11109,8613
GAGGTCCCAAAGATCT-1,1,18,26,10855,8763
TAACTCCATGGAGGCT-1,1,19,27,11112,8907
CTTGTTTATGTAGCCA-1,1,18,28,10858,9057
GATGGCGCACACATTA-1,1,19,29,11115,9201
ATAATAGTGTAGGGAC-1,1,18,30,10861,9351
CGCTATTCAATGTATG-1,1,19,31,11118,9495
ATATTGCTGTCAAAGT-1,1,18,32,10864,9645
GGATTCAGTACGGTGG-1,1,19,33,11121,9789
TTCTTAGTGAACGGTG-1,1,18,34,10867,9938
AATGGTTCTCACAAGC-1,1,19,35,11124,10083
TATACACGCAAAGTAT-1,1,18,36,10870,10232
CTTCATAGCTCAAGAA-1,1,19,37,11127,10377
CAACGGTTCTTGATAC-1,1,18,38,10873,10526
ACACCCGAGAAATCCG-1,1,19,39,11130,10671
TCTATCATGCAGTTAC-1,1,18,40,10876,10820
CCCGCCATGCTCCCGT-1,1,19,41,11133,10965
CGCTTCCACTGAAATC-1,1,18,42,10879,11114
CACTGTCCAAGTGAGA-1,1,19,43,11136,11258
ATTACTAGCCTCTTGC-1,1,18,44,10882,11408
CATAGTAGCATAGTAG-1,1,19,45,11139,11552
CAACTCCTTGATCCCG-1,1,18,46,10885,11702
AAGTAGAAGACCGGGT-1,1,19,47,11142,11846
GCGGGAACCAGGCCCT-1,1,18,48,10888,11996
ATTAGATTGATAGCGG-1,1,19,49,11145,12140
CTCGGTCCGTAGCCTG-1,1,18,50,10891,12290
TGGCTTTGGGTAGACA-1,1,19,51,11148,12434
TATCCATATCATGCGA-1,1,18,52,10894,12584
GGAGTGCCGCCCTGGA-1,1,19,53,11151,12728
TGAGAATGCTTTACCG-1,1,18,54,10897,12877
TTAACCAACCCTCCCT-1,1,19,55,11154,13022
TGTTTCGGTACTTCTC-1,1,18,56,10900,13171
TTGCTGAAGGAACCAC-1,1,19,57,11157,13316
TATTTAGTCTAGATCG-1,1,18,58,10903,13465
CTCCGGCCTAATATGC-1,1,19,59,11160,13610
TTGTGGCCCTGACAGT-1,1,18,60,10906,13759
TCGCCGGTCGATCCGT-1,1,19,61,11163,13903
CCATAGGTTGGCGTGG-1,1,18,62,10909,14053
GAACGACCGAATGATA-1,1,19,63,11166,14197
TCCGATAATTGCCATA-1,1,18,64,10912,14347
CATTACGTCGGCCCGT-1,1,19,65,11169,14491
CAAGCACCAAATGCCT-1,1,18,66,10915,14641
TGCATGGATCGGATCT-1,1,19,67,11172,14785
GAAATCGCGCGCAACT-1,1,18,68,10918,14935
CTGAAAGAGATCCGAC-1,1,19,69,11175,15079
CACCTCGATGGTGGAC-1,1,18,70,10921,15229
ATTTGTTCCAGGGCTC-1,1,19,71,11178,15373
TGGGCCACAAGAGCGC-1,1,18,72,10924,15522
CCTTCTTGATCCAGTG-1,1,19,73,11181,15667
CCTCGCCAGCAAATTA-1,1,18,74,10927,15816
TTCATGGCGCAACAGG-1,1,19,75,11184,15961
TTAATCAGTACGTCAG-1,1,18,76,10930,16110
CCTATCTATATCGGAA-1,1,19,77,11187,16255
ATTATACTTTGCTCGT-1,1,18,78,10933,16404
ATGGATCCGGCGTCCG-1,1,19,79,11190,16548
CGCCCGCTTCCGTACA-1,1,18,80,10936,16698
GGATTCCGCTATACCC-1,1,19,81,11193,16842
CGGTCTATCAACCCGT-1,1,18,82,10939,16992
ATGCCGGTTGATGGGA-1,1,19,83,11196,17136
TCATGCAGGTTCTCAT-1,1,18,84,10942,17286
TGAGCTTTAATGACGC-1,1,19,85,11199,17430
TCCCTTAGATTACTCG-1,1,18,86,10945,17580
ATATCTCCCTCGTTAA-1,1,19,87,11202,17724
AGCTCTTCCCAGTGCA-1,1,18,88,10948,17874
TCGCTAAACCGCTATC-1,1,19,89,11205,18018
CACATTCTTTCGATGG-1,1,18,90,10951,18167
GATATGCGGTAGCCAA-1,1,19,91,11208,18312
CGTTTCACTTCGGGCG-1,1,18,92,10954,18461
CCAATTACGGGTCGAG-1,1,19,93,11211,18606
GCAGGTAGAGTATGGT-1,1,18,94,10957,18755
GTCGTATTGGCGTACA-1,1,19,95,11214,18900
GAAATTAGCACGGATA-1,1,18,96,10960,19049
AATGCACCAAGCAATG-1,1,19,97,11217,19193
AGGACGCTCGATGTTG-1,1,18,98,10963,19343
GGCTAAAGGGCGGGTC-1,1,19,99,11220,19487
CATCTATCCCGTGTCT-1,1,18,100,10966,19637
CAGTAACTATTTATTG-1,1,19,101,11223,19781
CATATACTACTGATAA-1,1,18,102,10969,19931
GCGTTCGGAGACCGGG-1,1,19,103,11226,20075
AAGTTCAGTCTGCGTA-1,1,18,104,10972,20225
CGAAGCTATAAATTCA-1,1,19,105,11229,20369
CGCGGTCACAAACCAA-1,1,18,106,10975,20519
GGGAATGAGCCCTCAC-1,1,19,107,11232,20663
ACGGAGCGCAAATTAC-1,1,18,108,10978,20812
CGTTCTTCGCACACCT-1,1,19,109,11235,20957
GAATAGCCCTGCGGTC-1,1,18,110,10981,21106
AATAGCTACCGCGTGC-1,1,19,111,11238,21251
CCGAGCTGTGCTTGTC-1,1,18,112,10984,21400
GATGACGATGATCGCG-1,1,19,113,11241,21545
GCCTATGCTGGGCCTT-1,1,18,114,10987,21694
TTACTGTCTAGAGCTC-1,1,19,115,11244,21838
AGCGGTTGCCGCTCTG-1,1,18,116,10990,21988
GCTTGCAGCACAATTG-1,1,19,117,11247,22132
CCGGAGGTCTTATGGT-1,1,18,118,10993,22282
ACAGTATACCGTGGGA-1,1,19,119,11250,22426
GGGATCCCAATACAAA-1,1,18,120,10996,22576
ATTACGACTCCACAGT-1,1,19,121,11253,22720
CTCACACGCAAGCCTA-1,1,18,122,10999,22870
CCAGATGTAAATGGGT-1,1,19,123,11256,23014
GAACTTGTGCACGGGA-1,1,18,124,11002,23164
AAGCCGCTTTACCTTG-1,1,19,125,11259,23308
TCCATTCCCACTAGAG-1,1,18,126,11005,23457
AGAGCGCTTGTAACGG-1,1,19,127,11262,23602
TGGGTTCCCGGACGGA-1,1,20,0,11327,4937
GCTGCGCCTCCCACGT-1,1,21,1,11584,5081
CTGTTGGCTCTTCTGA-1,1,20,2,11330,5231
TTGTTCTAGATACGCT-1,1,21,3,11587,5375
CCCTCAAGCTCTTAGT-1,1,20,4,11333,5525
TGGTCTAGCTTACATG-1,1,21,5,11590,5669
ATGCACCTTCCTTAAT-1,1,20,6,11336,5819
GGGATACGGTAATAAT-1,1,21,7,11593,5963
AGTTCACCGGTTGGAC-1,1,20,8,11339,6113
GACATACTGTCGCAGA-1,1,21,9,11596,6257
TGGACACCGTTGCTTG-1,1,20,10,11342,6407
TGCGATGCTAATGGCT-1,1,21,11,11599,6551
TTCTGTTTCCTGTCGC-1,1,20,12,11345,6700
CGTTGTAAACGTCAGG-1,1,21,13,11602,6845
GATCGGCGATAAGTCG-1,1,20,14,11348,6994
AGCCTTAAAGCGGAAG-1,1,21,15,11605,7139
TCCGTAACCACAATCC-1,1,20,16,11351,7288
GAATGCCGAAATGACC-1,1,21,17,11608,7433
TATACTCATGCGGCAA-1,1,20,18,11354,7582
TAGTGTCAGAAACGGC-1,1,21,19,11611,7726
CGTCATACCATATCCA-1,1,20,20,11357,7876
TAGTACCTTAGTGGTC-1,1,21,21,11614,8020
CTGGCGGGAATAAGTA-1,1,20,22,11360,8170
AGTGTGGTCTATTGTG-1,1,21,23,11617,8314
GCTATCGCGGCGCAAC-1,1,20,24,11363,8464
CAGTAATCCCTCCCAG-1,1,21,25,11620,8608
GTATTAAGGCGTCTAA-1,1,20,26,11366,8758
CTAATTTCAACAACAC-1,1,21,27,11623,8902
TTAGCAACATGGATGT-1,1,20,28,11369,9052
ATGCTCAGTGTTGCAT-1,1,21,29,11626,9196
GATGTTTGTGCGAGAT-1,1,20,30,11372,9345
CACTTCGCCACAGGCT-1,1,21,31,11629,9490
CTGTATGGTGTAGAAA-1,1,20,32,11375,9639
TACGTGCACTATGCTG-1,1,21,33,11632,9784
GTATCAGCTTGGGTTC-1,1,20,34,11378,9933
TAACAAAGGGAGAAGC-1,1,21,35,11635,10078
TTACATCGTGGCCTGG-1,1,20,36,11381,10227
TCTGAACCGGTCGGCT-1,1,21,37,11638,10372
GGCTCGTGCCACCAGC-1,1,20,38,11384,10521
TATAAGTGAGGATAGC-1,1,21,39,11641,10665
GCCCGCGCGTTTGACA-1,1,20,40,11387,10815
TGCTGGTTGGACAATT-1,1,21,41,11644,10959
GCCTAGCGATCTGACC-1,1,20,42,11390,11109
CCATGCTCTGCAGGAA-1,1,21,43,11647,11253
TATAAATCCACAAGCT-1,1,20,44,11393,11403
CGCTCGACATAATGAT-1,1,21,45,11650,11547
CCAATTGAATGTTAAT-1,1,20,46,11396,11697
GCTAATACCGAATGCC-1,1,21,47,11653,11841
TTCAACGACCCGACCG-1,1,20,48,11399,11991
TTCCTCGAGGGTGTCT-1,1,21,49,11656,12135
CAACGACCCGTTTACA-1,1,20,50,11402,12284
CTTGTACTTGTTGACT-1,1,21,51,11659,12429
TCTCTAATAGCTGGTA-1,1,20,52,11405,12578
ATTATGCCATAGGGAG-1,1,21,53,11662,12723
GACAACGCAGCTTACG-1,1,20,54,11408,12872
AGATGACTCGCCCACG-1,1,21,55,11665,13017
GTGCGGGTCTCCAAAT-1,1,20,56,11411,13166
GTACGAGATTGCGACA-1,1,21,57,11668,13310
GTATAGGACTCAGTAG-1,1,20,58,11414,13460
TTGCACGGAGCAGCAC-1,1,21,59,11671,13604
CACAGCTAGGGAGTGA-1,1,20,60,11417,13754
ATACTAGCATGACCCT-1,1,21,61,11674,13898
CCAAGACTTCTGCGAA-1,1,20,62,11420,14048
ACATAATAAGGCGGTG-1,1,21,63,11677,14192
TAATACACAGTAGTAT-1,1,20,64,11423,14342
TCTTGGTAACACCAAA-1,1,21,65,11680,14486
AACTGGGTCCCGACGT-1,1,20,66,11426,14636
ATCACTTCATCCTCGC-1,1,21,67,11683,14780
TGGAAGGATAAAGATG-1,1,20,68,11429,14929
CATGATGCACAATTCT-1,1,21,69,11686,15074
TGCCTGATCAAACGAT-1,1,20,70,11432,15223
ATAGGGATATCCTTGA-1,1,21,71,11689,15368
CACCTAATCAGTTTAC-1,1,20,72,11435,15517
TGTGACTACGCCAGTC-1,1,21,73,11692,15662
CCCGACCATAGTCCGC-1,1,20,74,11438,15811
CGCGCCCGACTTAATA-1,1,21,75,11695,15955
TGCCACCTGGCGAAAC-1,1,20,76,11441,16105
CTGCCAAGGTTGGAAG-1,1,21,77,11698,16249
TCTCCAACGTAGGTTA-1,1,20,78,11444,16399
TTCTTGGAGTAATGAG-1,1,21,79,11701,16543
GTCTCGATCTGCTTTC-1,1,20,80,11447,16693
TACTCTCCGAACAAAT-1,1,21,81,11704,16837
ATCACATTAGAATATC-1,1,20,82,11450,16987
TACGGGATGCTAGCAG-1,1,21,83,11707,17131
AGCTGAAGTAAACCAA-1,1,20,84,11453,17281
CATGGGTCGGGTGTGG-1,1,21,85,11710,17425
CACCCACGAGGCAATT-1,1,20,86,11456,17574
TGCCATTACTAAAGAA-1,1,21,87,11713,17719
CCGTTACGTTAGAACA-1,1,20,88,11459,17868
GCCAGGAGTAACCGAT-1,1,21,89,11716,18013
GGAAAGTGCCCATGCC-1,1,20,90,11462,18162
TCTTACCGGAACTCGT-1,1,21,91,11719,18307
TATGTCAAGACCGACT-1,1,20,92,11465,18456
CCTAACTAAGGCTCTA-1,1,21,93,11722,18600
GCGGTGAACTGCGCTC-1,1,20,94,11468,18750
CCTCGCGCGATATAGG-1,1,21,95,11725,18894
ATCGGCAAGCAGTCCA-1,1,20,96,11471,19044
AGATCGTGCATAAGAT-1,1,21,97,11728,19188
ATTCAGGACCTATTTC-1,1,20,98,11474,19338
AGCTAGAAGCAGAAGT-1,1,21,99,11731,19482
TTCGCTATCTGACGTG-1,1,20,100,11477,19632
TTCCGCAGAGAAATAT-1,1,21,101,11734,19776
CAGTACATTCTCTAAA-1,1,20,102,11480,19926
GTGAAGATTTCAAGTG-1,1,21,103,11737,20070
AACGCATGATCTGGGT-1,1,20,104,11483,20219
CCCAGAGGAGGGCGTA-1,1,21,105,11740,20364
GGAAACCTTGTTGAAT-1,1,20,106,11486,20513
GTGAAGCCGTATAGTC-1,1,21,107,11743,20658
GAGCTGTCGTCTCGGA-1,1,20,108,11489,20807
TGTCATTTGTTGGGAA-1,1,21,109,11746,20952
ACCAACACCACACACT-1,1,20,110,11492,21101
AAATGATTCGATCAGC-1,1,21,111,11749,21245
CTGCTTTATGTCCGCG-1,1,20,112,11495,21395
GCGAGAGGCCATGTAA-1,1,21,113,11752,21539
ATTGACCGGCGATGAC-1,1,20,114,11498,21689
ACCCTGGTAACGCCCT-1,1,21,115,11755,21833
GTTGGACCGCATCAGG-1,1,20,116,11501,21983
CGTTTACAAGGCAGCT-1,1,21,117,11758,22127
CGGTCCATGAGACTCC-1,1,20,118,11504,22277
GTTCGTCTGGGTCCCT-1,1,21,119,11761,22421
TGTACTACTCTCACGG-1,1,20,120,11507,22571
AGTGAAGATGGTGTCC-1,1,21,121,11764,22715
GAGGGCCATAATATTA-1,1,20,122,11510,22864
ACTCCCGTAGACTAGG-1,1,21,123,11767,23009
CGTCAAATGGTCGCAG-1,1,20,124,11513,23158
AAGTCTAGTAGCTGCC-1,1,21,125,11770,23303
AAGAAATCACCAGATT-1,1,20,126,11516,23452
GAGTGCACGGACAACA-1,1,21,127,11773,23597
GTTCAAATCAGATGTC-1,1,22,0,11838,4932
CATGGCTCCCTATGTC-1,1,23,1,12095,5076
GGCCACACGAAAGCCT-1,1,22,2,11841,5226
GAAGCCGGGTAAGCTC-1,1,23,3,12098,5370
TTGCGCTCTCTCGCTT-1,1,22,4,11844,5520
TACATGACCTTATCCG-1,1,23,5,12101,5664
GTCCTTCTACAACCCA-1,1,22,6,11847,5814
TATATGCTGGGTTGCC-1,1,23,7,12104,5958
GTTTATGGGATTTAGA-1,1,22,8,11850,6107
GGAACCCGAACAAGAA-1,1,23,9,12107,6252
AACGTTATCAGCACCT-1,1,22,10,11853,6401
CATCGTCCGGTTACTA-1,1,23,11,12110,6546
AGACAGCTCAGAATCC-1,1,22,12,11856,6695
GCAGATCCTCGCAAAT-1,1,23,13,12113,6840
GGGTCATGCGTACCAT-1,1,22,14,11859,6989
CTGGTCATTCCAATCC-1,1,23,15,12116,7133
TCAGGGCGCAAACTCG-1,1,22,16,11862,7283
GATGCCAGCAGAAGGC-1,1,23,17,12119,7427
GTTATTAACGTGGGAG-1,1,22,18,11865,7577
AATACAATGTTTCAGG-1,1,23,19,12122,7721
TTGCTGCACCTATCCA-1,1,22,20,11868,7871
CCAGAGACAAAGCCGG-1,1,23,21,12125,8015
CCGAAGTATATTGTTC-1,1,22,22,11871,8165
GCTAAACCTGAGGTGA-1,1,23,23,12128,8309
TCATACTTACAGATCC-1,1,22,24,11874,8459
CGAGCACTTCAAGTTT-1,1,23,25,12131,8603
TAGCAACCTGTCACAA-1,1,22,26,11877,8752
TGGGAAATGCCTTTCC-1,1,23,27,12134,8897
AGACCATGGGATACAA-1,1,22,28,11880,9046
TAAATGAATCCGTTTC-1,1,23,29,12137,9191
ACAACGGTCCCTGCGA-1,1,22,30,11883,9340
GTCACTCTCCAAATCT-1,1,23,31,12140,9485
TTCTACTTGCGAGGGC-1,1,22,32,11886,9634
CGCAATTACTTTCGGT-1,1,23,33,12143,9778
CTGTTCATCTCACGGG-1,1,22,34,11889,9928
TTCTTGTAACCTAATG-1,1,23,35,12146,10072
GCTTGATGATAATCAG-1,1,22,36,11892,10222
TTGGCTCGCATGAGAC-1,1,23,37,12149,10366
GCCCAGTTGGTATGCC-1,1,22,38,11895,10516
ATTCCTCCGCCAGTGC-1,1,23,39,12152,10660
TCGTCCGCTGGCGTCT-1,1,22,40,11898,10810
GGAGAAGTCATTGGCA-1,1,23,41,12155,10954
TTGTTAGCAAATTCGA-1,1,22,42,11901,11104
TCTAGCATCTTCGATG-1,1,23,43,12158,11248
TTCTAGGCCAATTGTG-1,1,22,44,11904,11398
TCACGGTCATCGCACA-1,1,23,45,12161,11542
ATGAAGCCAAGGAGCC-1,1,22,46,11907,11691
AATGACTGTCAGCCGG-1,1,23,47,12164,11836
CCAAACAGAACCCTCG-1,1,22,48,11910,11985
TATCGATGATTAAACG-1,1,23,49,12167,12130
GAACACACATCAACCA-1,1,22,50,11913,12279
CCCGTCAGCGTCTGAC-1,1,23,51,12170,12424
AGCATCGTCGATAATT-1,1,22,52,11916,12573
GACTAAGATCATGCAC-1,1,23,53,12173,12717
TAGGGTGTTTCAAGAG-1,1,22,54,11919,12867
TGGTTCGTAGCAAAGG-1,1,23,55,12176,13011
CTGTTCACTGCCTGTG-1,1,22,56,11922,13161
ATGTGCATCCGACGCA-1,1,23,57,12179,13305
TTGTCGTTCAGTTACC-1,1,22,58,11925,13455
CGGGATCAATGTAAGA-1,1,23,59,12182,13599
TTATCTGTATCATAAC-1,1,22,60,11928,13749
ATCGACTCTTTCCGTT-1,1,23,61,12185,13893
CTCATTTGATGGGCGG-1,1,22,62,11931,14043
GTAAGCGGGCAGTCAG-1,1,23,63,12188,14187
TCTATCGGTCGCAACA-1,1,22,64,11934,14336
AACGCGGTCTCCAGCC-1,1,23,65,12191,14481
ATTAATACTACGCGGG-1,1,22,66,11937,14630
CTTTAACTTTCAAAGG-1,1,23,67,12194,14775
CGTACCTGATAGGCCT-1,1,22,68,11940,14924
GAATGTTGGGTAATCT-1,1,23,69,12197,15069
TGCGGAGTAAAGGTGC-1,1,22,70,11943,15218
CCTGAATATTTACATA-1,1,23,71,12200,15362
TTGCTCCCATACCGGA-1,1,22,72,11946,15512
CCTCTAATCTGCCAAG-1,1,23,73,12203,15656
AGGTTGAGGCACGCTT-1,1,22,74,11949,15806
TCCCGTCAGTCCCGCA-1,1,23,75,12206,15950
TCCGATGACTGAGCTC-1,1,22,76,11952,16100
CAGCCTCCTGCAGAGG-1,1,23,77,12209,16244
CTTAGCCTTCCACATG-1,1,22,78,11955,16394
ATTAATGAACCAGTCG-1,1,23,79,12212,16538
ACGATACATAGAACTA-1,1,22,80,11958,16688
AGCCACTCCCGTGCTT-1,1,23,81,12215,16832
ATACGGGTTTCGATTG-1,1,22,82,11961,16981
CTGTCAAATGGCTCGG-1,1,23,83,12218,17126
GCTCGGAATTTAAAGC-1,1,22,84,11964,17275
TAGGCATGTTACGCCA-1,1,23,85,12221,17420
TGGCAACTCGCGCGCC-1,1,22,86,11967,17569
ATCAGTAGGCAGGGAT-1,1,23,87,12224,17714
TATCGATCTATGCATA-1,1,22,88,11970,17863
CGACTCAGGATGTTAT-1,1,23,89,12227,18007
GCCATATTGCACACAG-1,1,22,90,11973,18157
AATTCATAAGGGATCT-1,1,23,91,12230,18301
CGGTAGAGGTGCAGGT-1,1,22,92,11976,18451
AATGATGATACGCTAT-1,1,23,93,12233,18595
CTTGTGCTCACCGATT-1,1,22,94,11979,18745
TTCCAATCAGAGCTAG-1,1,23,95,12236,18889
CGATGGACCCTACGCC-1,1,22,96,11982,19039
GGTCGGATAAACGGCG-1,1,23,97,12239,19183
TTAGCTAATACGATCT-1,1,22,98,11985,19333
CTCGATATTTGCGAGC-1,1,23,99,12242,19477
ATTACTTACTGGGCAT-1,1,22,100,11988,19626
CTAGCCGATGTTATGA-1,1,23,101,12245,19771
TACTGCAATCAATTAC-1,1,22,102,11991,19920
TAGTCTGTGACGTTGC-1,1,23,103,12248,20065
CTCGTTTCTAATGTTT-1,1,22,104,11994,20214
TTCGTTCAACGAAGTT-1,1,23,105,12252,20359
CTGAATTTATTGCCAG-1,1,22,106,11997,20508
TGGAATATCCTTGACC-1,1,23,107,12255,20652
CAGATCATTTAAAGTC-1,1,22,108,12000,20802
CTCCTTTACGCAAGTC-1,1,23,109,12258,20946
TCCCAAACAGACAACG-1,1,22,110,12003,21096
ATCGCTGCGTGCAGCA-1,1,23,111,12261,21240
TTAGTTCAAGTGTTCG-1,1,22,112,12006,21390
AAACTCGTGATATAAG-1,1,23,113,12264,21534
TTAACGAACAAGCAGT-1,1,22,114,12009,21684
GTTATATCAGGAGCCA-1,1,23,115,12267,21828
CAAATTGGATTATGCC-1,1,22,116,12012,21978
CGAGGAGCTTCCATAT-1,1,23,117,12270,22122
GGAGACCAATGTGCTT-1,1,22,118,12015,22271
CATTGATGAACACGCC-1,1,23,119,12273,22416
GTCAATGCTATAATTT-1,1,22,120,12018,22565
ACCACCCTCTCTTCTA-1,1,23,121,12276,22710
TGGAGGGAAACACCTC-1,1,22,122,12021,22859
CACGGACGTGGATGGC-1,1,23,123,12279,23004
AACTTTCTCGATCATG-1,1,22,124,12024,23153
CGTATTGTTTCCTAAT-1,1,23,125,12282,23297
CCTACTGCGGCGGCCA-1,1,22,126,12027,23447
CTTAGGTCCCAATCGT-1,1,23,127,12285,23591
CGCAATCGATCATTAG-1,1,24,0,12350,4927
TGGTTATGCTTGCGGT-1,1,25,1,12607,5071
GGCTTGGCTCTCACCT-1,1,24,2,12353,5221
ATTGGTAGGATCCGCT-1,1,25,3,12610,5365
TCAGGGCGACTTCCTT-1,1,24,4,12356,5514
TCTGCAGATTCGAGTC-1,1,25,5,12613,5659
CTCTCGCTGTACTATG-1,1,24,6,12359,5808
AATAGTCGCGAGTCGG-1,1,25,7,12616,5953
AGTTACCCTTAAGACT-1,1,24,8,12362,6102
CTTAAATAAGACCCAT-1,1,25,9,12619,6247
GGTTGTGCTCTTGTCC-1,1,24,10,12365,6396
GTGAGTCTAAGACGGA-1,1,25,11,12622,6540
CGCGACACTGCGCAGC-1,1,24,12,12368,6690
GCTCGCGGTTCCGCTC-1,1,25,13,12625,6834
TTAACTCACGCGTGGA-1,1,24,14,12371,6984
GGAACGGCCTGCAGCC-1,1,25,15,12628,7128
GTAGAAACGGGTGGAG-1,1,24,16,12374,7278
TAATGAAAGACCCTTG-1,1,25,17,12631,7422
AGGCTTGCTAGACACC-1,1,24,18,12377,7572
TTGCGTAGTTTGAGGA-1,1,25,19,12634,7716
CGCCCTTGAAGGCTGA-1,1,24,20,12380,7866
CCCGGTGGAAGAACCT-1,1,25,21,12637,8010
TTAACACCTCGAACAT-1,1,24,22,12383,8159
GATTCCTATACGGCGC-1,1,25,23,12640,8304
TTACCCTAACAGTCCT-1,1,24,24,12386,8453
ACCCACCTACATGCTC-1,1,25,25,12643,8598
AAAGGGCAGCTTGAAT-1,1,24,26,12389,8747
CACACAGGGATAGATT-1,1,25,27,12646,8892
AGAGCGTACAAGCTCG-1,1,24,28,12392,9041
TCTTACGGCATCCGAC-1,1,25,29,12649,9185
GCCTATTCCGATATAG-1,1,24,30,12395,9335
GAAAGTGACTAACTGC-1,1,25,31,12652,9479
CCGGAATGGTTTCAGT-1,1,24,32,12398,9629
AGTATAATACTAGGCA-1,1,25,33,12655,9773
TAACTATCGAAGGTCC-1,1,24,34,12401,9923
ATGAGGAGTGTTAATC-1,1,25,35,12658,10067
TGTGTCGCGAGTTGCA-1,1,24,36,12404,10217
ATCCAACGCAGTCATA-1,1,25,37,12661,10361
AAGGCGCGTAAAGCTT-1,1,24,38,12407,10511
AGTCGGCCCAAACGAC-1,1,25,39,12664,10655
AACGTCAGACTAGTGG-1,1,24,40,12410,10805
ACTACCAGCTCTCTGG-1,1,25,41,12667,10949
GCAAGTGCACAGAGAA-1,1,24,42,12413,11098
ACACCTTAAGTAGGGC-1,1,25,43,12670,11243
TTCGACGGGAAGGGCG-1,1,24,44,12416,11392
TTCGCACTCGCGTGCT-1,1,25,45,12673,11537
TATTTGTTACCCTTTA-1,1,24,46,12419,11686
CGCTGTGACGCCGCAC-1,1,25,47,12676,11831
GTTGCACGGAGTTTCG-1,1,24,48,12422,11980
GTTTCCTGGAGGGTGA-1,1,25,49,12679,12124
ACACCCAGCATGCAGC-1,1,24,50,12425,12274
TCAACCATGTTCGGGC-1,1,25,51,12682,12418
TTACAACTACGCATCC-1,1,24,52,12428,12568
TCCGATGGTGCGACAT-1,1,25,53,12685,12712
GGGCGTACATTTATAT-1,1,24,54,12431,12862
AGCGACCAACGATATT-1,1,25,55,12688,13006
ACACAAAGACGGGTGG-1,1,24,56,12434,13156
ATCGCACGCCGGGAGA-1,1,25,57,12691,13300
GCTCTAAACCCTGACG-1,1,24,58,12437,13450
AATGCAACCGGGTACC-1,1,25,59,12694,13594
TCAAACAACCGCGTCG-1,1,24,60,12440,13743
TATGCTCCCTACTTAC-1,1,25,61,12697,13888
AAAGGGATGTAGCAAG-1,1,24,62,12443,14037
ACGATCATACATAGAG-1,1,25,63,12700,14182
TTGTTCAGTGTGCTAC-1,1,24,64,12446,14331
ATGCATGATCCAGGAT-1,1,25,65,12703,14476
AGTCTTCTCCTCAAAT-1,1,24,66,12449,14625
GATTCCCTTGTCGCAG-1,1,25,67,12706,14769
CTCGCACCTATATAGT-1,1,24,68,12452,14919
ACTCAATAAAGGCACG-1,1,25,69,12709,15063
AACCGAGCTTGGTCAT-1,1,24,70,12455,15213
TAAGGCAACATAAGAT-1,1,25,71,12712,15357
CACGCACAGCGCAGCT-1,1,24,72,12458,15507
GGTTTACAATCTCAAT-1,1,25,73,12715,15651
TGCAGGATCGGCAAAG-1,1,24,74,12461,15801
ATAACGGAGTCCAACG-1,1,25,75,12718,15945
AACGATATGTCAACTG-1,1,24,76,12464,16095
GACAACGACCATTGAA-1,1,25,77,12721,16239
TTGACCATGTTCTCCG-1,1,24,78,12467,16388
AGTACGGGCACCTGGC-1,1,25,79,12724,16533
CGCCATCCGATTATGA-1,1,24,80,12470,16682
AAGGTATCCTAATATA-1,1,25,81,12727,16827
TGTTGTCAAGAAGTCT-1,1,24,82,12473,16976
CAGTGAATAAATGACT-1,1,25,83,12730,17121
CACCTTGCGAAACTCG-1,1,24,84,12476,17270
CATTTAGCGGACCATG-1,1,25,85,12733,17414
CCAGTCTAGACGGCGC-1,1,24,86,12479,17564
TCGCTTTAAACGTTTG-1,1,25,87,12736,17708
GTGAAACGGCGCCACC-1,1,24,88,12482,17858
GGGCTCATCGAACCCA-1,1,25,89,12739,18002
TTGATGTGTAGTCCCG-1,1,24,90,12485,18152
CAGTAGCCCACGCGGT-1,1,25,91,12742,18296
AGCGCGGGTGCCAATG-1,1,24,92,12488,18446
TAATCGATCCGTACGT-1,1,25,93,12745,18590
AGTGGCGGCAATTTGA-1,1,24,94,12491,18740
CCTTTCAATGAAGAAA-1,1,25,95,12748,18884
CTCAGTCACGACAAAT-1,1,24,96,12494,19033
ATAGGCTAGCTTCGCA-1,1,25,97,12751,19178
CGGTTCAAGTAGGTGT-1,1,24,98,12497,19327
CAGTCGAGGATGCAAT-1,1,25,99,12754,19472
TATCACCCAACCGACC-1,1,24,100,12500,19621
AATGATGCGACTCCTG-1,1,25,101,12757,19766
TGGAACCACTGACACA-1,1,24,102,12503,19915
GCCAATAGGGCATCTC-1,1,25,103,12760,20059
TTCTTTGGTCGCGACG-1,1,24,104,12506,20209
ATTAGATTCCTCAGCA-1,1,25,105,12763,20353
CCGTGGAACGATCCAA-1,1,24,106,12509,20503
GGGTCGTGGCAAGTGT-1,1,25,107,12766,20647
TCGCTCGGCACCAGCG-1,1,24,108,12512,20797
ACGCAATCACTACAGC-1,1,25,109,12769,20941
CTCTAATGCATTGATC-1,1,24,110,12515,21091
GTCTCGACTAAGTTTG-1,1,25,111,12772,21235
TGGTTTAAACGTGGGT-1,1,24,112,12518,21385
CGCAGATCTTCACCCG-1,1,25,113,12775,21529
TCCAGATGTACGCCAA-1,1,24,114,12521,21678
CATTGCGGGTCAATTC-1,1,25,115,12778,21823
GACGTTCGTAAATACA-1,1,24,116,12524,21972
TACACCGTCGTTAGTC-1,1,25,117,12781,22117
ACGGGCGTATGCGACA-1,1,24,118,12527,22266
GAAGGCTACCATTGTT-1,1,25,119,12784,22411
TAAATCTTTACACCTC-1,1,24,120,12530,22560
AGTTTATGTAAAGACA-1,1,25,121,12787,22704
AGGAGACATCCACAGT-1,1,24,122,12533,22854
CAACCTGAACCTGCCA-1,1,25,123,12790,22998
AGTCCCTCGCAGAAAG-1,1,24,124,12536,23148
TGTATACGGATGATGA-1,1,25,125,12793,23292
TTGTGGTATAGGTATG-1,1,24,126,12539,23442
TCTGCACCATTAGTAA-1,1,25,127,12796,23586
AAATGTATCTTATCCC-1,1,26,0,12861,4921
ACTCTAAACCTGGGAT-1,1,27,1,13118,5066
GCTGGCAGGTGCCGTG-1,1,26,2,12864,5215
CTCATTCGTGAACATC-1,1,27,3,13121,5360
TCGCCGGATGGGCAAG-1,1,26,4,12867,5509
GGACTAAGTCAGGAGT-1,1,27,5,13124,5654
TATCAAAGGTCTGTAA-1,1,26,6,12870,5803
TTCAGTTTGTGGCAGC-1,1,27,7,13127,5947
TGTTCATAAATGTGCT-1,1,26,8,12873,6097
CTTAGCCCGGATAGTG-1,1,27,9,13130,6241
GATGCGAATGGTATTA-1,1,26,10,12876,6391
TCTAACTGTATGTAAA-1,1,27,11,13133,6535
TTAAACCTGGTTCCTT-1,1,26,12,12879,6685
GCTAAGTAAAGGCGAT-1,1,27,13,13136,6829
AGTTACCGCACATGGT-1,1,26,14,12882,6979
GACTGCGGCACGTGTA-1,1,27,15,13139,7123
TGGTGATCGTATTTGT-1,1,26,16,12885,7273
TTATCGCCTGCGAAGC-1,1,27,17,13142,7417
TGGAATTAGACGCTTT-1,1,26,18,12888,7566
TCGTCACACTGTTAGC-1,1,27,19,13145,7711
TTATGTTTGCGATAGA-1,1,26,20,12891,7860
GGTGCTGATCACAAAG-1,1,27,21,13148,8005
CATAGCCGCCCGGGAT-1,1,26,22,12894,8154
GGTTAGTTACGGCGCC-1,1,27,23,13151,8299
ATTCCCACATAAACAA-1,1,26,24,12897,8448
ATTCAGTAGCAGGGTC-1,1,27,25,13154,8592
CAGTTCCGCGGGTCGA-1,1,26,26,12900,8742
AAGAGATGAATCGGTA-1,1,27,27,13157,8886
CGCAATTCTACAATAA-1,1,26,28,12903,9036
TAACGCTTTGAGAGCG-1,1,27,29,13160,9180
AGGCTATGGTTAGCTT-1,1,26,30,12906,9330
GAGGAATGGAGAGGTT-1,1,27,31,13163,9474
TCCTCTACGAGATGGC-1,1,26,32,12909,9624
TTGATTATGCAGATGA-1,1,27,33,13166,9768
TCAGTACTGACCCGCG-1,1,26,34,12912,9918
TTATGACAAACTGGAT-1,1,27,35,13169,10062
GTAAGTAGGGTATACC-1,1,26,36,12915,10212
CGCAAACACGAGTTAC-1,1,27,37,13172,10356
TGGCCGTATATTGACC-1,1,26,38,12918,10505
ACTGTAGCACTTTGGA-1,1,27,39,13175,10650
GCTCTATGTTACGTGC-1,1,26,40,12921,10799
TGCGCGATTAACGGAG-1,1,27,41,13178,10944
GAATCGACATGGTCAC-1,1,26,42,12924,11093
GACTAAGTAGGCTCAC-1,1,27,43,13181,11238
ATCTTGACCTGCAACG-1,1,26,44,12927,11387
ATGCACTACCGCATTG-1,1,27,45,13184,11531
CAGATACTAACATAGT-1,1,26,46,12930,11681
GATCGACACTATCTGA-1,1,27,47,13187,11825
ATAGAGTACTGGGACA-1,1,26,48,12933,11975
CCTACTGCTTACACTT-1,1,27,49,13190,12119
CCTGCTATTTGAGAAG-1,1,26,50,12936,12269
CGCGTTCATGAAATAC-1,1,27,51,13193,12413
CATTATGCTTGTTGTG-1,1,26,52,12939,12563
CCAGGGACGTGGCCTC-1,1,27,53,13196,12707
TATGGATGTGCTACGC-1,1,26,54,12942,12857
GTACTAAGATTTGGAG-1,1,27,55,13199,13001
AGACCCGCCCTCCTCG-1,1,26,56,12945,13150
CGCATTAGCTAATAGG-1,1,27,57,13202,13295
GCTCTCGGGTACCGAA-1,1,26,58,12948,13444
CACCGCCAGAAGGTTT-1,1,27,59,13205,13589
TCCCAAAGACGAAGGA-1,1,26,60,12951,13738
ATGGATTGACCAAACG-1,1,27,61,13208,13883
GTCATGGACATGACTA-1,1,26,62,12954,14032
CTACTGCCACCTGACC-1,1,27,63,13211,14176
TTATATTTGGCAATCC-1,1,26,64,12957,14326
AGCACCAGTACTCACG-1,1,27,65,13214,14470
CATGGTCTAGATACCG-1,1,26,66,12960,14620
TCTACCGTCCACAAGC-1,1,27,67,13217,14764
CTAGTTGGGCCCGGTA-1,1,26,68,12963,14914
TCCCGCGTACTCCTGG-1,1,27,69,13220,15058
CAGAGCATGAGCTTGC-1,1,26,70,12966,15208
ACACGGGAACTTAGGG-1,1,27,71,13223,15352
GGCTCTGCTCCAACGC-1,1,26,72,12969,15502
AGAACGTGGTACATTC-1,1,27,73,13226,15646
CAATAAACCTTGGCCC-1,1,26,74,12972,15795
ACTTCGCCATACGCAC-1,1,27,75,13229,15940
ATCTGGTTAAGACTGT-1,1,26,76,12975,16089
TCGTAAGACGACATTG-1,1,27,77,13232,16234
GTGTACCTTGGCTACG-1,1,26,78,12978,16383
GCCCGTAATACCTTCT-1,1,27,79,13235,16528
CGGTCAAGTGGGAACC-1,1,26,80,12981,16677
TTGTAAGGCCAGTTGG-1,1,27,81,13238,16821
GGAGCACCAAGAACTA-1,1,26,82,12984,16971
TAATAGTGACGACCAG-1,1,27,83,13241,17115
CTAAATCCTATTCCGG-1,1,26,84,12987,17265
CGAGTTCTGTCCCACC-1,1,27,85,13244,17409
AGGCAGATGCGTAAAC-1,1,26,86,12990,17559
AAGGATGAGGGACCTC-1,1,27,87,13247,17703
AGAGAACCGTCTAGGA-1,1,26,88,12993,17853
GAGGGCGCAGCTCTGC-1,1,27,89,13250,17997
AAGATTGGCGGAACGT-1,1,26,90,12996,18147
CCAGTAGTCTGATCCA-1,1,27,91,13253,18291
AAGGGACAGATTCTGT-1,1,26,92,12999,18440
ATAGAGTTATCAACTT-1,1,27,93,13256,18585
AAATTACCTATCGATG-1,1,26,94,13002,18734
GATCCTAAATCGGGAC-1,1,27,95,13259,18879
TTACAGACCTAAATGA-1,1,26,96,13005,19028
CCTCACCTTAGCATCG-1,1,27,97,13262,19173
CATGCGACCAGTTTAA-1,1,26,98,13008,19322
AACATATCAACTGGTG-1,1,27,99,13265,19466
CTATAAGAGCCAATCG-1,1,26,100,13011,19616
AATATCGAGGGTTCTC-1,1,27,101,13268,19760
GTACTCCTGGGTATGC-1,1,26,102,13014,19910
ATAAGTAGGATTCAGA-1,1,27,103,13271,20054
AGGTCGCGGAGTTACT-1,1,26,104,13017,20204
CTAATTCTCAGATATT-1,1,27,105,13274,20348
GCCAACCATTTCCGGA-1,1,26,106,13020,20498
TGATCCCAGCATTAGT-1,1,27,107,13277,20642
CGTTGTAAGATTGATT-1,1,26,108,13023,20792
GAAACCATGGTGCGCT-1,1,27,109,13280,20936
AATCTATGCCGGAGCC-1,1,26,110,13026,21085
GACTCCCAGAATAAGG-1,1,27,111,13283,21230
TATGATCCGGCACGCC-1,1,26,112,13029,21379
CCGCTTGCTGACATGG-1,1,27,113,13286,21524
TGGTTAAGGGCGCTGG-1,1,26,114,13032,21673
TTGATAGTCAATACAT-1,1,27,115,13289,21818
GGTTTAATTGAGCAGG-1,1,26,116,13035,21967
CATTACATAGATTGTG-1,1,27,117,13292,22111
GGTACACCAGATTTAT-1,1,26,118,13038,22261
GGCCCGTATACCATGC-1,1,27,119,13295,22405
ATCTTTCGTATAACCA-1,1,26,120,13041,22555
GAGATGACAATCCTTA-1,1,27,121,13298,22699
AAAGCTTGCCTACATA-1,1,26,122,13044,22849
GAACGATAAGTTAAAG-1,1,27,123,13301,22993
TAATAGCTAAATGATG-1,1,26,124,13047,23143
TATGGCTAGGCTAATT-1,1,27,125,13304,23287
AGGAGAGTCTGGCTAC-1,1,26,126,13050,23437
TGCTCTGCCGGTTCAC-1,1,27,127,13307,23581
CCAATAGATTTCATCT-1,1,28,0,13372,4916
GGGCACGAATTGGCCG-1,1,29,1,13630,5061
TCGTTGACAGGGTCCC-1,1,28,2,13375,5210
ATCGTATTCCGAGAAC-1,1,29,3,13633,5354
GGGAATTCTGTCCAGT-1,1,28,4,13378,5504
ACGCGTTTCTTAAGAG-1,1,29,5,13636,5648
GAGAGCGCAGTCCCTG-1,1,28,6,13381,5798
GTCCTATTGTTGTGGT-1,1,29,7,13639,5942
CATCTGCAGGATCATT-1,1,28,8,13384,6092
GAGTCGACAGACCCTC-1,1,29,9,13642,6236
AAGTGCAAAGGTAGAC-1,1,28,10,13387,6386
AGGGTGGATAGTGCAT-1,1,29,11,13645,6530
TGATAGCGGGATTCTA-1,1,28,12,13390,6680
GTCAGTTTGGTAGTCG-1,1,29,13,13648,6824
GCATTCGAAATGAACA-1,1,28,14,13393,6973
AAAGACTGGGCGCTTT-1,1,29,15,13651,7118
TAACAATATTTGTTGC-1,1,28,16,13396,7267
CCAGCTTCCGCCCGCA-1,1,29,17,13654,7412
GATATGGATTACGCGG-1,1,28,18,13399,7561
AGAGCAGTTATGAGAC-1,1,29,19,13657,7706
TCACATCTTATCTGAT-1,1,28,20,13402,7855
TATGAAGACAGGTGCG-1,1,29,21,13660,7999
TACCTGCTGCACTGTG-1,1,28,22,13405,8149
TAGGTCCAAGTAAGGA-1,1,29,23,13663,8293
GAAACTCGTGCGATGC-1,1,28,24,13408,8443
AACAATTACTCTACGC-1,1,29,25,13666,8587
CCGCACGTGACCTCGG-1,1,28,26,13411,8737
AACTTGCCCGTATGCA-1,1,29,27,13669,8881
GGGTATGTATGCACTT-1,1,28,28,13414,9031
TTCGTACTCCAGAACG-1,1,29,29,13672,9175
GAATTTCTCGCTGCAG-1,1,28,30,13417,9325
AACAGGATGGGCCGCG-1,1,29,31,13675,9469
GACGTGTAGGGATTAT-1,1,28,32,13420,9618
TAGGTGAGCCCTACTC-1,1,29,33,13678,9763
CTAATTCGCACGCGCT-1,1,28,34,13423,9912
GAAGCTTGCTGACCGC-1,1,29,35,13681,10057
GGTTAGGCTTGGAGAA-1,1,28,36,13426,10206
ACAAGGACAAGAGGTT-1,1,29,37,13684,10351
AGGCCACCCGTTATGA-1,1,28,38,13429,10500
GTGGGCTTAGACACAC-1,1,29,39,13687,10645
CGTGTCCCATTCGCGA-1,1,28,40,13432,10794
TGGAGTGATGCGATGA-1,1,29,41,13690,10938
AACAACTGGTAGTTGC-1,1,28,42,13435,11088
CCTGGCTAGACCCGCC-1,1,29,43,13693,11232
CGCAATTAGGGTAATA-1,1,28,44,13438,11382
TCGAAATTTAGGACCA-1,1,29,45,13696,11526
AGACTAGCCTTCCAGA-1,1,28,46,13441,11676
TTGATCTAACTTTGTC-1,1,29,47,13699,11820
AAGGAGCGGTTGGTGC-1,1,28,48,13444,11970
ACTTGGGACCCGGTGG-1,1,29,49,13702,12114
TGATCTCCGGCGCCAG-1,1,28,50,13447,12264
CAGTTCAAATTGACAC-1,1,29,51,13705,12408
GTCCGGCTGAATTGCG-1,1,28,52,13450,12557
CTGGAAATGGATGCTT-1,1,29,53,13708,12702
TGATCGGTTTGACCCT-1,1,28,54,13453,12851
TAGAGTCTAAGCGAAC-1,1,29,55,13711,12996
GAGACTGATGGGTAGA-1,1,28,56,13456,13145
TAGCTAAGTCCGGGAG-1,1,29,57,13714,13290
GGGCGATATGTGTGAA-1,1,28,58,13459,13439
CTCGAGGTCGAACAGT-1,1,29,59,13717,13583
GATCCCTTTATACTGC-1,1,28,60,13462,13733
GTCATGCACCTCCGTT-1,1,29,61,13720,13877
ACTTTCCTATAGCTTC-1,1,28,62,13465,14027
TCGCTCGATATATTCC-1,1,29,63,13723,14171
ATAGGTTGGGCAGATG-1,1,28,64,13468,14321
CAATTAAGGGTGATGA-1,1,29,65,13726,14465
ACCGACTGAGTCCCAC-1,1,28,66,13471,14615
CCTGTCACCCGGGCTC-1,1,29,67,13729,14759
GATCGGTGGCCATAAC-1,1,28,68,13474,14909
CCTATGGGTTACCGTC-1,1,29,69,13732,15053
TTGGGACACTGCCCGC-1,1,28,70,13477,15202
CGAGGCTAAATATGGC-1,1,29,71,13735,15347
TCAGGGTGTAACGTAA-1,1,28,72,13480,15496
CGAGAGATGTGAACCT-1,1,29,73,13738,15641
TCGCTGGGCGGATTGT-1,1,28,74,13483,15790
AGATCTCAGGTGTGAT-1,1,29,75,13741,15935
TGGCCAAACTGAAGTA-1,1,28,76,13486,16084
GCTTCCGTCCCTAGAC-1,1,29,77,13744,16228
CAGCAGCCCGTTCCTT-1,1,28,78,13489,16378
TGTATAACAGATCCTG-1,1,29,79,13747,16522
CGCGGGAATTAGGCAG-1,1,28,80,13492,16672
TGCATGTGGTAATCTA-1,1,29,81,13750,16816
ACAATTTGAGCAGTGG-1,1,28,82,13495,16966
GAGCTAAGGGCATATC-1,1,29,83,13753,17110
CCAGATAGTTGAGTGA-1,1,28,84,13498,17260
CCACAATGTACGTCTT-1,1,29,85,13756,17404
CAATGGATCTCTACCA-1,1,28,86,13501,17554
TGTGGCAAAGCGTATG-1,1,29,87,13759,17698
TAAAGCGTTAGGAGAA-1,1,28,88,13504,17847
TCCGTTTAGCCTTGAA-1,1,29,89,13762,17992
CAGCTCGACAAGTTAA-1,1,28,90,13507,18141
GCCTATAGTGTCAGGG-1,1,29,91,13765,18286
ATAGACAACGGGACCT-1,1,28,92,13510,18435
CTACTATCTTTCAGAG-1,1,29,93,13768,18580
GCGCTGCTTTGCATTT-1,1,28,94,13513,18729
GCGCATCCAGTCAGCA-1,1,29,95,13771,18873
GACTCGCGGGAATGAC-1,1,28,96,13516,19023
CTGGTAACGAGCTCTT-1,1,29,97,13774,19167
TCCGGCCTAGCGTACA-1,1,28,98,13519,19317
TCTAGGTGGCGACGCT-1,1,29,99,13777,19461
ACGCTAGTGATACACT-1,1,28,100,13522,19611
ATCTGCACCTCTGCGA-1,1,29,101,13780,19755
CCTCACCTGAGGGAGC-1,1,28,102,13525,19905
AGTGAGCCTCGCCGCC-1,1,29,103,13783,20049
ACGAGTACGGATGCCC-1,1,28,104,13528,20199
GGTACCATTAAGACGG-1,1,29,105,13786,20343
TTCTGCTAGACTCCAA-1,1,28,106,13531,20492
TAACTATTACGCCAAA-1,1,29,107,13789,20637
GCATTCAAGGCAACGC-1,1,28,108,13534,20786
AGTACATCATTTATCA-1,1,29,109,13792,20931
GTCGTGTCTGGTCATC-1,1,28,110,13537,21080
AGTCTAAAGTATACTC-1,1,29,111,13795,21225
CGGCCCAACCTGTAGT-1,1,28,112,13540,21374
AGGGAGACATACTTCG-1,1,29,113,13798,21518
TCCCTAGATCAATAGG-1,1,28,114,13543,21668
TCCCGTCGCGTCATAG-1,1,29,115,13801,21812
CGCATCCATCAGCCAG-1,1,28,116,13546,21962
CTGCACCTAGTCCACA-1,1,29,117,13804,22106
CGAGGATCGGGAACGA-1,1,28,118,13549,22256
CAATGAGGTTCGACTA-1,1,29,119,13807,22400
TCTGACGGGCTAACCC-1,1,28,120,13552,22550
TTCTATGCCTTTCGCA-1,1,29,121,13810,22694
AGAGTATAGTGTTACG-1,1,28,122,13555,22844
CCATTGTTTCCTCCAT-1,1,29,123,13813,22988
CTCATCACTTAGTGAT-1,1,28,124,13558,23137
CCGAAGGGCGTACCGC-1,1,29,125,13816,23282
TCAAGCTGCCTTGAAA-1,1,28,126,13561,23431
CTCATTAACGTTGCCC-1,1,29,127,13819,23576
GTCTTCCTCACCTAAG-1,1,30,0,13884,4911
GGTGATGAAGGAAGTG-1,1,31,1,14141,5055
TCAATACAATTGCTGC-1,1,30,2,13887,5205
GCAACCCAAGTTGTTT-1,1,31,3,14144,5349
ATGAAGTGGACCCAGC-1,1,30,4,13890,5499
GAGAATCTCACGATCA-1,1,31,5,14147,5643
TATATCATTGATCAGT-1,1,30,6,13893,5793
AACTTTACGGGAGCTT-1,1,31,7,14150,5937
TTCTTGTGTCCATCAG-1,1,30,8,13896,6087
ACAATTTAGGAGGCTC-1,1,31,9,14153,6231
ATACTTGTTCTCGAGC-1,1,30,10,13899,6380
CACGGGATTGAGGGTT-1,1,31,11,14156,6525
GTTAATGTCTATCTTA-1,1,30,12,13902,6674
GCGTTATATTTGGAAC-1,1,31,13,14159,6819
CGTCAAGGCTATAAAT-1,1,30,14,13905,6968
TTAGCTCTGTAATCCG-1,1,31,15,14162,7113
AATGGTCCACCGTTCA-1,1,30,16,13908,7262
GTCATTGCATTGACCC-1,1,31,17,14165,7406
TGTCCGTGGCGCCTTT-1,1,30,18,13911,7556
TCAACTAACGTATAAC-1,1,31,19,14168,7700
TCCTCTCCAGTTGTCC-1,1,30,20,13914,7850
TGTGTTCGTATCCAAG-1,1,31,21,14171,7994
CCGCGTAGGTAAGGGC-1,1,30,22,13917,8144
CTGCGGGTGAAATGTT-1,1,31,23,14174,8288
TATCTACAGAGGTAAT-1,1,30,24,13920,8438
CTACTCTAGGCCCGGC-1,1,31,25,14177,8582
ACAAGCAGTGCCTAGC-1,1,30,26,13923,8732
TACAAGTCTCGTGCAT-1,1,31,27,14180,8876
TCGGAATGCGCTCTGA-1,1,30,28,13926,9025
TCGCGTCCAGAAGGTC-1,1,31,29,14183,9170
TATGGCCCGGCCTCGC-1,1,30,30,13929,9319
GCTGGCATATTCACCT-1,1,31,31,14186,9464
GTCAGAATAGTCTATG-1,1,30,32,13932,9613
GGCGTCCTATCCGCTG-1,1,31,33,14189,9758
CGGAGTTTGAGAGACA-1,1,30,34,13935,9907
AGCACTTAAGGACGCC-1,1,31,35,14192,10052
TCCACAATGGTTTACG-1,1,30,36,13938,10201
CCAACGATGCACTGAT-1,1,31,37,14195,10345
ATTTACAGTTTACTGG-1,1,30,38,13941,10495
CCCTGAAATGAGTTGA-1,1,31,39,14198,10639
CAAACGGTCGCACTTT-1,1,30,40,13944,10789
TGATTCGTCTATCACT-1,1,31,41,14201,10933
TCAGGTTCTTTGAGAA-1,1,30,42,13947,11083
CACGCAGCGAGGCTTT-1,1,31,43,14204,11227
TTAAGCGCCTGACCCA-1,1,30,44,13950,11377
CTTACACGGTATTCCA-1,1,31,45,14207,11521
AAGGCTGTGCTCATCG-1,1,30,46,13953,11671
GACCAGAGCCCTGTAG-1,1,31,47,14210,11815
TCCCAGGCTTAGCTAA-1,1,30,48,13956,11964
ATTGAAGATCTTAGTG-1,1,31,49,14213,12109
AGTTCCTACAGAATTA-1,1,30,50,13959,12258
GGGCTGGTTAGTCGCG-1,1,31,51,14216,12403
GAAATGGCGGTGTTAG-1,1,30,52,13962,12552
TACGAACACGACTTCA-1,1,31,53,14219,12697
ACCACAAGTTTCTATC-1,1,30,54,13965,12846
ATATTTAACCCTCAAG-1,1,31,55,14222,12990
GATCATTCCAAACATT-1,1,30,56,13968,13140
TCCAGGCGAGTACGGT-1,1,31,57,14225,13284
GTTTGACCAAATCCTA-1,1,30,58,13971,13434
CACAGCACCCACGGCA-1,1,31,59,14228,13578
TGCAAGAATGACGTAA-1,1,30,60,13974,13728
GCGAAGCCATACCCGT-1,1,31,61,14231,13872
TCCTTTCTTACGCTTA-1,1,30,62,13977,14022
GCTGCTCTCCGGACAC-1,1,31,63,14234,14166
ACTGTCTTCTTTAGAA-1,1,30,64,13980,14316
TCAAACTTAGATTGTT-1,1,31,65,14237,14460
CTATGTCACTAGCCCA-1,1,30,66,13983,14609
TGCGCAAAGCATTTGG-1,1,31,67,14240,14754
TTAATGTAGACCAGGT-1,1,30,68,13986,14903
GGCGGTAGGATCATTG-1,1,31,69,14243,15048
GGCAATAGTCAATGAG-1,1,30,70,13989,15197
ACACGAGACTCCTTCT-1,1,31,71,14246,15342
GACACAAGGGAAGAAA-1,1,30,72,13992,15491
TCAGCAAATGCATCTC-1,1,31,73,14249,15635
GAGATCTGTCACTCCG-1,1,30,74,13995,15785
ATGCCGGTCTTGCATA-1,1,31,75,14252,15929
TTGGGCGGCGGTTGCC-1,1,30,76,13998,16079
TTGTTGTGTGTCAAGA-1,1,31,77,14255,16223
ACTGTACGATACACAT-1,1,30,78,14001,16373
TCCACTTTATCTAGGT-1,1,31,79,14258,16517
GGTCTGAGAATCTGGA-1,1,30,80,14004,16667
TAGAAAGGTGGCGCTA-1,1,31,81,14261,16811
TATGTCTCATTGTGCC-1,1,30,82,14007,16961
GGATTTCACTTCTATA-1,1,31,83,14264,17105
TGAGTGGTCCGTGACG-1,1,30,84,14010,17254
CGCTTTCTTGCATTCG-1,1,31,85,14267,17399
ACCCAACGCCCGTGGC-1,1,30,86,14013,17548
GAACGTCTCATGGTCG-1,1,31,87,14270,17693
AGGGTTCCCTTTGGTT-1,1,30,88,14016,17842
GTAGCTTCCTCTTGTT-1,1,31,89,14273,17987
GCATGAGGGACGCGGC-1,1,30,90,14019,18136
CTACCCTAAGGTCATA-1,1,31,91,14276,18280
TCACCGCTCGGCACTC-1,1,30,92,14022,18430
GGCTCGCGTTGAGGTA-1,1,31,93,14279,18574
CTAACGAAACTTGCTG-1,1,30,94,14025,18724
TTAAACTCGAATTCAT-1,1,31,95,14282,18868
TACTTTACTGAGCCGG-1,1,30,96,14028,19018
GCTTGGATCGATTAGG-1,1,31,97,14285,19162
CGGTTATCCAACAGTG-1,1,30,98,14031,19312
CAGACCTGTAAGTGTT-1,1,31,99,14288,19456
GACGGTCAATAGAAGC-1,1,30,100,14034,19606
CTGACTGCGCAGCTCG-1,1,31,101,14291,19750
CCATACCTTTACTTGT-1,1,30,102,14037,19899
GTAATAAAGGGCTCCC-1,1,31,103,14294,20044
GTGAACTCCCATTCGA-1,1,30,104,14040,20193
GTGGTTACTTCTTTCG-1,1,31,105,14297,20338
TCAGAACCTCCACAGG-1,1,30,106,14043,20487
TCCCACTCTCTTCCGG-1,1,31,107,14300,20632
ATCTTGACTTGTCCAA-1,1,30,108,14046,20781
TCGGGAACGTGCCTAG-1,1,31,109,14303,20925
GTTAGCCGTAAATCAA-1,1,30,110,14049,21075
ATTTACTAAGTCCATT-1,1,31,111,14306,21219
GGGTGCATATGAAAGC-1,1,30,112,14052,21369
TCCGAATGGTCCTGAG-1,1,31,113,14309,21513
TGATGGCTGTTTCTGA-1,1,30,114,14055,21663
AAATAAGGTAGTGCCC-1,1,31,115,14312,21807
CCACTATCCGGGTCAC-1,1,30,116,14058,21957
ACACCACATAATTAGC-1,1,31,117,14315,22101
CGCGGTAAGTCTAGCT-1,1,30,118,14061,22251
GCGGGCATTACGATGC-1,1,31,119,14318,22395
AGGATTGCTTACGACA-1,1,30,120,14064,22544
CTCGGGATAACACCTA-1,1,31,121,14321,22689
GTCGTCTGGTTGGCTA-1,1,30,122,14067,22838
GCAATTAGTCGCACCG-1,1,31,123,14324,22983
GTGACCTAAAGAATAA-1,1,30,124,14070,23132
CTGAGCGAGACTTATT-1,1,31,125,14327,23277
CAAGACTCAGAAGCGC-1,1,30,126,14073,23426
ACTTCGCTAGCGAGTG-1,1,31,127,14330,23570
CCATACTCGCCTCTCC-1,1,32,0,14395,4906
ACGATACCTATCCTGA-1,1,33,1,14652,5050
CTCACCAGTACAAGTG-1,1,32,2,14398,5200
CGAAGACGGTGAGTGC-1,1,33,3,14655,5344
AAATTAATAAGCGCGA-1,1,32,4,14401,5494
GGGCCCTTATCTATAC-1,1,33,5,14658,5638
CTGCCCACGAAGCGTT-1,1,32,6,14404,5787
GGACAAGTTGCAGTGA-1,1,33,7,14661,5932
GTCCGAGAGCAATCAT-1,1,32,8,14407,6081
ATGGCAGCCGAGAAAC-1,1,33,9,14664,6226
CCTCGGATGCTACCTG-1,1,32,10,14410,6375
ATACGGTGAAGATGCA-1,1,33,11,14667,6520
ACATCAGCTGGGACGC-1,1,32,12,14413,6669
GGTTGTGTAGCCTGGC-1,1,33,13,14670,6813
CCTGCGTTCTACGCTT-1,1,32,14,14416,6963
GAACGTTAGGAAGACG-1,1,33,15,14673,7107
CTGATAGTGTATCTCA-1,1,32,16,14419,7257
TTCTGCGAGCGCCCTT-1,1,33,17,14676,7401
CTTTGGCGCTTTATAC-1,1,32,18,14422,7551
TCCGAACTTGGCTTAC-1,1,33,19,14679,7695
TAGATTCCTGGTTATT-1,1,32,20,14425,7845
CCGACAAAGGGAGTGC-1,1,33,21,14682,7989
CCATGGCCCTTGTACC-1,1,32,22,14428,8139
GAAATATCACCATCAG-1,1,33,23,14685,8283
ACGAAATGGGCGGCAC-1,1,32,24,14431,8432
GTGAGCGTGCTGCACT-1,1,33,25,14688,8577
CCGCGGGTACGAAGAA-1,1,32,26,14434,8726
TCCCTGGCTCGCTGGA-1,1,33,27,14691,8871
CAGCTTAGTAGGTAGC-1,1,32,28,14437,9020
CACGAAAGTTAGTCCC-1,1,33,29,14694,9165
ACCTAATCGACTTCCT-1,1,32,30,14440,9314
AAGTAGTGACGCGAGG-1,1,33,31,14697,9458
TCCGATTACATTGCCG-1,1,32,32,14443,9608
CCTCCGACAATTCAAG-1,1,33,33,14700,9752
GTTCACAGGAGTCTAG-1,1,32,34,14446,9902
CGAAGTTGCTCTGTGT-1,1,33,35,14703,10046
GTCGGATATCTCAGAC-1,1,32,36,14449,10196
CGCTCTCCGTAGATTA-1,1,33,37,14706,10340
CAAGCAACGTCGGAGT-1,1,32,38,14452,10490
CCATTCCCTGCCCACA-1,1,33,39,14709,10634
CTTTGGCTTTAGTAAA-1,1,32,40,14455,10784
GGCTATTAAGTTGTAT-1,1,33,41,14712,10928
CCATTAGCGATAATCC-1,1,32,42,14458,11078
TGTTCTTCCATTGACT-1,1,33,43,14715,11222
AGATAACTTCAGGGCC-1,1,32,44,14461,11371
ATAGACGAAGAGAAAG-1,1,33,45,14718,11516
GGCGGAGTAATATTAG-1,1,32,46,14464,11665
TGACCCACGTTAGACA-1,1,33,47,14721,11810
TCACAGGTTATTGGGC-1,1,32,48,14467,11959
TCACGCATTGTAGATC-1,1,33,49,14724,12104
TTGAAGAATTCCCAGG-1,1,32,50,14470,12253
AAATGGTCAATGTGCC-1,1,33,51,14727,12397
TAGTGCCCTCCAGAGT-1,1,32,52,14473,12547
GGTATTGCCGAGTTTA-1,1,33,53,14730,12691
CGTATTAAGAGATCTA-1,1,32,54,14476,12841
ACTGTCCAGGATTATA-1,1,33,55,14733,12985
CGGGCAGCTAAACCGC-1,1,32,56,14479,13135
TTGCTGATCATGTTCG-1,1,33,57,14736,13279
TATGGGTACGTATCGT-1,1,32,58,14482,13429
CAGCTCACTGAGACAT-1,1,33,59,14739,13573
GGGACTGCATAGATAG-1,1,32,60,14485,13723
ACGCATTCGTGAGTAC-1,1,33,61,14742,13867
CTCTGGACGCCTGGTG-1,1,32,62,14488,14016
AGGGTTTAGTTCGGGA-1,1,33,63,14745,14161
GGGAGAACTCACAGTA-1,1,32,64,14491,14310
ATCAATCTGGGCTGCA-1,1,33,65,14748,14455
TCTTCGATACCAATAA-1,1,32,66,14494,14604
ACGTAGATTGCTGATG-1,1,33,67,14751,14749
TCTTGATGCGTAGCGA-1,1,32,68,14497,14898
GGGCTGCCTAGGGCGA-1,1,33,69,14754,15042
CTCTCACAATCGATGA-1,1,32,70,14500,15192
CCAAGCGTAACTCGTA-1,1,33,71,14757,15336
ACAACAGCATGAGCTA-1,1,32,72,14503,15486
GTCCCAACGTAAAGTA-1,1,33,73,14760,15630
TCGGAGTACATGAGTA-1,1,32,74,14506,15780
GGGAGTTAATGAGGCG-1,1,33,75,14763,15924
CCGGGCGGTCTCGTCA-1,1,32,76,14509,16074
CCGTAAGTTGGTCCCA-1,1,33,77,14766,16218
GGAGGGCTTGGTTGGC-1,1,32,78,14512,16368
TCGGACGCCCAGCCCA-1,1,33,79,14769,16512
TCTGTGCCATCATAGT-1,1,32,80,14515,16661
GTACTGGAGTTAGACC-1,1,33,81,14772,16806
GGAATGCGCTAGCGTG-1,1,32,82,14518,16955
GTGTGAATAACTTAGG-1,1,33,83,14775,17100
GGTCGGCCAGGAGCTT-1,1,32,84,14521,17249
TAGCCGGCGGTCAGCG-1,1,33,85,14778,17394
CGGGTGTACCCATTTA-1,1,32,86,14524,17543
AGTGATTCAAGCAGGA-1,1,33,87,14781,17687
GTTGGATTGAGAACAC-1,1,32,88,14527,17837
CACACGCGCTGTCTTA-1,1,33,89,14784,17981
TAGACGCCCGTACCGG-1,1,32,90,14530,18131
GGTTTCAATCGGTCAG-1,1,33,91,14787,18275
AATCTGCGTTGGGACG-1,1,32,92,14533,18425
TTACGGATGGTTCGAG-1,1,33,93,14790,18569
CGGCAGGGTCGGGTTG-1,1,32,94,14536,18719
GCTTTCAGAGGAGGTG-1,1,33,95,14793,18863
TCTTCCCATGGGCACA-1,1,32,96,14539,19013
TACCGCGGACTTGCAG-1,1,33,97,14796,19157
AGAATTATGGATTCGA-1,1,32,98,14542,19306
ATTGATGAGTCCTAAC-1,1,33,99,14799,19451
TAGGTCGCCGGAACTG-1,1,32,100,14545,19600
TAACCTACCGTCCGAG-1,1,33,101,14802,19745
CTTAGTAGGCCTACAG-1,1,32,102,14548,19894
CTAGATGTGAGTGTAA-1,1,33,103,14805,20039
ACTCCCGAATTCGTTT-1,1,32,104,14551,20188
GTTCATCGTTTGGCTG-1,1,33,105,14808,20332
ACTTTACCCTCATGAA-1,1,32,106,14554,20482
GCGAGAGTTGCGTCCA-1,1,33,107,14811,20626
GTTCGGGCGTACCATT-1,1,32,108,14557,20776
CGACTTTGTATAGCCT-1,1,33,109,14814,20920
GCCATCGATGCTGCAT-1,1,32,110,14560,21070
GCATTTCCAAGGCTCC-1,1,33,111,14817,21214
ATGTAAGGCTGCTCTT-1,1,32,112,14563,21364
ACGTTCGCAATCAATT-1,1,33,113,14820,21508
GTGACGAGGGTGACCC-1,1,32,114,14566,21658
ATTATAGCTACTTTAC-1,1,33,115,14823,21802
CGTGTGTTAAACCCTG-1,1,32,116,14569,21951
TTGGTATGGCTTGTGT-1,1,33,117,14826,22096
CATTCCCATTCCGTCG-1,1,32,118,14572,22245
TGCCGAAAGCGTATTC-1,1,33,119,14829,22390
CAACACATCTCCTGCC-1,1,32,120,14575,22539
CTGCCTCATATGCAAC-1,1,33,121,14832,22684
TCCCGCCTATGTGCGT-1,1,32,122,14578,22833
GGTTACCCGACACTTT-1,1,33,123,14835,22977
CCAGCGGGATCACCAG-1,1,32,124,14581,23127
ATGTTTCGGCCCGGAG-1,1,33,125,14838,23271
GCGTCTAACCTCCTAA-1,1,32,126,14584,23421
ATCAGGTAGCTGACAG-1,1,33,127,14841,23565
GGTATGAAAGAACTGA-1,1,34,0,14906,4901
GTGGCCTAATATCATT-1,1,35,1,15164,5045
CCTGTGAAACCGTAAC-1,1,34,2,14909,5194
GGCAGAGAGATCGGGA-1,1,35,3,15167,5339
TAGCGTCGAATATTGA-1,1,34,4,14912,5488
CGCCGACTATTCGCTA-1,1,35,5,15170,5633
TCTGGCGCAAGCCGGG-1,1,34,6,14915,5782
AGTGGTTGCGTATAGG-1,1,35,7,15173,5927
ATCGGTTACCTAGTAA-1,1,34,8,14918,6076
CCTGCCCGTTGTCTAG-1,1,35,9,15176,6220
GCACACGCCCATGGTC-1,1,34,10,14921,6370
AGTACGGCCCGTATCG-1,1,35,11,15179,6514
TATCTAGCCTAAAGGA-1,1,34,12,14924,6664
CACTCGGTTAGGAGGA-1,1,35,13,15182,6808
ATGTTCGTCGACCCAC-1,1,34,14,14927,6958
TTCCTCTGCCCGAATA-1,1,35,15,15185,7102
TTACTATCGGCTTCTC-1,1,34,16,14930,7252
GCCGCATTAGTCCGGC-1,1,35,17,15188,7396
TAAGGGCTGGGAGAGG-1,1,34,18,14933,7546
TAAGCAGGCGACACGC-1,1,35,19,15191,7690
AGCACTACCGGCCTGT-1,1,34,20,14936,7839
GAAAGCCCTTTGGACC-1,1,35,21,15194,7984
GACCGACTGAAGCGTC-1,1,34,22,14939,8133
CGGTGAAGACTAAAGT-1,1,35,23,15197,8278
CCCTGCGCTACGCATA-1,1,34,24,14942,8427
TACTGGACAGCTCGGC-1,1,35,25,15200,8572
TTAGTAGGGCGGCGGG-1,1,34,26,14945,8721
GAGGCTATCAAAGTCG-1,1,35,27,15203,8865
TTACCATTGATTACCC-1,1,34,28,14948,9015
ATACCACGGGCAACTT-1,1,35,29,15206,9159
TGTCCTAAGTCACCGC-1,1,34,30,14951,9309
AGGTAGGTACAAAGCT-1,1,35,31,15209,9453
GGCATACAGGTAGCGG-1,1,34,32,14954,9603
TGTAGTGATCTATAAT-1,1,35,33,15212,9747
TCCCGGGTGTGCTGCT-1,1,34,34,14957,9897
TACGATGTTGATCATC-1,1,35,35,15215,10041
CCTCTCTCCCATCTAG-1,1,34,36,14960,10191
GCAGGACTATAGAATA-1,1,35,37,15218,10335
CTAGTGAAGGACAGGA-1,1,34,38,14963,10485
TACGAGAACTTCACGT-1,1,35,39,15221,10629
CGTTGTTTCAATTCCC-1,1,34,40,14966,10778
GCAAATATTACGCTTT-1,1,35,41,15224,10923
CCAATAGTGCCGTCGA-1,1,34,42,14969,11072
ATTGCTGCTCCTCCAT-1,1,35,43,15227,11217
GAGATCTGCTTGGCAT-1,1,34,44,14972,11366
GCCGAAATTCCTACGT-1,1,35,45,15230,11511
GGCACTCCACTGGGCA-1,1,34,46,14975,11660
GGGTCACCGTGACGGT-1,1,35,47,15233,11804
CACTTAATCAGACGGA-1,1,34,48,14978,11954
CGTTTCGCTCATTACA-1,1,35,49,15236,12098
ATAAAGGCTCGGTCGT-1,1,34,50,14981,12248
CACTAAAGTTGCCTAT-1,1,35,51,15239,12392
GTGCTCAAGTACTGTC-1,1,34,52,14984,12542
CCATGCCTGTTTAGTA-1,1,35,53,15242,12686
TCTAGTTATCAGAAGA-1,1,34,54,14987,12836
TTGTAATCCGTACTCG-1,1,35,55,15245,12980
TCCCAGCTTTAGTCTG-1,1,34,56,14990,13130
CTACGCACGGAGTACC-1,1,35,57,15248,13274
AAATTAACGGGTAGCT-1,1,34,58,14993,13423
CGGCCACGCACAAAGT-1,1,35,59,15251,13568
GAAGCGTGAGGAATTT-1,1,34,60,14996,13717
ATATCTTAGGGCCTTC-1,1,35,61,15254,13862
ACGCGGGCCAAGGACA-1,1,34,62,14999,14011
GCGAGTTCTGCAAAGA-1,1,35,63,15257,14156
TATTCGTGCCAGAATA-1,1,34,64,15002,14305
AGGGCTGCAGTTACAG-1,1,35,65,15260,14449
CTAGCATAGTATAATG-1,1,34,66,15005,14599
TAGGTTCGAGTTCGTC-1,1,35,67,15263,14743
GAATTATAGTGAAAGG-1,1,34,68,15009,14893
CTATCGGGTCTCAACA-1,1,35,69,15266,15037
GCGCTAATTGAATAGA-1,1,34,70,15012,15187
ATGCGACAGTCCCATT-1,1,35,71,15269,15331
GGTAGTGCTCGCACCA-1,1,34,72,15015,15481
AAGCTCGTGCCAAGTC-1,1,35,73,15272,15625
TATTCAATTCTAATCC-1,1,34,74,15018,15775
TTCAAAGTCTCTAGCC-1,1,35,75,15275,15919
TTGAATATGGACTTTC-1,1,34,76,15021,16068
AAGAGCTCTTTATCGG-1,1,35,77,15278,16213
TTACTCCGGCCGGGAA-1,1,34,78,15024,16362
AAACGAGACGGTTGAT-1,1,35,79,15281,16507
GCTAAGTAGTTTCTCT-1,1,34,80,15027,16656
ATAACGCCGGAGGGTC-1,1,35,81,15284,16801
GGATCCGGAATATACT-1,1,34,82,15030,16950
TGAAAGGACCTGACTC-1,1,35,83,15287,17094
TCCGCGGCAGCATCTG-1,1,34,84,15033,17244
TGCATATGTCTGTCAC-1,1,35,85,15290,17388
TGTAGGAGAAATTTCC-1,1,34,86,15036,17538
AGTGAGACTTCCAGTA-1,1,35,87,15293,17682
CCCAAACATGCTGCTC-1,1,34,88,15039,17832
GCTTATGAAGCAGGAA-1,1,35,89,15296,17976
TTCTAACCGAAGCTTA-1,1,34,90,15042,18126
GGATGTCCTTACCGCA-1,1,35,91,15299,18270
AGGGTGCTCTCGAGGG-1,1,34,92,15045,18420
AACTCTCAATAGAGCG-1,1,35,93,15302,18564
TCTGAATTCCGTACAA-1,1,34,94,15048,18713
GCGTGGTACTGGGTTA-1,1,35,95,15305,18858
CGTCGGATAGTGTTGA-1,1,34,96,15051,19007
ATATGTCTCCCTAGCC-1,1,35,97,15308,19152
TCTTTAAGACTATGAA-1,1,34,98,15054,19301
TCATTTAAGTCTCCGA-1,1,35,99,15311,19446
GATATTGAGATTGGCG-1,1,34,100,15057,19595
TGACATCGAGCGGACC-1,1,35,101,15314,19739
GCGTAAATGGCCATAA-1,1,34,102,15060,19889
ATTGTACAACTCGGCT-1,1,35,103,15317,20033
TACGCTATAGAAACCT-1,1,34,104,15063,20183
CACCCAAATCTTATGT-1,1,35,105,15320,20327
AGATGATGGAGTCTGG-1,1,34,106,15066,20477
CCACGGTGCCCGGTAG-1,1,35,107,15323,20621
TCAAGAAATACTAGCT-1,1,34,108,15069,20771
AGGTATAATTGATAGT-1,1,35,109,15326,20915
CAAGGTCCTATAGGCT-1,1,34,110,15072,21065
CCGGCACGACCGTTTC-1,1,35,111,15329,21209
ACCTCCGTTATTCACC-1,1,34,112,15075,21358
GCAGCCTATATCACAT-1,1,35,113,15332,21503
GGTATAGTGACACATA-1,1,34,114,15078,21652
AAATTCCAGGTCCAAA-1,1,35,115,15335,21797
TCTTTAGCAGGCGAAC-1,1,34,116,15081,21946
TATTGACATTTCTGCC-1,1,35,117,15338,22091
TCTGATCGGGTGCTAG-1,1,34,118,15084,22240
GGCCCGGAGCATGTCT-1,1,35,119,15341,22384
GGGCGCAGCGTTACTC-1,1,34,120,15087,22534
TTGGCGATCCGAATAT-1,1,35,121,15344,22678
CCACGTAAATTAGACT-1,1,34,122,15090,22828
TCTGATTGGAAATGGA-1,1,35,123,15347,22972
ATGGCGGAATAGTCGC-1,1,34,124,15093,23122
ATCGCTTTACGTCTCA-1,1,35,125,15350,23266
TACGTGCAAGGTTCCT-1,1,34,126,15096,23416
CAGGACAGCTGCCCTT-1,1,35,127,15353,23560
CAAACCAGGTCTGCAT-1,1,36,0,15418,4895
ACAAGCTATATGGAAG-1,1,37,1,15675,5040
TCGCCCACTGCGAGAG-1,1,36,2,15421,5189
AGCCGCAAATTCAAAT-1,1,37,3,15678,5334
TTAACGTTAAAGCCTG-1,1,36,4,15424,5483
CAGCGCCAACACGATA-1,1,37,5,15681,5627
ATCCAATGGTACCGAA-1,1,36,6,15427,5777
GTGCTGCAGATAAGGA-1,1,37,7,15684,5921
GGCCTTTGCAACTGGC-1,1,36,8,15430,6071
GTCGTACCTACGATTG-1,1,37,9,15687,6215
TAGAAATTCACGTATA-1,1,36,10,15433,6365
AGAATAAATCTTCAGG-1,1,37,11,15690,6509
CATTGCGAAATGGGCG-1,1,36,12,15436,6659
GTCTACTCAATTACAA-1,1,37,13,15693,6803
TGTAATGACCACAATA-1,1,36,14,15439,6953
AAAGTCGACCCTCAGT-1,1,37,15,15696,7097
TACTCGGCACGCCGGG-1,1,36,16,15442,7246
AGGTGTATCGCCATGA-1,1,37,17,15699,7391
TGTGCTTTACGTAAGA-1,1,36,18,15445,7540
AAACCTCATGAAGTTG-1,1,37,19,15702,7685
TATAGGGTACTCATGA-1,1,36,20,15448,7834
CCAGCTGATGGTACTT-1,1,37,21,15705,7979
AATATTGGAGTATTGA-1,1,36,22,15451,8128
GGCCCTCACCCACTTA-1,1,37,23,15708,8272
AACCAAGACTTCTCTG-1,1,36,24,15454,8422
TCGTATTACCCATTGC-1,1,37,25,15711,8566
ATTCGACGCCGGGCCT-1,1,36,26,15457,8716
GGCGCAGGACATCTTC-1,1,37,27,15714,8860
GTACTCCCTTATCGCT-1,1,36,28,15460,9010
TGGTCTGTTGGGCGTA-1,1,37,29,15717,9154
AATAACAACGCTCGGC-1,1,36,30,15463,9304
CATACCCGTACCCAGT-1,1,37,31,15720,9448
ACAATCCATTTAAACC-1,1,36,32,15466,9598
GTTACAATTGGTGACG-1,1,37,33,15723,9742
TTGCCCTGATCACGGG-1,1,36,34,15469,9891
CTAACCGCGCGCCCGT-1,1,37,35,15726,10036
CTAAAGAATGCCTACT-1,1,36,36,15472,10185
ACCCATCTTGAGGGTA-1,1,37,37,15729,10330
GATCTTTGCAGGGTAT-1,1,36,38,15475,10479
GGGTACTTCATGAACT-1,1,37,39,15732,10624
GCCGCTTGTGAGAAAC-1,1,36,40,15478,10773
CCTGTAAGACATGATA-1,1,37,41,15735,10918
CGACAGTTCGCGTTAT-1,1,36,42,15481,11067
ACGATGCATATGTTAT-1,1,37,43,15738,11211
TGTTCCGCTTCCATGA-1,1,36,44,15484,11361
GGATGACGCGAGTTTA-1,1,37,45,15741,11505
GAAGTTTCCACTCAAT-1,1,36,46,15487,11655
GCGAGGCCCGAGCAGA-1,1,37,47,15744,11799
CATACTATGTAATTGT-1,1,36,48,15490,11949
CCAATGTCACAGCAAG-1,1,37,49,15747,12093
GTTGGATTTGCGTTGG-1,1,36,50,15493,12243
GGGAGGATGCCCGAAA-1,1,37,51,15750,12387
GATCGCGGGCTCTCCA-1,1,36,52,15496,12537
GTTCGCCATAAGTGCC-1,1,37,53,15753,12681
AGATTATAGGACGTTT-1,1,36,54,15499,12830
TCGAGACCAACACCGT-1,1,37,55,15756,12975
TATGGGACCGAGCAGG-1,1,36,56,15502,13124
GATGCGTCCTGCATTC-1,1,37,57,15759,13269
TATGGTCTGAGTAACA-1,1,36,58,15505,13418
GCATAGAGCACTCAGG-1,1,37,59,15762,13563
CTTCATTGTCAGTGGA-1,1,36,60,15508,13712
GCAGATTAGGGATATC-1,1,37,61,15765,13856
CCTGTCGCCCGTAAAT-1,1,36,62,15511,14006
CAATTTCGTATAAGGG-1,1,37,63,15768,14150
GTACACTTACCTGAAG-1,1,36,64,15514,14300
CCAGCCTGGACCAATA-1,1,37,65,15771,14444
ATGGAGCAGGCCGTGA-1,1,36,66,15517,14594
GTCATTAGAGCGAACG-1,1,37,67,15774,14738
AAGACTGCAAGCTACT-1,1,36,68,15520,14888
CTAGTCACGTCTTAAG-1,1,37,69,15777,15032
ACTCTTGTATAGTAAC-1,1,36,70,15523,15182
ATTAGGCGATGCTTTC-1,1,37,71,15780,15326
TTCGGGACTAATCGCG-1,1,36,72,15526,15475
TGGACTGTTCGCTCAA-1,1,37,73,15783,15620
AACGTGCGAAAGTCTC-1,1,36,74,15529,15769
CCACCCAAGGAAAGTG-1,1,37,75,15786,15914
CCGCACAAAGACCAAC-1,1,36,76,15532,16063
GCGATTGTTAACGTTA-1,1,37,77,15789,16208
ACTCGTCAGTAATCCC-1,1,36,78,15535,16357
GGTGATAAGGAGCAGT-1,1,37,79,15792,16501
AAGAGGCATGGATCGC-1,1,36,80,15538,16651
CACGTTCGTGCTCTAG-1,1,37,81,15795,16795
CTATTTGGTTACGGAT-1,1,36,82,15541,16945
GTACAGAGGCAAGGGT-1,1,37,83,15798,17089
GGGCCGGCCGAAGTAC-1,1,36,84,15544,17239
CCTGAACGATATATTC-1,1,37,85,15801,17383
CCGGGCTGCTCCATAC-1,1,36,86,15547,17533
TACTTGTTAGTAGTCC-1,1,37,87,15804,17677
CCTAGGCGTAGCGATC-1,1,36,88,15550,17827
CTGGCGCACAGGTCTG-1,1,37,89,15807,17971
ACTTATACTTACCCGG-1,1,36,90,15553,18120
GAAGTCTCCCTAGCGA-1,1,37,91,15810,18265
ACCGATGGTAGCATCG-1,1,36,92,15556,18414
CGAGTTTATCGGACTG-1,1,37,93,15813,18559
CATAACGGACAGTCGT-1,1,36,94,15559,18708
TGACGATGCACTAGAA-1,1,37,95,15816,18853
TAGGGAGCTTGGGATG-1,1,36,96,15562,19002
AGGGTCGATGCGAACT-1,1,37,97,15819,19146
TATATCCCTGGGAGGA-1,1,36,98,15565,19296
CATCTTACACCACCTC-1,1,37,99,15822,19440
GTGCGACAGGGAGTGT-1,1,36,100,15568,19590
CCGATCTCAACCTTAT-1,1,37,101,15825,19734
ACGATCATCTTGTAAA-1,1,36,102,15571,19884
GAAAGAACAGCGTTAT-1,1,37,103,15828,20028
CTAGGTCTGAAGGAAT-1,1,36,104,15574,20178
ATATCAACCTACAGAG-1,1,37,105,15831,20322
AAATAGCTTAGACTTT-1,1,36,106,15577,20472
GCGACATGTAAACATC-1,1,37,107,15834,20616
ATAAGTAGGGCGACTC-1,1,36,108,15580,20765
GCGAGCGCATGCTCCC-1,1,37,109,15837,20910
AGGGACCGGCTGCGTT-1,1,36,110,15583,21059
CCTATGAAGTGGTGCC-1,1,37,111,15840,21204
GCTTACGTAGTTAGTA-1,1,36,112,15586,21353
CATACTTAGGCAATAC-1,1,37,113,15843,21498
CCTGTCCCTCACGTTA-1,1,36,114,15589,21647
CAATGTGCCAACCCTT-1,1,37,115,15846,21791
GTTAAGTTAGAGTGGG-1,1,36,116,15592,21941
CTGGGATACGCTACCC-1,1,37,117,15849,22085
AACCTGTCACGGAATT-1,1,36,118,15595,22235
ACTGCGGACACACCGT-1,1,37,119,15852,22379
CCGTGAGGCATTCATG-1,1,36,120,15598,22529
GCCCAGATGCTGGAGA-1,1,37,121,15855,22673
TCTGGCCGTTCAAGTT-1,1,36,122,15601,22823
ATACGAAGGCTTTCCA-1,1,37,123,15858,22967
GATCCGAATATAAGTG-1,1,36,124,15604,23117
GTGGAGCATGTCGGCC-1,1,37,125,15861,23261
ACTCTTCAGCTCCCGC-1,1,36,126,15607,23410
CCCGATAGCCTCGCCT-1,1,37,127,15864,23555
ACAGGTGTGTTGTTGC-1,1,38,0,15929,4890
TGAACTGCTATGACTT-1,1,39,1,16186,5034
TGACATATATGACGAT-1,1,38,2,15932,5184
AAGTCTTCTGTGGCCT-1,1,39,3,16189,5328
ACCAGACCATAACAAC-1,1,38,4,15935,5478
TGAGACGTACCTCTCA-1,1,39,5,16192,5622
GACCGTTACATGCGAC-1,1,38,6,15938,5772
GGTTCGGATTATACTA-1,1,39,7,16195,5916
CCTCCTGAGCCCACAT-1,1,38,8,15941,6066
CCGCGATTTGGTAGGT-1,1,39,9,16198,6210
AATCTCTACTGTGGTT-1,1,38,10,15944,6360
ACTTTGACTGCATCCT-1,1,39,11,16201,6504
CCCTGACTAACAAATT-1,1,38,12,15947,6653
ACGCTGTGAGGCGTAG-1,1,39,13,16204,6798
GCATACGAGGTCTTTA-1,1,38,14,15950,6947
TCGGGATTCAAACATA-1,1,39,15,16207,7092
GGGCCCTACGAAAGGG-1,1,38,16,15953,7241
CGCCAAGAAGCCGAGT-1,1,39,17,16210,7386
GGTACATCTGGGACGA-1,1,38,18,15956,7535
GGATGCTGGCGTTCCT-1,1,39,19,16213,7679
CCGATTCGAGGGACCC-1,1,38,20,15959,7829
CCACTGGTGGCTGGTT-1,1,39,21,16216,7973
GACAGGCACACACTAT-1,1,38,22,15962,8123
TCAACGCGACCGGCAG-1,1,39,23,16219,8267
CTACGACTAGCTATAA-1,1,38,24,15965,8417
CGGTTGACCTGGCATA-1,1,39,25,16222,8561
ATCCTGAATCGCTGCG-1,1,38,26,15968,8711
GTTTCATATCGTCGCT-1,1,39,27,16225,8855
ATAAATATTAGCAGCT-1,1,38,28,15971,9005
AAGAGGATGTACGCGA-1,1,39,29,16228,9149
TCCTGCGTTGATACTC-1,1,38,30,15974,9298
CGTGCATTGTCGACGC-1,1,39,31,16231,9443
CCGGGTTCGAGGTTAC-1,1,38,32,15977,9592
CCCAATTTCACAACTT-1,1,39,33,16234,9737
TGATTTATTAGCTGTG-1,1,38,34,15980,9886
TGGAAGAAGGGAACGT-1,1,39,35,16237,10031
GACGCTTGCTTCTAAA-1,1,38,36,15983,10180
GGGAACGGGAGGTTAG-1,1,39,37,16240,10325
GCGGCTCTGACGTACC-1,1,38,38,15986,10474
ACGTTAGATTTGCCCG-1,1,39,39,16243,10618
GAGAGGGCGCGAGGTT-1,1,38,40,15989,10768
GCGTCTCTGCATTGGG-1,1,39,41,16246,10912
GCAGCACACAGCCCAG-1,1,38,42,15992,11062
CAGGCCGTTTGGGTGT-1,1,39,43,16249,11206
AACTCAAGTTAATTGC-1,1,38,44,15995,11356
CTTCGTAGATAGGTGA-1,1,39,45,16252,11500
TGCAGAGTACCGAGCA-1,1,38,46,15998,11650
GAAGTGATTTATCGTG-1,1,39,47,16255,11794
CGCTACGGGACATTTA-1,1,38,48,16001,11944
CCACACTGAGATATTA-1,1,39,49,16258,12088
CGATCCGACCCAGTGC-1,1,38,50,16004,12237
CTGTACTTCTTAGCAT-1,1,39,51,16261,12382
ACTTATTAGGATCGGT-1,1,38,52,16007,12531
TAGTCCGCAGAGAATG-1,1,39,53,16264,12676
TTCACGAAAGGATCAC-1,1,38,54,16010,12825
TACATTTCTAACGTGC-1,1,39,55,16267,12970
ACCATATCCGCAATAA-1,1,38,56,16013,13119
CACTCAAGAGCTATGG-1,1,39,57,16270,13263
TGTACGAACAAATCCG-1,1,38,58,16016,13413
ATCATCCAATATTTGT-1,1,39,59,16273,13557
CGCTATTCTTAGGCTC-1,1,38,60,16019,13707
TGGCAGCAGTAATAGT-1,1,39,61,16276,13851
TCACGTGCCCGATTCA-1,1,38,62,16022,14001
CATACGGCGTCTGGGC-1,1,39,63,16279,14145
CACATGATTCAGCAAC-1,1,38,64,16025,14295
GCTAGTAGAGCTTGTA-1,1,39,65,16282,14439
TGCTGTTGAAGAACTC-1,1,38,66,16028,14589
CGGAGCATGGCGATCC-1,1,39,67,16285,14733
TAGCGTTGGGTCTTAC-1,1,38,68,16031,14882
GTAGCGGCTATACACT-1,1,39,69,16288,15027
TAACATACAATGTGGG-1,1,38,70,16034,15176
TCTTCGAATAGACGTT-1,1,39,71,16291,15321
GATCGTGACTGATATC-1,1,38,72,16037,15470
GATCCGGGAATTAACA-1,1,39,73,16294,15615
TTATATACGCTGTCAC-1,1,38,74,16040,15764
GTCGCGTAACCCGTTG-1,1,39,75,16297,15908
AGCTCTAGACGTTCCA-1,1,38,76,16043,16058
GTCAAGCGGACTCGGG-1,1,39,77,16300,16202
CGAGGGACTGCGGTCG-1,1,38,78,16046,16352
AATCGCCTCAGCGCCA-1,1,39,79,16303,16496
CTTGTTGCTGAGTCAA-1,1,38,80,16049,16646
GATATGAGACACTAAC-1,1,39,81,16306,16790
TTATGATCTTAACGAA-1,1,38,82,16052,16940
CGCCGCCCATGCCTGT-1,1,39,83,16309,17084
CTGGGATAAATAATGG-1,1,38,84,16055,17234
GTGCCCGTTCGGATTC-1,1,39,85,16312,17378
TTCAATACTCTGAATC-1,1,38,86,16058,17527
CGCACATGTCCACTAC-1,1,39,87,16315,17672
AGAAGAGCGCCGTTCC-1,1,38,88,16061,17821
GATAACTCGCACTGTG-1,1,39,89,16318,17966
AGTCGACGGTCTCAAG-1,1,38,90,16064,18115
GTGACCGCACACTACG-1,1,39,91,16321,18260
GTATGTGGGTCTAGTT-1,1,38,92,16067,18409
CTTGAGTTAGGGTAAT-1,1,39,93,16324,18553
TTAGCTGATTTGCCGT-1,1,38,94,16070,18703
GCTGTTGCTACCGAAC-1,1,39,95,16327,18847
TATTACCATCCTGCTT-1,1,38,96,16073,18997
TTGAATTCACGTGAGG-1,1,39,97,16330,19141
CCATCTCACCAGTGAA-1,1,38,98,16076,19291
CGCACGTGCGCTATCA-1,1,39,99,16333,19435
ACCCGGATGACGCATC-1,1,38,100,16079,19585
CGCTAGAGACCGCTGC-1,1,39,101,16336,19729
ATAGTTCCACCCACTC-1,1,38,102,16082,19879
GCAGACCCAGCACGTA-1,1,39,103,16339,20023
TAGACTACCTAGCGTT-1,1,38,104,16085,20172
GGTTCTACTCGTCTGA-1,1,39,105,16342,20317
GACTCACCCACGTGAG-1,1,38,106,16088,20466
AGCTCTTCGTAACCTT-1,1,39,107,16345,20611
ACTATCCAGGGCATGG-1,1,38,108,16091,20760
AAGGATCGATCGCTTG-1,1,39,109,16348,20905
ATATCGGTAGGGAGAT-1,1,38,110,16094,21054
TTCCAGACGAGATTTA-1,1,39,111,16351,21198
GACCGACGTGAAAGCA-1,1,38,112,16097,21348
CCTGGAAACGTTCTGC-1,1,39,113,16354,21492
CCGGTAATGGCTAGTC-1,1,38,114,16100,21642
GCCGTGGAAGAAATGT-1,1,39,115,16357,21786
GTCTTGAGGAGCAGTG-1,1,38,116,16103,21936
TCCCAAAGCCCTAAAT-1,1,39,117,16360,22080
TTGAGCGCCACGTGAT-1,1,38,118,16106,22230
TTGAGTCCCGCTGCTG-1,1,39,119,16363,22374
ATGGAACCTTTGCACA-1,1,38,120,16109,22524
GCTAGCACCTGGGCCA-1,1,39,121,16366,22668
CGCCGTCTACCCATCG-1,1,38,122,16112,22817
GATAGGTGTCCCGGGC-1,1,39,123,16369,22962
AGGTATGCGGACATTA-1,1,38,124,16115,23111
TTGGTTCGCTCAAAGG-1,1,39,125,16372,23256
TCTGGAGCGTAAGAGT-1,1,38,126,16118,23405
TGCCTAAATTTAATAG-1,1,39,127,16375,23550
TAATTTCCGTCCAGTA-1,1,40,0,16441,4885
TCCTTCAATCCCTACG-1,1,41,1,16698,5029
TACCTATCCCTAGAGG-1,1,40,2,16444,5179
GCATGGGTACTGACGC-1,1,41,3,16701,5323
GTCGGGAACATGGTAG-1,1,40,4,16447,5473
GCAAATGAGGACACTT-1,1,41,5,16704,5617
GAATGGGCTTATCGAC-1,1,40,6,16450,5767
TGGTCGTGCAAGGCAA-1,1,41,7,16707,5911
CACCACGCCACACAGA-1,1,40,8,16453,6060
GAACCTCGACCTACAC-1,1,41,9,16710,6205
CAATACGCTCTGAGGC-1,1,40,10,16456,6354
TGGTAAGCAGGATTGA-1,1,41,11,16713,6499
AGTGGCTCCGTCGGCC-1,1,40,12,16459,6648
GATCGGATAGAACCAT-1,1,41,13,16716,6793
GCTACAGTACGGACCG-1,1,40,14,16462,6942
TCTATTACTAGAGGAT-1,1,41,15,16719,7086
TTCAGGCGTCAAAGCC-1,1,40,16,16465,7236
AGACCGGGAAACCCTG-1,1,41,17,16722,7380
AGAGATCTCTAAAGCG-1,1,40,18,16468,7530
CCCTGCCCAATCCGCT-1,1,41,19,16725,7674
GTGGCGGTCCCAGCGT-1,1,40,20,16471,7824
GCATTGTAATTCATAT-1,1,41,21,16728,7968
CCGTTCCGAATCTCGG-1,1,40,22,16474,8118
AGCTTGATCTTAACTT-1,1,41,23,16731,8262
CCTGTACTCACGCCCA-1,1,40,24,16477,8412
AAGTGACGACCGAATT-1,1,41,25,16734,8556
CTCACTTGGCTGGTAA-1,1,40,26,16480,8705
CGCCTGGCCTACGTAA-1,1,41,27,16737,8850
CCCGTAAGTCTAGGCC-1,1,40,28,16483,8999
TTGGACATGTGGCTTA-1,1,41,29,16740,9144
ATTACGCGCTGGCAGG-1,1,40,30,16486,9293
ACGCGCTACACAGGGT-1,1,41,31,16743,9438
TACGTTTACCGGCAAT-1,1,40,32,16489,9587
CGAAACGCAATTCATG-1,1,41,33,16746,9731
TAGTCTAACAACGAGA-1,1,40,34,16492,9881
TTGCATGCTGATCACG-1,1,41,35,16749,10025
TCTGGGTAGCGCTCAT-1,1,40,36,16495,10175
ACATCGGTCAGCCGCG-1,1,41,37,16752,10319
AGATACCGGTGTTCAC-1,1,40,38,16498,10469
GATTACTGAATTTGGG-1,1,41,39,16755,10613
TCCAACTTTAAATTCT-1,1,40,40,16501,10763
TCCTAGCAAAGAAGCT-1,1,41,41,16758,10907
GTCTATCTGAGTTTCT-1,1,40,42,16504,11057
GATGTTCAATCCACGA-1,1,41,43,16761,11201
AGTTAAACACTTGCGA-1,1,40,44,16507,11351
AGCTCTTTACTCAGTT-1,1,41,45,16764,11495
ATCCAGGATTCGTGAA-1,1,40,46,16510,11644
AGTCAACACCACCATC-1,1,41,47,16767,11789
CGATACCTCGCGGACA-1,1,40,48,16513,11938
TACAACGCACAACTCA-1,1,41,49,16770,12083
AATTAAAGGTCGGCGT-1,1,40,50,16516,12232
TACGCAGTTCTTTCCT-1,1,41,51,16773,12377
GACCGTGCTGACGGTG-1,1,40,52,16519,12526
GGCAAATTACTTTACT-1,1,41,53,16776,12670
GGTACAAACATGCTAT-1,1,40,54,16522,12820
CGGGCCTTCTTTGTAA-1,1,41,55,16779,12964
CGTGAAGTTAATTCAC-1,1,40,56,16525,13114
ATAGTGAAGCGTTCTC-1,1,41,57,16782,13258
TACGCCATATTCTAAT-1,1,40,58,16528,13408
GCCGGGTTAGGGTCGC-1,1,41,59,16785,13552
TACATAGGCATACACC-1,1,40,60,16531,13702
GCCGATTGGCCAAGCT-1,1,41,61,16788,13846
CTGCCATGCATCACAT-1,1,40,62,16534,13996
TTATGAATGAAAGGGA-1,1,41,63,16791,14140
GCTGAGGCGTGAGTAT-1,1,40,64,16537,14289
GCGCCGTTCCACGATA-1,1,41,65,16794,14434
CGCATGGTGCGATGCT-1,1,40,66,16540,14583
AGGTTTCACACACCTT-1,1,41,67,16797,14728
CAAGGATCGCATGTTC-1,1,40,68,16543,14877
ACGTTAATGTCGAAGA-1,1,41,69,16800,15022
TCCAGAGCACCGGTTC-1,1,40,70,16546,15171
GATTCGACGGTTCACG-1,1,41,71,16803,15315
GTTTCTGCAGTCTCCC-1,1,40,72,16549,15465
GCTGCACGGTTTCTTA-1,1,41,73,16806,15609
CGTGCAGACTGGGACA-1,1,40,74,16552,15759
GTGTTACTATGCGTCC-1,1,41,75,16809,15903
TCCTCGGGCTGGGCTT-1,1,40,76,16555,16053
GTGAGGACACTTAAGG-1,1,41,77,16812,16197
ATACGCCGGCGAAACC-1,1,40,78,16558,16347
TCTGCCAGAAACTGCA-1,1,41,79,16815,16491
TTCTGCGGGTTAGCGG-1,1,40,80,16561,16641
CTCGGTACCACTGCTC-1,1,41,81,16818,16785
GTAAGTAACAGTCTGG-1,1,40,82,16564,16934
GTGCGTGTATATGAGC-1,1,41,83,16821,17079
ATTTGTCTTGGGAGCT-1,1,40,84,16567,17228
CCTCGGACCGGGATAG-1,1,41,85,16824,17373
TAGGTGCTCGCCTAGC-1,1,40,86,16570,17522
CTTTAGGAACACTGTT-1,1,41,87,16827,17667
TCGGGCCGTCGTGGTA-1,1,40,88,16573,17816
AGTGCTTGCACGAATA-1,1,41,89,16830,17960
TGCAGTTTCCTCCCAT-1,1,40,90,16576,18110
TGAGAGATTTACCACG-1,1,41,91,16833,18254
GAAACAGATGACCACC-1,1,40,92,16579,18404
AGCAACATATCTTATT-1,1,41,93,16836,18548
CAAGTGTGGTTGCAAA-1,1,40,94,16582,18698
GCCTCATCTGGAAATA-1,1,41,95,16839,18842
AACCCTACTGTCAATA-1,1,40,96,16585,18992
ACGTATTACTCCGATC-1,1,41,97,16842,19136
TCTGGGAACCTTTGAA-1,1,40,98,16588,19286
GCTCGCTCATGTCCAA-1,1,41,99,16845,19430
GCGCAAGAGCGCGCTG-1,1,40,100,16591,19579
TTGACGCTCCATGAGC-1,1,41,101,16848,19724
TATAGATGGTCGCAGT-1,1,40,102,16594,19873
TTACATGCCACAACTA-1,1,41,103,16851,20018
ACATGGCGCCAAAGTA-1,1,40,104,16597,20167
TATGGTTAGTGGGAGA-1,1,41,105,16854,20312
CATGACTTCGCTGAAT-1,1,40,106,16600,20461
ACCACCAATGTAACAA-1,1,41,107,16857,20605
TCTTAGAGCTCCAATT-1,1,40,108,16603,20755
CCACGAATTTAACCTC-1,1,41,109,16860,20899
TTCTTGCTAGCATCTC-1,1,40,110,16606,21049
ACACCTTACTACTTGC-1,1,41,111,16863,21193
AGTCGGTTGCGTGAGA-1,1,40,112,16609,21343
ACCTACAGTATGTGGT-1,1,41,113,16866,21487
GAGGATAAACAGTGCT-1,1,40,114,16612,21637
TTCCGGTATCTGTGTC-1,1,41,115,16869,21781
GGAGGCCGAAGTCGTC-1,1,40,116,16615,21931
TTCGCTAGGAAGTTGT-1,1,41,117,16872,22075
TAAAGACAACCCTTTA-1,1,40,118,16618,22224
GTTGCGCTAACATTAC-1,1,41,119,16875,22369
GCTGAACTCTCCAGGG-1,1,40,120,16621,22518
AGCCCTGTCGCACCGT-1,1,41,121,16878,22663
AGCGCTAGAGCGATGT-1,1,40,122,16624,22812
TGCGCCGTTAATAACG-1,1,41,123,16881,22957
TGACAACGCATGTCGC-1,1,40,124,16627,23106
CGTCTTGAGTGTGACG-1,1,41,125,16884,23250
GATAGGATTAATTACA-1,1,40,126,16630,23400
GATACCGTGTCGGAGT-1,1,41,127,16887,23544
TGTGTCGAAGTCGAGG-1,1,42,0,16952,4880
GGATCAGAGCCATCAG-1,1,43,1,17209,5024
GTCCCAATCATCCCGC-1,1,42,2,16955,5174
TGCCACACTAGAGGAA-1,1,43,3,17212,5318
TGAATTTCACTTGCCT-1,1,42,4,16958,5467
CTCAGATTGTGATAAG-1,1,43,5,17215,5612
CGGACGTTACTTGAAG-1,1,42,6,16961,5761
CCGCCTTGCGATGTCG-1,1,43,7,17218,5906
CCAGTCAAATCTCTTA-1,1,42,8,16964,6055
AAACAGCTTTCAGAAG-1,1,43,9,17221,6200
TAGCTGATGTGAAGCG-1,1,42,10,16967,6349
CTTATGCGCTCAGGGC-1,1,43,11,17224,6493
TGGCTCTTGTCGCGTA-1,1,42,12,16970,6643
TTGTGAGGCATGACGC-1,1,43,13,17227,6787
CATAAGCTCTCCGTCT-1,1,42,14,16973,6937
CCTTCTCAGCGTTCCT-1,1,43,15,17230,7081
TGCAGCTACGTACTTC-1,1,42,16,16976,7231
CTCTACACTGGCGATT-1,1,43,17,17233,7375
TGCAGATCGTCCTAGG-1,1,42,18,16979,7525
TGCCAAAGTCAGACTT-1,1,43,19,17236,7669
ACAATAGTCGTACGTT-1,1,42,20,16982,7819
CATGCCAACTCGCAAA-1,1,43,21,17239,7963
TGCAGAACTATATCGT-1,1,42,22,16985,8112
TCGTGTCACGCTGACA-1,1,43,23,17242,8257
TGATCAGGGAACTGCT-1,1,42,24,16988,8406
CTTGCAACCGCCTCCT-1,1,43,25,17245,8551
AGCCCATACATGTAAG-1,1,42,26,16991,8700
ATCCAATGGAGGGTCC-1,1,43,27,17248,8845
AAACCGGGTAGGTACC-1,1,42,28,16994,8994
GCAACCACGGCCGCGT-1,1,43,29,17251,9138
CGCTTATTCCCGGTCG-1,1,42,30,16997,9288
TTACTCTGGTACGTAC-1,1,43,31,17254,9432
GTGGTTTCCGCCTTTC-1,1,42,32,17000,9582
ATAGGCGGCTATAGAA-1,1,43,33,17257,9726
GTGCCATCACACGGTG-1,1,42,34,17003,9876
CCCAACATACGTCGCG-1,1,43,35,17260,10020
CGGTGCAGATAGAACG-1,1,42,36,17006,10170
GGGCGGGTTCCCTACG-1,1,43,37,17263,10314
TGAGCCATACAGTCTC-1,1,42,38,17009,10464
CTCCGCCCACATGAGG-1,1,43,39,17266,10608
GTTGAACCGGTTCCAT-1,1,42,40,17012,10758
TTGACTACCATATGGT-1,1,43,41,17269,10902
ACCATCGTATATGGTA-1,1,42,42,17015,11051
TGCGTAAGAACCTGAT-1,1,43,43,17272,11196
AGAAGGTTGCCGAATT-1,1,42,44,17018,11345
AGGACGACCCATTAGA-1,1,43,45,17275,11490
GGTGCTGGTACACATT-1,1,42,46,17021,11639
GCGCTATGCCGAGGCA-1,1,43,47,17278,11784
ACCCGGTTACACTTCC-1,1,42,48,17024,11933
TAACTCATCCGCGCGG-1,1,43,49,17281,12077
CACAATGAGCTGCTAT-1,1,42,50,17027,12227
GTTACTTTGGGCCTAG-1,1,43,51,17284,12371
GGGCCCGTCTTAAACA-1,1,42,52,17030,12521
GAAATTGTCTCTATAA-1,1,43,53,17287,12665
GGCGCATGAATTGATG-1,1,42,54,17033,12815
CATATAGGTACAGTCA-1,1,43,55,17290,12959
TCAACGAGGAGACAAA-1,1,42,56,17036,13109
TTGCACAATTCAGAAA-1,1,43,57,17293,13253
CATCGGACGGGTTAAT-1,1,42,58,17039,13403
ATTAAACATGCGGACC-1,1,43,59,17296,13547
TATCTACCACAGCGGG-1,1,42,60,17042,13696
CGAGACCCTAGAGTGT-1,1,43,61,17299,13841
ACATCGATCGTTTACC-1,1,42,62,17045,13990
ATCGACCCAATACAGA-1,1,43,63,17302,14135
GAATCTGAACATTCTC-1,1,42,64,17048,14284
AGTTCCTATTTATGTT-1,1,43,65,17305,14429
CAGTCTGTATACTGGG-1,1,42,66,17051,14578
GGAGACGACACCTTTG-1,1,43,67,17308,14722
CCTAAATTAACGGTTC-1,1,42,68,17054,14872
GCTACGACTTATTGGG-1,1,43,69,17311,15016
CTGTGCAGGGTAGGTC-1,1,42,70,17057,15166
ACGCCGCTAGACGACC-1,1,43,71,17314,15310
ACTTGACTCCCTCTTT-1,1,42,72,17060,15460
CGCCTCCCTCCTCTAT-1,1,43,73,17317,15604
CTAGATTTACGACGGC-1,1,42,74,17063,15754
GATGCTGTATTTCATC-1,1,43,75,17320,15898
TGCGTTTGTTGACACT-1,1,42,76,17066,16048
CGTGCCCTCCCGAAGA-1,1,43,77,17323,16192
ACTCTCTGACTTAGGT-1,1,42,78,17069,16341
CTGGGTAGGCAGTTAA-1,1,43,79,17326,16486
GTTTGGCCCAAGTTAT-1,1,42,80,17072,16635
GAATGTGGTCCGGATT-1,1,43,81,17329,16780
CCCAGTTAAGGCGCCG-1,1,42,82,17075,16929
CGGTACTAGAATCAAA-1,1,43,83,17332,17074
GCTTAATGTAACTAAC-1,1,42,84,17078,17223
AGGACAGTCGAATCCC-1,1,43,85,17335,17367
GACAGCCAGACCTGAC-1,1,42,86,17081,17517
GGCGAAATCTAACTTG-1,1,43,87,17338,17661
CTGGTAACACATAGAA-1,1,42,88,17084,17811
TAGCCATTTCAAAGTC-1,1,43,89,17341,17955
GGGATTTACCGCACCT-1,1,42,90,17087,18105
ATGCCATTTGCGACCA-1,1,43,91,17344,18249
GAATAGACGCGACCCA-1,1,42,92,17090,18399
TGTATGGCGCAGACAG-1,1,43,93,17347,18543
GGATGAAGATCGCTGA-1,1,42,94,17093,18693
CGACAATTTGATCTAA-1,1,43,95,17350,18837
AAAGTTGACTCCCGTA-1,1,42,96,17096,18986
CGCGGCTCAACTTGAA-1,1,43,97,17353,19131
CACGCGGAACTGTTGC-1,1,42,98,17099,19280
TCTTAGAGTGAACTCT-1,1,43,99,17356,19425
AGTCCATTGGCTGATG-1,1,42,100,17102,19574
TTAAGATAGGATTGAC-1,1,43,101,17359,19719
ACATCCTGGTAACTGT-1,1,42,102,17105,19868
CACCTTGGCGCCTTTG-1,1,43,103,17362,20012
GCTAGACCGTCTACTG-1,1,42,104,17108,20162
CGGCCCAGGTATATCC-1,1,43,105,17365,20306
GTCCATTACTGCTACG-1,1,42,106,17111,20456
GGGTTTAGGATAGGAT-1,1,43,107,17368,20600
TAATTAGGACATCCGT-1,1,42,108,17114,20750
GCTCCCAGTCGGTCCA-1,1,43,109,17371,20894
ATTCGTGCTATCTCTT-1,1,42,110,17117,21044
GTTAACTATGTTGTCA-1,1,43,111,17374,21188
GCTCCGCTCGCTTCAG-1,1,42,112,17120,21338
GCAACGGCTAGTTATG-1,1,43,113,17377,21482
AATCGCGCAGAGGACT-1,1,42,114,17123,21631
AGGTTACACCATGCCG-1,1,43,115,17380,21776
CGAGATTTCGCTCGGG-1,1,42,116,17126,21925
CGATAATACTCAGGTT-1,1,43,117,17383,22070
AAGGCAGGCTGTCTCC-1,1,42,118,17129,22219
GTAAGTCCACACTCTA-1,1,43,119,17386,22364
ATGAGGGCAGCGGCTA-1,1,42,120,17132,22513
GCCGCACTCCGTTTCA-1,1,43,121,17389,22657
GAGCACGGCGCCTCTT-1,1,42,122,17135,22807
ACAATTTGGCCATATT-1,1,43,123,17392,22951
CTGGTTCGCGAGCTAC-1,1,42,124,17138,23101
GACGGTCCTAGGGTGT-1,1,43,125,17395,23245
ACTCGCGATCTGACGC-1,1,42,126,17141,23395
GTGTACGAACCGTTCC-1,1,43,127,17398,23539
CTTTGACGTCGCTTCT-1,1,44,0,17463,4874
CGTTATCATACTTCCA-1,1,45,1,17720,5019
GCTATGCCAGCTTATG-1,1,44,2,17466,5168
CAGTCGGCCTAGATAT-1,1,45,3,17723,5313
CCCGTGAGGGCGGTGA-1,1,44,4,17469,5462
TCTCGTGTTACGAGGA-1,1,45,5,17726,5607
ACGTCTCGTTCCGGGA-1,1,44,6,17472,5756
CGAGAGCGCGTAGATA-1,1,45,7,17729,5900
GACAGATTTCTGGCTC-1,1,44,8,17475,6050
GGGCCTAAATGGGCTA-1,1,45,9,17732,6194
ACTTGTAGTCCCTTCA-1,1,44,10,17478,6344
CCCGAAGTTTCGCGAA-1,1,45,11,17735,6488
ACCATCCGCCAACTAG-1,1,44,12,17481,6638
TGCGAATATGGGATTT-1,1,45,13,17738,6782
TACATCCCTATCCCTG-1,1,44,14,17484,6932
GTGGGAAGACTGAATC-1,1,45,15,17741,7076
TCAACATCGACCGAGA-1,1,44,16,17487,7226
CTATGTGAGTCACGGC-1,1,45,17,17744,7370
CCGAACACTGGGCCTC-1,1,44,18,17490,7519
AAACTTGCAAACGTAT-1,1,45,19,17747,7664
AGGGCGAGCAGCTGAT-1,1,44,20,17493,7813
AACACGAGACGCGGCC-1,1,45,21,17750,7958
TGACGAATATTTCCCT-1,1,44,22,17496,8107
TCGGAGAGTATCGGGA-1,1,45,23,17753,8252
CAAATCTCTCACAAGG-1,1,44,24,17499,8401
AGGCCCTAGAACGCCA-1,1,45,25,17756,8545
TAGAGATCATGCAACT-1,1,44,26,17502,8695
TTGTTTCCATACAACT-1,1,45,27,17759,8839
GAGAGGTGCATTCTGG-1,1,44,28,17505,8989
GTGGACCAACCCGATT-1,1,45,29,17762,9133
CTGGGCCTGCTATATC-1,1,44,30,17508,9283
CATAGTCCACAAGAAC-1,1,45,31,17766,9427
TTGACATGAACGTGGA-1,1,44,32,17511,9577
GGTTACCACCCTCGGG-1,1,45,33,17769,9721
TACCGGTCGTTTCCAT-1,1,44,34,17514,9871
CGAGTACTAAAGAGGA-1,1,45,35,17772,10015
GCAAGAATTCCTTGGC-1,1,44,36,17517,10165
TCGCCGAAGTTGCGTC-1,1,45,37,17775,10309
TTGAGAGTACTGCTAA-1,1,44,38,17520,10458
GCCACAATTTAAGGAC-1,1,45,39,17778,10603
ATATTCAGTTAAACCT-1,1,44,40,17523,10752
TGAGTGCCTCTTAAAT-1,1,45,41,17781,10897
ATCAGACGGCACGCCG-1,1,44,42,17526,11046
GTGCGAAATCGAACAC-1,1,45,43,17784,11191
GTGCCGCTTCAAAGGT-1,1,44,44,17529,11340
GATACGATGGGAGTCA-1,1,45,45,17787,11484
GACACTGAGTTCAGTG-1,1,44,46,17532,11634
ATCCTGCGTGGAATGG-1,1,45,47,17790,11778
ATCCTACCTAAGCTCT-1,1,44,48,17535,11928
AGTGATATGAGTAGTT-1,1,45,49,17793,12072
ATGATGCAATGGTACA-1,1,44,50,17538,12222
GAAACCGAATTACCTT-1,1,45,51,17796,12366
AGTGACCTACTTTACG-1,1,44,52,17541,12516
CAAATGTCCTTCCGTG-1,1,45,53,17799,12660
TTACTGGGATATTTCA-1,1,44,54,17544,12810
CTTGCCCAGGCTCTAC-1,1,45,55,17802,12954
AAATCGTGTACCACAA-1,1,44,56,17547,13103
GTGATCATAGATCTGC-1,1,45,57,17805,13248
TGGCAGATTACGATCA-1,1,44,58,17550,13397
TCACCCTCTTAAGATT-1,1,45,59,17808,13542
CAGGATATATCGTTGT-1,1,44,60,17553,13691
CCTGACCACCGATGGT-1,1,45,61,17811,13836
CTAAAGGGAAATAGGA-1,1,44,62,17556,13985
CCGCTATCAGCACCAG-1,1,45,63,17814,14129
CTTTAGTGCTATTATT-1,1,44,64,17559,14279
CGGGAATTTATGTAAA-1,1,45,65,17817,14423
TACGACTGCCTCTTAG-1,1,44,66,17562,14573
AAACTGCTGGCTCCAA-1,1,45,67,17820,14717
GTACGTTTGCCCGTCA-1,1,44,68,17565,14867
GGCAAGGCGAAATAGC-1,1,45,69,17823,15011
GATCTTGGAGGGCATA-1,1,44,70,17568,15161
AGCGTGGTATTCTACT-1,1,45,71,17826,15305
CTAAGGGAATGATTGG-1,1,44,72,17571,15455
CATGGTAAGTAGCGTT-1,1,45,73,17829,15599
CGTTGAGCGACCGTCG-1,1,44,74,17574,15748
TGCCCGTACCGTTAAA-1,1,45,75,17832,15893
ACAAGGGCAGGCTCTG-1,1,44,76,17577,16042
GAGATCTTCCATGACA-1,1,45,77,17835,16187
AATGACGTAGGATGTC-1,1,44,78,17580,16336
GTGGTGGCCAAGTGAA-1,1,45,79,17838,16481
TCCCGTGTGCAATTTG-1,1,44,80,17583,16630
ACATCGTATGCAATGG-1,1,45,81,17841,16774
GCGAAACTTAACTGGA-1,1,44,82,17586,16924
AATTGAACGCTCTGGT-1,1,45,83,17844,17068
ACAAATGGTAGTGTTT-1,1,44,84,17589,17218
ATGGTCGCGTGGTTTC-1,1,45,85,17847,17362
TGTTATTGTATGTGGC-1,1,44,86,17592,17512
TTCCGGTTACCCACTT-1,1,45,87,17850,17656
GAGTGTGCGGTACCCA-1,1,44,88,17595,17806
CAAGATATTATAACGT-1,1,45,89,17853,17950
ACACACCAGGACCAGT-1,1,44,90,17598,18100
ATGGGCCTCGGCCTCT-1,1,45,91,17856,18244
AAGGTGATAAACCAGC-1,1,44,92,17601,18393
TCTTACTTATGCCTCT-1,1,45,93,17859,18538
AAAGTGTGATTTATCT-1,1,44,94,17604,18687
TGCTCCACAGTTCTTA-1,1,45,95,17862,18832
CTGGCTGATTCATCCT-1,1,44,96,17607,18981
TAAGGCTGAATCCCTC-1,1,45,97,17865,19126
TCTAGTGATATCGTGG-1,1,44,98,17610,19275
TCGAAGAACCGAGCAC-1,1,45,99,17868,19419
GACAAACATATGCAGG-1,1,44,100,17613,19569
AAGTCAATTGTCGTCA-1,1,45,101,17871,19713
AGTGAACAAACTTCTC-1,1,44,102,17616,19863
CATGATGGAAGTTAGC-1,1,45,103,17874,20007
AAGTGCCTTGACTGTA-1,1,44,104,17619,20157
ATCGCCAGTCAACATT-1,1,45,105,17877,20301
ACCGCGGTGGAAGTCG-1,1,44,106,17622,20451
TCTTCTATAACCCGCC-1,1,45,107,17880,20595
CACATTTCTTGTCAGA-1,1,44,108,17625,20745
TAGCGTCCCTCGATTG-1,1,45,109,17883,20889
GTTCGGATCGGGAACA-1,1,44,110,17628,21038
CAAACTCGCGACGCCG-1,1,45,111,17886,21183
GTCTTGTAGCTATTCA-1,1,44,112,17631,21332
TCTCGACGTATCGCCG-1,1,45,113,17889,21477
TTGCCAAGCAGAACCC-1,1,44,114,17634,21626
AAACCCGAACGAAATC-1,1,45,115,17892,21771
TTGAGCAGCCCACGGT-1,1,44,116,17637,21920
CGCCTTTAGCATGCTC-1,1,45,117,17895,22064
TGTGGCTCCCACCAAC-1,1,44,118,17640,22214
CCGCCGTTGAGGATAA-1,1,45,119,17898,22358
CAATACGAGAGTCTGA-1,1,44,120,17643,22508
CATCTAGTGAAGGGAA-1,1,45,121,17901,22652
GGTGGAGGTTGATACG-1,1,44,122,17646,22802
CCGCACACGAACGTGT-1,1,45,123,17904,22946
AGAACCCAGCGTGACA-1,1,44,124,17649,23096
GCGCTCGATCACCTGT-1,1,45,125,17907,23240
ATCATGGACTACCGAC-1,1,44,126,17652,23390
TACGCCGCCTCAGAAG-1,1,45,127,17910,23534
CGACCTACTAGACAAT-1,1,46,0,17975,4869
GAGTCTTGTAAAGGAC-1,1,47,1,18232,5014
AATATCCTAGCAAACT-1,1,46,2,17978,5163
CCCTAGGCAACAAGAG-1,1,47,3,18235,5307
ACAAAGAAGGTAGGCC-1,1,46,4,17981,5457
CCCTGGCTGTTCCTTC-1,1,47,5,18238,5601
TCGCCGCACCGCGTGA-1,1,46,6,17984,5751
TATAGCGCACGTTATC-1,1,47,7,18241,5895
TTATCTGACATTAGGA-1,1,46,8,17987,6045
AGTGGTGTTACCCGTG-1,1,47,9,18244,6189
GCCAAGAATACTTCTG-1,1,46,10,17990,6339
CCGGCGTGAGACTCTG-1,1,47,11,18247,6483
TTCCCGGCGCCAATAG-1,1,46,12,17993,6633
AAACAGGGTCTATATT-1,1,47,13,18250,6777
ACAGTAATACAACTTG-1,1,46,14,17996,6926
CGAACGGCCGGACAAC-1,1,47,15,18253,7071
GCAACACACTAGAACT-1,1,46,16,17999,7220
ACTCCCATTCCTAAAG-1,1,47,17,18256,7365
ACCTGCGTGTCATGTT-1,1,46,18,18002,7514
TACTTTCCGCACGCCA-1,1,47,19,18259,7659
AGGTCAGGTGAGAGTG-1,1,46,20,18005,7808
TCCTCCTAAGACATTC-1,1,47,21,18262,7952
ATGTGAAAGCCTAATG-1,1,46,22,18008,8102
AGTCGGCTCAACTTTA-1,1,47,23,18265,8246
CGATCTGTTGGAGGAC-1,1,46,24,18011,8396
ACGGGAGTGTCGGCCC-1,1,47,25,18268,8540
TTAACTTCAGGTAGGA-1,1,46,26,18014,8690
CCACGGAGCCATAAGA-1,1,47,27,18271,8834
CTTCTATGTTGAAGTA-1,1,46,28,18017,8984
CACCGTTGCGCGATAT-1,1,47,29,18274,9128
TCTAGCAATCTCCGCC-1,1,46,30,18020,9278
AGTTTGGCCAGACCTA-1,1,47,31,18277,9422
TTGTAAGGACCTAAGT-1,1,46,32,18023,9571
AAATTTGCGGGTGTGG-1,1,47,33,18280,9716
AAGTTCGGCCAACAGG-1,1,46,34,18026,9865
CCGCTTACCTCACTCT-1,1,47,35,18283,10010
ATCACGTGCTAATTAA-1,1,46,36,18029,10159
GGTGAAGTACAGGGAT-1,1,47,37,18286,10304
GCTGTATTACTGGCCC-1,1,46,38,18032,10453
AACGGCCATCTCCGGT-1,1,47,39,18289,10598
TAAGTAACATCTTGAC-1,1,46,40,18035,10747
TTCTTGAGCCGCGCTA-1,1,47,41,18292,10891
AGTGCGTAGCTCGTAA-1,1,46,42,18038,11041
GGGATGGTCGTAACCG-1,1,47,43,18295,11185
GTCTGGGCGGTCGAGA-1,1,46,44,18041,11335
CGGAACGTAAACATAG-1,1,47,45,18298,11479
TGCGACACCCTAGTGC-1,1,46,46,18044,11629
CAAACGAGTATCGCAG-1,1,47,47,18301,11773
TCAGTAGGGACTATAA-1,1,46,48,18047,11923
GCGGTTCCCTATCATG-1,1,47,49,18304,12067
GTGACTTCAGTAGTGC-1,1,46,50,18050,12217
CGTCACGTCCATTGGT-1,1,47,51,18307,12361
ATAAGTTACCGCGACG-1,1,46,52,18053,12510
CTGAATCCGAGACCTC-1,1,47,53,18310,12655
TACGACGCTTGCTGCG-1,1,46,54,18056,12804
GAATTCACCCGGGTGT-1,1,47,55,18313,12949
GGGTGACACCTTAACT-1,1,46,56,18059,13098
TGAGTAAATTAGCGTA-1,1,47,57,18316,13243
GAGTCCGCTTACCGGA-1,1,46,58,18062,13392
GGCGCGTTCGAGTTTA-1,1,47,59,18319,13536
ATTCATATACTGTCCA-1,1,46,60,18065,13686
ATAAACGGACCCGTAA-1,1,47,61,18322,13830
GTCGTACCATCTCGGG-1,1,46,62,18068,13980
ATAATAGCTGTTGAAT-1,1,47,63,18325,14124
TTCCGCGTGAGGCGAT-1,1,46,64,18071,14274
TACCGGCTCACTGCCC-1,1,47,65,18328,14418
GTATCTTTCATAACCA-1,1,46,66,18074,14568
GTTACCTACAACTTGC-1,1,47,67,18331,14712
TGACTATAATCCTTTC-1,1,46,68,18077,14862
AAATACCTATAAGCAT-1,1,47,69,18334,15006
TTATTAGAGCGTGTTC-1,1,46,70,18080,15155
ATGTGGACATCTTGAT-1,1,47,71,18337,15300
GTACGCTTCATTGCAC-1,1,46,72,18083,15449
CACATATTAGCAGGAT-1,1,47,73,18340,15594
CAAGAGGGCGGAGTAC-1,1,46,74,18086,15743
TCGCAAAGATGCATTT-1,1,47,75,18343,15888
GTCGTTATTCGCTTAT-1,1,46,76,18089,16037
TCGTGTACTATGGATG-1,1,47,77,18346,16181
GCGGAGAGGGAGAACG-1,1,46,78,18092,16331
TCACAGGGAATCGCAA-1,1,47,79,18349,16475
GACTGCACCAGCCCAG-1,1,46,80,18095,16625
TCCGCTGTCATCCCGG-1,1,47,81,18352,16769
AGATACTCAAGATCGA-1,1,46,82,18098,16919
ACTGAATGGCGAAAGT-1,1,47,83,18355,17063
TCCTACATCCACGGCC-1,1,46,84,18101,17213
TTCAGCCCTGGTCCAC-1,1,47,85,18358,17357
TTAGAGTTTAGAAGGA-1,1,46,86,18104,17507
GGTTAGCTATATGTCT-1,1,47,87,18361,17651
CTGGTTTCGAGCAAGA-1,1,46,88,18107,17800
TGGGCCCATACTAATT-1,1,47,89,18364,17945
ACTTATTTATGTGCCA-1,1,46,90,18110,18094
TTAGTTATTCGTGGCA-1,1,47,91,18367,18239
AACCGCTAAGGGATGC-1,1,46,92,18113,18388
ATACGTCCACTCCTGT-1,1,47,93,18370,18533
CGACACGCTCCGACAG-1,1,46,94,18116,18682
TCTGAACTCGTACCCG-1,1,47,95,18373,18826
AGGATATAGGGATTTA-1,1,46,96,18119,18976
GTGATCACTAACGCCT-1,1,47,97,18376,19120
ACCGGGCCTTTGTTGA-1,1,46,98,18122,19270
TTGACAGGAGCTCCCG-1,1,47,99,18379,19414
CTCTTCTATTGACTGG-1,1,46,100,18125,19564
CGTGGCCGAATATCTA-1,1,47,101,18382,19708
GGTTTAGCCTTTCTTG-1,1,46,102,18128,19858
TCAAGGTTACTACACC-1,1,47,103,18385,20002
TTGACTATTGTCCGGC-1,1,46,104,18131,20152
CGGGAATATAGTATAC-1,1,47,105,18388,20296
GCAACAGCAGTATGCG-1,1,46,106,18134,20445
ATCAAACACTGTTCCA-1,1,47,107,18391,20590
TGGGCAATAGTTGGGT-1,1,46,108,18137,20739
TGAATGTCAGCCGGCC-1,1,47,109,18394,20884
CGGCTCTAAAGCTGCA-1,1,46,110,18140,21033
GGACACAAGTTTACAC-1,1,47,111,18397,21178
CCGAGAAGTCGCATAA-1,1,46,112,18143,21327
AACTACCCGTTTGTCA-1,1,47,113,18400,21471
GCACAAACGAGGCGTG-1,1,46,114,18146,21621
CACACAGCTTGCGCTC-1,1,47,115,18403,21765
GTGCTTACATCAGCGC-1,1,46,116,18149,21915
GCAAACGTCGCCAGGT-1,1,47,117,18406,22059
GAATAGCATTTAGGGT-1,1,46,118,18152,22209
TACTGTTTCTCTGGTA-1,1,47,119,18409,22353
TCCTATCATAGGTAAC-1,1,46,120,18155,22503
TTCGGTGGAGACGCCC-1,1,47,121,18412,22647
TGTTGCCGTCGTCCCA-1,1,46,122,18158,22797
CCAACTTGATAGATCC-1,1,47,123,18415,22941
CAAAGGTCATCTGAAA-1,1,46,124,18161,23090
CTAGCTTAATGGTCCC-1,1,47,125,18418,23235
AGGCCACATTGGTTAC-1,1,46,126,18164,23384
TTAGGATGGGAGGGTA-1,1,47,127,18421,23529
TATGACCTTGCGCTGG-1,1,48,0,18486,4864
ATATACATGTATGGTA-1,1,49,1,18743,5008
TGTGTGACCATGAATC-1,1,48,2,18489,5158
CCCACTCCACGGTATC-1,1,49,3,18746,5302
GGGCAGACGTCACTGC-1,1,48,4,18492,5452
TCAAAGAGCTATCTGT-1,1,49,5,18749,5596
AGATGCATCCTGTGTC-1,1,48,6,18495,5746
GTGAAGTCACGACTCG-1,1,49,7,18752,5890
TGATTCAGGTCCCGCG-1,1,48,8,18498,6040
CGCCACAGGTCGCGAT-1,1,49,9,18755,6184
TTGAATCGTTGTATAA-1,1,48,10,18501,6333
TGGCCAATTTGGTACT-1,1,49,11,18758,6478
CGACCCTTAACGCCGG-1,1,48,12,18504,6627
TCGGCGTACTGCACAA-1,1,49,13,18761,6772
GAGTAAGGCCACGGGA-1,1,48,14,18507,6921
ATCAGCTCGTCCACTA-1,1,49,15,18764,7066
AGGATCACGCGATCTG-1,1,48,16,18510,7215
AAATGGCCCGTGCCCT-1,1,49,17,18767,7359
CAGTACCAGTTTACGT-1,1,48,18,18513,7509
GGTCGTAAGCTCGCAC-1,1,49,19,18770,7653
CGTTCATGGTGCGCGT-1,1,48,20,18516,7803
GACTACAAAGCGGTGG-1,1,49,21,18773,7947
CAGCTGGCGTAACCGT-1,1,48,22,18519,8097
ACTCGTAACCCGTCCT-1,1,49,23,18776,8241
CATATGTCAGGCTACG-1,1,48,24,18522,8391
GCCCGACTTCTTCCCG-1,1,49,25,18779,8535
CTGGCATCCGAATGAG-1,1,48,26,18525,8685
AAGTGCGTTAGAATCT-1,1,49,27,18782,8829
AGAAGTGATTCGTGAT-1,1,48,28,18528,8978
TACCTTAAGATTTCCC-1,1,49,29,18785,9123
AATGACAGCAATGTCT-1,1,48,30,18531,9272
TCAACGCAGGAAATAA-1,1,49,31,18788,9417
TATTCCTCCGCCCACT-1,1,48,32,18534,9566
ATCAAACGAAGGTTTG-1,1,49,33,18791,9711
TTGATTAGCTGTTTCT-1,1,48,34,18537,9860
CTGCTGAGGCCACGAA-1,1,49,35,18794,10005
CCGTGTTAAATTCCAT-1,1,48,36,18540,10154
CACGTCGGCAACCTCT-1,1,49,37,18797,10298
GTATTCTGAGAAACGA-1,1,48,38,18543,10448
CGGTGCGCGTTGGTCC-1,1,49,39,18800,10592
GTGATTCGCCGCTCAA-1,1,48,40,18546,10742
GCCCGCGCGTAAACGG-1,1,49,41,18803,10886
AACGTACTGTGGGTAC-1,1,48,42,18549,11036
GAGTATGCCCGCCTTG-1,1,49,43,18806,11180
TGATTCTGTCGCCGGT-1,1,48,44,18552,11330
GGGCGGCAAATGAATT-1,1,49,45,18809,11474
TTCCAATCTGGCTATC-1,1,48,46,18555,11624
GGAACCGTGTAAATTG-1,1,49,47,18812,11768
TTGGTCACACTCGTAA-1,1,48,48,18558,11917
CGAACCCGCATGCGTC-1,1,49,49,18815,12062
GGGCGTCACCACGTAA-1,1,48,50,18561,12211
TACCAGAAGTAGGTTC-1,1,49,51,18818,12356
TTGGATATCGTCTACG-1,1,48,52,18564,12505
TAGATATGGACTGGAA-1,1,49,53,18821,12650
GCGACGATAGTTGTAC-1,1,48,54,18567,12799
CTGGATTTACACTTGA-1,1,49,55,18824,12943
GTTATATTATCTCCCT-1,1,48,56,18570,13093
TATTCCACTCAGCTCG-1,1,49,57,18827,13237
CTGTTACCCAATCTAG-1,1,48,58,18573,13387
ACGCGAAGTCAGACGA-1,1,49,59,18830,13531
GATAGGTAACGTTGAC-1,1,48,60,18576,13681
TGTTCGTATTGCGGTG-1,1,49,61,18833,13825
GGTCAGTGGGTCCCAC-1,1,48,62,18579,13975
AATTCTAGAGTTAGGC-1,1,49,63,18836,14119
GTTTACGTTCCATCTG-1,1,48,64,18582,14269
AGACCCACCGCTGATC-1,1,49,65,18839,14413
TCTAGCATGCCCAGAA-1,1,48,66,18585,14562
CCCGCAGCGCGAACTA-1,1,49,67,18842,14707
CTCTATTTGGCTGCAG-1,1,48,68,18588,14856
TTCTGCCGCGCCTAGA-1,1,49,69,18845,15001
ACTCCCTAGAATAGTA-1,1,48,70,18591,15150
CCGAACCTTCCCGGCC-1,1,49,71,18848,15295
TCAGACGCTATAGAAG-1,1,48,72,18594,15444
CAGGCGCCATGCTAGG-1,1,49,73,18851,15588
CACTCGAGCTGAACAA-1,1,48,74,18597,15738
ACAAGGAAATCCGCCC-1,1,49,75,18854,15882
ACCACGTGCAGCTATA-1,1,48,76,18600,16032
ACGGCGACGATGGGAA-1,1,49,77,18857,16176
TTACTAAAGGACTTTA-1,1,48,78,18603,16326
GGCTGAAATAGCAAAG-1,1,49,79,18860,16470
TTAGACGAGTCACCTC-1,1,48,80,18606,16620
GTAGTCGCGGGAATCA-1,1,49,81,18863,16764
GCAAACCCTACATTAT-1,1,48,82,18609,16914
GTTAAAGTAGGACTGG-1,1,49,83,18866,17058
ACCCTCCCTTGCTATT-1,1,48,84,18612,17207
CATGTCTCATTTATGG-1,1,49,85,18869,17352
AATAGAATCTGTTTCA-1,1,48,86,18615,17501
TCTCATGAGATAGGGT-1,1,49,87,18872,17646
ATGACTATGCGACATT-1,1,48,88,18618,17795
CCTAACCCAAACAAGT-1,1,49,89,18875,17940
AGTCAAGATGACACTT-1,1,48,90,18621,18089
CGGGAGCTTCAGTGTA-1,1,49,91,18878,18233
CCACAGTACCCATCCT-1,1,48,92,18624,18383
GAGCGCGCACGAGTAG-1,1,49,93,18881,18527
ACCAGTGCGGGAGACG-1,1,48,94,18627,18677
TCCTTACGACGGTCCG-1,1,49,95,18884,18821
TAGTCGATCACGGGTT-1,1,48,96,18630,18971
AGACGAAGTGCCGGTC-1,1,49,97,18887,19115
CGCTGGTGACTACCCT-1,1,48,98,18633,19265
AGGCATTGTCGTAGGG-1,1,49,99,18890,19409
TGGTAGAATATATGGG-1,1,48,100,18636,19559
TTCTTATCCGCTGGGT-1,1,49,101,18893,19703
AGTTTGGCACGGGTTG-1,1,48,102,18639,19852
GCATCGGCCGTGTAGG-1,1,49,103,18896,19997
ATGCGAGTCCCACCAC-1,1,48,104,18642,20146
TCGGCGAACCCAAACC-1,1,49,105,18899,20291
AGAGTAAACTTCACTA-1,1,48,106,18645,20440
AAGCCGAAGCGGTTTA-1,1,49,107,18902,20585
CCCGAGTTTCTCCGTA-1,1,48,108,18648,20734
AATATCGAATCAATGC-1,1,49,109,18905,20878
GCGCCTCCCACTCCGA-1,1,48,110,18651,21028
CGTTAAACTAGTTAGG-1,1,49,111,18908,21172
TGAGTTAAAGACATTC-1,1,48,112,18654,21322
AACAGGTAGTATGGAT-1,1,49,113,18911,21466
GAACGCGGGTCACACG-1,1,48,114,18657,21616
TGTTTGAGATCGTCAG-1,1,49,115,18914,21760
ATCTCGTGAGCGAAAC-1,1,48,116,18660,21910
CTGAGAAAGTTCGGCG-1,1,49,117,18917,22054
ATTACCACACTGCCTG-1,1,48,118,18663,22204
CTGCTGTCTAACGAGC-1,1,49,119,18920,22348
CGTGGAAGCCTCGTAC-1,1,48,120,18666,22497
GGACTCACAAATTAGG-1,1,49,121,18923,22642
CTTTGCTGTCATGGAT-1,1,48,122,18669,22791
GGTGTTGGGCGTCTTA-1,1,49,123,18926,22936
TACCATGTATTGATTT-1,1,48,124,18672,23085
GGTCTCCAAGTAGTGC-1,1,49,125,18929,23230
ATCCTTCTGAAAGAAC-1,1,48,126,18675,23379
CCGGAAGTTATCAGTC-1,1,49,127,18932,23523
TTAGAGGGATATACAG-1,1,50,0,18997,4859
TTGTACACCTCGAACA-1,1,51,1,19255,5003
GTGGGTACTGAGCGTA-1,1,50,2,19000,5153
CTTAAGCAGCGAGCCG-1,1,51,3,19258,5297
GCATTGACTTGCGGAA-1,1,50,4,19003,5447
CCATAACCTGTGCAGT-1,1,51,5,19261,5591
GGGCTACTATTTCGTG-1,1,50,6,19006,5740
GGCGAGCGAAACGGCA-1,1,51,7,19264,5885
GGAGACCATCTACATA-1,1,50,8,19009,6034
AGACCAAACCACACCT-1,1,51,9,19267,6179
CGACGCATCCGTACCT-1,1,50,10,19012,6328
CCTAGGTAAAGGTAGC-1,1,51,11,19270,6473
AGCGGCGGTTAGCGGT-1,1,50,12,19015,6622
CTGGACGCAGTCCGGC-1,1,51,13,19273,6766
AGCCTAATACCCACGT-1,1,50,14,19018,6916
AATCTGGCTTTCTAGT-1,1,51,15,19276,7060
CACCCTTGGTGAGACC-1,1,50,16,19021,7210
GGATCTTGACTCAACC-1,1,51,17,19279,7354
ACGAGGATACCACTCT-1,1,50,18,19024,7504
GAGTTGATGGCAATTT-1,1,51,19,19282,7648
GTGGCAAACAGCGGCA-1,1,50,20,19027,7798
GATGTAACGAACCACC-1,1,51,21,19285,7942
AGCCGTGGCTAAATGT-1,1,50,22,19030,8092
CTCCCTCCTTTCGATC-1,1,51,23,19288,8236
TTGGAAGAATACAGTC-1,1,50,24,19033,8385
AGTTAAGTCAACCGCT-1,1,51,25,19291,8530
CTCATGGTAATTTGCG-1,1,50,26,19036,8679
AAAGTAGCATTGCTCA-1,1,51,27,19294,8824
TTGTGGTAGGAGGGAT-1,1,50,28,19039,8973
AGTCGTGGGCATTACG-1,1,51,29,19297,9118
ACCTAAGTACCTTTCA-1,1,50,30,19042,9267
GTAGAGGGAGACAAGT-1,1,51,31,19300,9411
GATCCTCGACACTGGC-1,1,50,32,19045,9561
CCTACATTCACAGACG-1,1,51,33,19303,9705
TTGACCGTGTTAATGA-1,1,50,34,19048,9855
TCTGTTACCCAGCATA-1,1,51,35,19306,9999
CTAACTGGTCCGGTTC-1,1,50,36,19051,10149
AGCGACAGGAACGGTC-1,1,51,37,19309,10293
TAATAGAACAGAGTTA-1,1,50,38,19054,10443
ACAGGTGGAGGTGAGG-1,1,51,39,19312,10587
TGCGAGAATATTACCC-1,1,50,40,19057,10737
TTGCGTCGGCCAACCG-1,1,51,41,19315,10881
AGGCTTCCCGAAGAAG-1,1,50,42,19060,11031
GCGGACCGCGTTGTGG-1,1,51,43,19318,11175
GTAATCTGATTCTTCG-1,1,50,44,19063,11324
CCGCGGAATGCGTCAC-1,1,51,45,19321,11469
TTCCACACAGATTTGA-1,1,50,46,19066,11618
CTTCTATTAATGCTAG-1,1,51,47,19324,11763
CATTTGAGTGGTACGT-1,1,50,48,19069,11912
TCACAGCAAACTCGAA-1,1,51,49,19327,12057
CAGACGAACCTGATAC-1,1,50,50,19072,12206
TAGCTAGAAGGCATGA-1,1,51,51,19330,12350
ATCCAGAGCAACAACC-1,1,50,52,19075,12500
TCCGGTTCGTCCGGTC-1,1,51,53,19333,12644
CGCGCATGTTTGATTG-1,1,50,54,19078,12794
TGGCGATCAAGTTATG-1,1,51,55,19336,12938
CCCTTTGACAGGTCTT-1,1,50,56,19081,13088
CAGAGACGGTCACCCA-1,1,51,57,19339,13232
TAGCTCGCCTGATAAC-1,1,50,58,19084,13382
TTGTGTTTCCCGAAAG-1,1,51,59,19342,13526
TATACACAGACGCCTT-1,1,50,60,19087,13676
ACATTAGTTTATATCC-1,1,51,61,19345,13820
CCATCGCAGTTAAACT-1,1,50,62,19090,13969
AATTAGCGCTGCAGCG-1,1,51,63,19348,14114
TCCGCTTATCCCATTA-1,1,50,64,19093,14263
GTTTGGGCTTGTGAGC-1,1,51,65,19351,14408
CTTGTCAACATTCGAG-1,1,50,66,19096,14557
GGACCAACAGGATAAC-1,1,51,67,19354,14702
AAGCTAGATCGAGTAA-1,1,50,68,19099,14851
TACCGTGCCTCGGACC-1,1,51,69,19357,14995
GTAGCCAAACATGGGA-1,1,50,70,19102,15145
TGCCAGTACGTGGAGA-1,1,51,71,19360,15289
ATAAGGTGGAGAACAT-1,1,50,72,19105,15439
CTTTAATATTGGTCGA-1,1,51,73,19363,15583
TGGTTCAACGGGTAAT-1,1,50,74,19108,15733
GCTGCTACTGCGTAGC-1,1,51,75,19366,15877
CTGCACAACTACATAT-1,1,50,76,19111,16027
ATATTCCACATAGTGA-1,1,51,77,19369,16171
TGGCAAACTAAATTAC-1,1,50,78,19114,16321
ACCGCAATAACTGCCT-1,1,51,79,19372,16465
TCGCACCAGGAGGCAG-1,1,50,80,19117,16614
ACTTCAGGCTGATCCC-1,1,51,81,19375,16759
ACAAATCGCACCGAAT-1,1,50,82,19120,16908
TCTGATGTATTCTGTC-1,1,51,83,19378,17053
CTTTACCGAATAGTAG-1,1,50,84,19123,17202
GCAGATCCATAAGACT-1,1,51,85,19381,17347
TTCCTCGGACTAACCA-1,1,50,86,19126,17496
TTATCCGGGATCTATA-1,1,51,87,19384,17640
CTGGAAGACACGGTGG-1,1,50,88,19129,17790
GTTCGTCTAAAGAACT-1,1,51,89,19387,17934
GTCTATTGGTTCCGGT-1,1,50,90,19132,18084
CTAGGCGCCCTATCAG-1,1,51,91,19390,18228
AACGGACGTACGTATA-1,1,50,92,19135,18378
AACACACGCTCGCCGC-1,1,51,93,19393,18522
GCTACTATAGTAGAGT-1,1,50,94,19138,18672
AGCATATCAATATGCT-1,1,51,95,19396,18816
CGAACAGTATGGGCGT-1,1,50,96,19141,18966
ACAATTGTGTCTCTTT-1,1,51,97,19399,19110
GATCGCTACCCGATTT-1,1,50,98,19144,19259
ATTGCGATCAGTAACT-1,1,51,99,19402,19404
CAGCAGTCCAGACTAT-1,1,50,100,19147,19553
AGAGGCTTCGGAAACC-1,1,51,101,19405,19698
AAACAAGTATCTCCCA-1,1,50,102,19150,19847
GGCAGCAAACCTATGC-1,1,51,103,19408,19992
ACTAGTTGCGATCGTC-1,1,50,104,19153,20141
TTGGACCATCTGGCAA-1,1,51,105,19411,20285
CCCTCCTCGCTCGTAT-1,1,50,106,19156,20435
GAGCGCAAATACTCCG-1,1,51,107,19414,20579
ATTACATGTCAGTCTT-1,1,50,108,19159,20729
TTGGGACGTAAGAGTT-1,1,51,109,19417,20873
CTTCGGCCAATTGTTT-1,1,50,110,19162,21023
AGACCGCTCCGCGGTT-1,1,51,111,19420,21167
GACCGCGTCTGACGTG-1,1,50,112,19165,21317
CCAAATAACAAGATTC-1,1,51,113,19423,21461
TCTTTAGAGTCTAACA-1,1,50,114,19168,21611
CTCCCAATGAGTCGCG-1,1,51,115,19426,21755
TAGTCTTTCCGAATTG-1,1,50,116,19171,21904
GAGTAAACCGGAAAGT-1,1,51,117,19429,22049
GATCTCGACGCTGTGG-1,1,50,118,19174,22198
CTGACATAGAAATAGA-1,1,51,119,19432,22343
TATACCGAGTGCCACA-1,1,50,120,19177,22492
TCCGAACGTTGCCGCT-1,1,51,121,19435,22637
GCAGAAGGTAATCTCC-1,1,50,122,19180,22786
GGTACTAAGTGCTTTG-1,1,51,123,19438,22930
CAGAATATTCGTTATC-1,1,50,124,19183,23080
TAATCAACCAAATGGG-1,1,51,125,19441,23224
TCTGCTTAGAACAAGC-1,1,50,126,19186,23374
AACTGAGTTATACTGA-1,1,51,127,19444,23518
CCTCAACGATCGCTGT-1,1,52,0,19509,4854
CGGTACGGCAAACCCA-1,1,53,1,19766,4998
CAGATGTTTGTCCCAA-1,1,52,2,19512,5147
GTTTGTTAGCCAAGTA-1,1,53,3,19769,5292
ACGTGACAAAGTAAGT-1,1,52,4,19515,5441
TTGTCACCGCGGTATC-1,1,53,5,19772,5586
GATCTAACCGTATTCA-1,1,52,6,19518,5735
ATGGAAATTTAAGGAG-1,1,53,7,19775,5880
ATTGATCACCACATTT-1,1,52,8,19521,6029
ACTGCTCGGAAGGATG-1,1,53,9,19778,6173
TCTAAAGAACAGTCTC-1,1,52,10,19524,6323
CTGGGTTGAGTTAAAG-1,1,53,11,19781,6467
CCCAGTAAACTTGGGA-1,1,52,12,19527,6617
AGATTCACAACCGATA-1,1,53,13,19784,6761
AGAAGGTACACTTCAC-1,1,52,14,19530,6911
GCAGGAACTTAGATCT-1,1,53,15,19787,7055
AATCTAGGTTTACTTG-1,1,52,16,19533,7205
CCCGGTGTATCGGAAT-1,1,53,17,19790,7349
TTATCCTCAAGGAATA-1,1,52,18,19536,7499
AGCATCATTTCGAAAG-1,1,53,19,19793,7643
CGCGAGTCTGCCGGGT-1,1,52,20,19539,7792
TGCGTCATGACTGAGC-1,1,53,21,19796,7937
GTATGAAATTTCACTC-1,1,52,22,19542,8086
TTGGTTGCGGTGCGCG-1,1,53,23,19799,8231
ACAGAACTGAGAACAA-1,1,52,24,19545,8380
CTACTATCATAGGTTT-1,1,53,25,19802,8525
CCTCTATCGATTAGCA-1,1,52,26,19548,8674
CCGTATCTCGTCGTAG-1,1,53,27,19805,8818
TCACGATGTCCGTGGA-1,1,52,28,19551,8968
TCAACAAAGATAATTC-1,1,53,29,19808,9112
ATGACGCGTTCTATCC-1,1,52,30,19554,9262
ATTTGCGCGAGTAGCT-1,1,53,31,19811,9406
TTCTTGGACGATCTGC-1,1,52,32,19557,9556
AGACGACGATGCCGCT-1,1,53,33,19814,9700
GGTCTCTGAATGGACT-1,1,52,34,19560,9850
GCTCAATCCGTTTATT-1,1,53,35,19817,9994
CCAGAAAGCAACTCAT-1,1,52,36,19563,10144
CACCGTTAGGGATCAC-1,1,53,37,19820,10288
AATAACACTAGAACAA-1,1,52,38,19566,10438
CACCCGGTTTGTGACT-1,1,53,39,19823,10582
CCACCAACTTTACTGT-1,1,52,40,19569,10731
AACTCTCAGTGTGCTC-1,1,53,41,19826,10876
AAACCGTTCGTCCAGG-1,1,52,42,19572,11025
CAGCGATTCCCTTCAA-1,1,53,43,19829,11170
GCTAGCTTGAATAGCT-1,1,52,44,19575,11319
TTGCGGCATCAGAAAG-1,1,53,45,19832,11464
AATAGAACAGAGTGGC-1,1,52,46,19578,11613
GCCATCGAGCTGCGTG-1,1,53,47,19835,11757
ACACTGATCAAGGTGT-1,1,52,48,19581,11907
ACCAACGCTTATTTAT-1,1,53,49,19838,12051
GACATCGATTTATAAC-1,1,52,50,19584,12201
CAGACACCGATCGCTG-1,1,53,51,19841,12345
CCAAGAAAGTGGGCGA-1,1,52,52,19587,12495
GGTAGACCGTTGGGCG-1,1,53,53,19844,12639
TCGTTAGGAGTCCCTA-1,1,52,54,19590,12789
ACGGCCAACATGGACT-1,1,53,55,19847,12933
GTGAGTGGTACAACGC-1,1,52,56,19593,13083
GAGACTTCGCGACCGA-1,1,53,57,19850,13227
GAAGTCAGTTGCACTA-1,1,52,58,19596,13376
GTTTGGTAGGGTCAAC-1,1,53,59,19853,13521
ACGGCACTTGCTTGGG-1,1,52,60,19599,13670
CCTCTGTACTATTCTA-1,1,53,61,19856,13815
CTATTCATGTGTCCCA-1,1,52,62,19602,13964
GCCCGATCTGTGGTCG-1,1,53,63,19859,14109
TTAGAAGAACATGACT-1,1,52,64,19605,14258
AGGATAAAGTCGGGAT-1,1,53,65,19862,14402
CGGCAAACATCGTGCG-1,1,52,66,19608,14552
CTAGTTACAACCCGGT-1,1,53,67,19865,14696
TTCGACAGAGCCCGTG-1,1,52,68,19611,14846
AAGCATACTCTCCTGA-1,1,53,69,19868,14990
GACGACGATCCGCGTT-1,1,52,70,19614,15140
GGTAGAAGACCGCCTG-1,1,53,71,19871,15284
GAGATGGGAGTCGACA-1,1,52,72,19617,15434
AACGATAATGCCGTAG-1,1,53,73,19874,15578
TGGTCCCACGCTACGG-1,1,52,74,19620,15728
CTGCTTGGCGATAGCT-1,1,53,75,19877,15872
ATCGGAGACAGACGGC-1,1,52,76,19623,16021
TAGCGTCCGGTGTGGT-1,1,53,77,19880,16166
GTTGAGTCCCGCCGGT-1,1,52,78,19626,16315
AAATAGGGTGCTATTG-1,1,53,79,19883,16460
AAGTGTTTGGAGACGG-1,1,52,80,19629,16609
AGCACTACCTCACCAG-1,1,53,81,19886,16754
TGCCTTGGCCAGGCAA-1,1,52,82,19632,16903
TCGTCTTAGGCGTTAA-1,1,53,83,19889,17047
TTCTGACCGGGCTCAA-1,1,52,84,19635,17197
CAGAACTTAGCCCTCT-1,1,53,85,19892,17341
AGCTCCTTCGCACATC-1,1,52,86,19638,17491
ACAGGCTTGCCCGACT-1,1,53,87,19895,17635
GCTATACGTCTCGGAC-1,1,52,88,19641,17785
GAGCCAGCTACCTGTG-1,1,53,89,19898,17929
TGCTAAGTGTCTATTT-1,1,52,90,19644,18079
GTCCTACGAATAGTCT-1,1,53,91,19901,18223
CAGTGTCGGCTGGCCC-1,1,52,92,19647,18373
CTATCGACGAAATACA-1,1,53,93,19904,18517
CATCATTACCCTGAGG-1,1,52,94,19650,18666
TAAGTTGCGACGTAGG-1,1,53,95,19907,18811
AGTGCACGCTTAAGAA-1,1,52,96,19653,18960
TGTGCCGGTGCCGGAA-1,1,53,97,19910,19105
AGGAGGCCTTCGCGCG-1,1,52,98,19656,19254
TCCGCGGCCCAATGAA-1,1,53,99,19913,19399
TCCGTTAAGCTAATAT-1,1,52,100,19659,19548
AAATCTAGCCCTGCTA-1,1,53,101,19916,19692
CGCAGGCGATCCAAAC-1,1,52,102,19662,19842
CCATATGGAAACTATA-1,1,53,103,19919,19986
CACCGTATCCCATCCG-1,1,52,104,19665,20136
GGTCAAGACTACTTCG-1,1,53,105,19922,20280
CCCGTTTCGCAGATGT-1,1,52,106,19668,20430
GTTATAATACGGTGAA-1,1,53,107,19925,20574
ACTTGTGGATGGAACG-1,1,52,108,19671,20724
GTTCGCTGAGACGTCT-1,1,53,109,19928,20868
GACACTGGAACCCGAT-1,1,52,110,19674,21018
CCCAGGTCTGAAGGCT-1,1,53,111,19931,21162
TCTCGAGGAGGTTCGC-1,1,52,112,19677,21311
ACTATCTGCCCGCGTA-1,1,53,113,19934,21456
CCTAAATTGTATCCTA-1,1,52,114,19680,21605
AGAAATTATGACTCGC-1,1,53,115,19937,21750
TCCAGCGCTATAAGCG-1,1,52,116,19683,21899
TCGTGTATTGGTCACG-1,1,53,117,19940,22044
CCACATACTGCACCCA-1,1,52,118,19686,22193
GTTGCGGACGGTCAGG-1,1,53,119,19943,22337
GTATTTAATGGCATAA-1,1,52,120,19689,22487
GTCGATAGGTGACTTT-1,1,53,121,19946,22631
AATAATCTTCGTATCG-1,1,52,122,19692,22781
ATTGTTCAACGATCCG-1,1,53,123,19949,22925
GTGCAGCGTAGAGTAG-1,1,52,124,19695,23075
TGTGGTAGGGTGCCTT-1,1,53,125,19952,23219
TGTGGACTATCTACGT-1,1,52,126,19698,23369
GGCGGGCTCTAAGAGT-1,1,53,127,19955,23513
TGTGCCAGAGGCAAAG-1,1,54,0,20020,4848
TGGCTTATGTATAATG-1,1,55,1,20277,4993
GCAAGCTGGAAACCGC-1,1,54,2,20023,5142
GATATCAAGCAGGAGC-1,1,55,3,20280,5287
CACCAATCATCCGTCT-1,1,54,4,20026,5436
CCACATGGCTCTTTAT-1,1,55,5,20283,5580
GTCCTACTCTACGGGC-1,1,54,6,20029,5730
CTCGAGACATACGATA-1,1,55,7,20286,5874
TATCAGTGGCGTAGTC-1,1,54,8,20032,6024
TGACAGGACAAGTCCA-1,1,55,9,20289,6168
TATTAACACCAAAGCA-1,1,54,10,20035,6318
TAGGCGATGAGGTCTC-1,1,55,11,20292,6462
CCGCCGGAACTTCTCG-1,1,54,12,20038,6612
GCCATTAGCCTCAAAC-1,1,55,13,20295,6756
GTTAGGCTACCCGTTT-1,1,54,14,20041,6906
GGGTATTCTAGCAAAC-1,1,55,15,20298,7050
GCCCTAGCCGTCGCGA-1,1,54,16,20044,7199
CAGATCCTGGTTTGAA-1,1,55,17,20301,7344
CTTCAGTGGTCGCCTA-1,1,54,18,20047,7493
GGGCAACCGCACGTGC-1,1,55,19,20304,7638
GACCCAATTATGATAC-1,1,54,20,20050,7787
GAAGCTCGGACCCGTC-1,1,55,21,20307,7932
CGTCGGGTCTAAGCGC-1,1,54,22,20053,8081
GAGGCCCGACTCCGCA-1,1,55,23,20310,8225
TTGCCATAGCCCGCTC-1,1,54,24,20056,8375
TAACATACACGCGATC-1,1,55,25,20313,8519
CCGACGGGCATGAGGT-1,1,54,26,20059,8669
AATGTGCCCGAGGTGT-1,1,55,27,20316,8813
AGCTGTAACCTCAATC-1,1,54,28,20062,8963
CGAGTGAAGGTACCAG-1,1,55,29,20319,9107
AGTCTCACAAGACTAC-1,1,54,30,20065,9257
AAATTGATAGTCCTTT-1,1,55,31,20322,9401
TAAGTCGCCGAGTATC-1,1,54,32,20068,9551
GCGGAGAAACTTCGCA-1,1,55,33,20325,9695
GGCAAAGGCGCCAATA-1,1,54,34,20071,9845
ATTTCCGGGTTCTGCG-1,1,55,35,20328,9989
TAAACCCAGGAGGGCA-1,1,54,36,20074,10138
TTCGGGCGCTAGTCTT-1,1,55,37,20331,10283
GTGGAGTCGGCGGTTG-1,1,54,38,20077,10432
GCACGCCTACTTAGAT-1,1,55,39,20334,10577
CAATATTCTTGACCTA-1,1,54,40,20080,10726
CGTTTGTGTAGAGGGT-1,1,55,41,20337,10871
CATAGCGTTGCCCACC-1,1,54,42,20083,11020
TGATACATTTAGCCGT-1,1,55,43,20340,11164
TTCCGGCCTTGAGGCT-1,1,54,44,20086,11314
CCTATACCGTCCTGTC-1,1,55,45,20343,11458
TCGTTGCTATCCGGTC-1,1,54,46,20089,11608
TGGCGACTGCTCCAAA-1,1,55,47,20346,11752
CAGAGGCGATGCATGA-1,1,54,48,20092,11902
TCACAGGAGAATAAGA-1,1,55,49,20349,12046
GGGTTAACATTTGAGT-1,1,54,50,20095,12196
GCGGGCGAGCCTTACC-1,1,55,51,20352,12340
TGCCAATGGGTACTCT-1,1,54,52,20098,12490
AGGGACTCTACGCGAC-1,1,55,53,20355,12634
GACGCCGTAAAGGCTA-1,1,54,54,20101,12783
AAAGGCTCTCGCGCCG-1,1,55,55,20358,12928
CTGGCTGGTTGTCAGT-1,1,54,56,20104,13077
ACATCCCGGCCATACG-1,1,55,57,20361,13222
CTCTTGTCCCGCTTGG-1,1,54,58,20107,13371
TACGCCTCCATTCCGA-1,1,55,59,20364,13516
CGGAGCAATTTAATCG-1,1,54,60,20110,13665
AACTAGGCTTGGGTGT-1,1,55,61,20367,13809
GCGTCGCCAGGGTGAT-1,1,54,62,20113,13959
GTTGGTCATGCTATCC-1,1,55,63,20370,14103
GCTGGCGGCGCATGCT-1,1,54,64,20116,14253
TGAGCGGAAAGTGTTC-1,1,55,65,20373,14397
CTTTCTGTGCGGGCTT-1,1,54,66,20119,14547
ATCTAATATCCTACGG-1,1,55,67,20376,14691
AACCTTTAAATACGGT-1,1,54,68,20122,14841
TTCACTCGAGCACCTA-1,1,55,69,20379,14985
CTGCACTCCAGTACAG-1,1,54,70,20125,15135
CCATTTCTACCTATTA-1,1,55,71,20382,15279
CAAGCGGCACATAATT-1,1,54,72,20128,15428
GTTAACATCACTTAAA-1,1,55,73,20385,15573
ATATAAATGTAGCTGC-1,1,54,74,20131,15722
GCCTCTATACATAGCA-1,1,55,75,20388,15867
GTGTCGTATAGCGTTC-1,1,54,76,20134,16016
ATACGTACTTAGCCAC-1,1,55,77,20391,16161
GCTATCATACTCATGG-1,1,54,78,20137,16310
TATCCAATTGGTTATC-1,1,55,79,20394,16454
TCTCCCTGGGCAGCGT-1,1,54,80,20140,16604
CCTATAATGAGTGCCC-1,1,55,81,20397,16748
CAATGCGAGAAGTATC-1,1,54,82,20143,16898
TACCAATAAAGTACCA-1,1,55,83,20400,17042
GCTAGGCACCACGGAG-1,1,54,84,20146,17192
GGTGGACTGCTCTGGC-1,1,55,85,20403,17336
TATTCCGAGCTGTTAT-1,1,54,86,20149,17486
TTGAGAAGTTTAGCAT-1,1,55,87,20406,17630
GTCCGGACCTGAAATT-1,1,54,88,20152,17780
CTGTGGTCGGGAGATA-1,1,55,89,20409,17924
CATGTAAGAGACATTT-1,1,54,90,20155,18073
CACGTTTCGTACACAC-1,1,55,91,20412,18218
CATCCTCTCAAAGATC-1,1,54,92,20158,18367
GATTAACCGAAAGCCC-1,1,55,93,20415,18512
AACGCTGTTGCTGAAA-1,1,54,94,20161,18661
TTCAGCTGGCGTGCCC-1,1,55,95,20418,18806
TAGAGGTTCTACTTGT-1,1,54,96,20164,18955
GTATCAAACGTTAGCT-1,1,55,97,20421,19099
AATCATGTAAAGACTC-1,1,54,98,20167,19249
AGTCACTAGCTCTCGA-1,1,55,99,20424,19393
GCGAAACGATCGGGAG-1,1,54,100,20170,19543
CATGGATTGTCTTCCG-1,1,55,101,20427,19687
ATTGGATTACAGCGTA-1,1,54,102,20173,19837
CACACACGCTAACGAG-1,1,55,103,20430,19981
CTATGGGAAGCGGAAT-1,1,54,104,20176,20131
TGCCTAATTGAAGATT-1,1,55,105,20433,20275
TGGCAATGGGACGGCG-1,1,54,106,20179,20425
ACCTCCGCCCTCGCTG-1,1,55,107,20436,20569
CGGCAATAAGATCGCC-1,1,54,108,20182,20718
CCTTGACCACTTTATT-1,1,55,109,20439,20863
TCATTTAGAAGTGTGA-1,1,54,110,20185,21012
CAGAATAACACACGGA-1,1,55,111,20442,21157
TCTGAGCAATTGACTG-1,1,54,112,20188,21306
CAACGTGGTGGAGTCT-1,1,55,113,20445,21451
CACAGTTCGCTTCCCA-1,1,54,114,20191,21600
TCTCTCGCCGCACATA-1,1,55,115,20448,21744
TGGGCAGGCCACCGCA-1,1,54,116,20194,21894
CTCCTGTTCAAGGCAG-1,1,55,117,20451,22038
TATTTGATTTGCACAG-1,1,54,118,20197,22188
GCCACTCCTTACGGTA-1,1,55,119,20454,22332
ACCGATATTTAATCAT-1,1,54,120,20200,22482
TTATTATCTGGAAGGC-1,1,55,121,20457,22626
TACATGCCGGAATTGT-1,1,54,122,20203,22776
GGCACTCAGCCGACCC-1,1,55,123,20460,22920
AAACCGGAAATGTTAA-1,1,54,124,20206,23070
AGACAGGCATCTCAGC-1,1,55,125,20463,23214
GTGGTGATGGTTTGTG-1,1,54,126,20209,23363
CCGATATGACGTAAGG-1,1,55,127,20466,23508
CATACACAAAGTCAGC-1,1,56,0,20532,4843
TGCCGTTCTTAATCGG-1,1,57,1,20789,4987
TCGAGTCTACGATTCG-1,1,56,2,20535,5137
ACTTCCAGTGGAAGCT-1,1,57,3,20792,5281
CAATTGGGCCGCACTC-1,1,56,4,20538,5431
AAATCGCGGAAGGAGT-1,1,57,5,20795,5575
ATATCAATTCCAGCCT-1,1,56,6,20541,5725
CTTTGTCGAATGCTCC-1,1,57,7,20798,5869
TGAGGCATGTACTGTG-1,1,56,8,20544,6019
TTCGCCGCTCGCGCTA-1,1,57,9,20801,6163
GACTCCTTCCAATTGA-1,1,56,10,20547,6313
ACCGAAGAGTCTGGTT-1,1,57,11,20804,6457
TGGCATGAAGTTTGGG-1,1,56,12,20550,6606
ACGAGGTTTACAACGT-1,1,57,13,20807,6751
AACCCATCCCATGATC-1,1,56,14,20553,6900
TCGACAACTGAACCCG-1,1,57,15,20810,7045
TATCTTGCAATACAAC-1,1,56,16,20556,7194
TATTATGTTTGCCTGC-1,1,57,17,20813,7339
GTCAAAGAAGTGGTGT-1,1,56,18,20559,7488
GGGACAGAGTTACTCC-1,1,57,19,20816,7632
AGCAACCGAAAGTAAT-1,1,56,20,20562,7782
CTCTCTAACTGCCTAG-1,1,57,21,20819,7926
ATACGGAACGTCGTTT-1,1,56,22,20565,8076
TCGGTCCCGACAATAG-1,1,57,23,20822,8220
CGCGCAAATGTCCAGA-1,1,56,24,20568,8370
TCTAATACTGCCTCAG-1,1,57,25,20825,8514
CTCGGTTGTCGGCCCT-1,1,56,26,20571,8664
GGTAACCGGGAGGATA-1,1,57,27,20828,8808
CAGGCGCACGGTGGTC-1,1,56,28,20574,8958
TCATCGATGGTCCCAA-1,1,57,29,20831,9102
CAAAGATTATTGGGCC-1,1,56,30,20577,9251
ACAATGAATACGGAGA-1,1,57,31,20834,9396
GCTCCTGACATACTGG-1,1,56,32,20580,9545
GATGACAAGTAGGGCA-1,1,57,33,20837,9690
TACGCCGAGGGTACCC-1,1,56,34,20583,9839
AAGCGTCCCTCATCGA-1,1,57,35,20840,9984
CACTCCTATGTAAGAT-1,1,56,36,20586,10133
TCGAGCCAGGCAGGCC-1,1,57,37,20843,10278
TCGTCAAGTACGCGCA-1,1,56,38,20589,10427
CCCGTAGCTGGGAAGA-1,1,57,39,20846,10571
ACCCTATGCCATATCG-1,1,56,40,20592,10721
GTGGTATAGTCTGCCG-1,1,57,41,20849,10865
CCGGTTTGTAATTGTG-1,1,56,42,20595,11015
GTCGCCGTTGTGTGTT-1,1,57,43,20852,11159
TACTGAACAGATTTAG-1,1,56,44,20598,11309
TATTAACCTGACCGCG-1,1,57,45,20855,11453
CTGTAGCCATCTCACT-1,1,56,46,20601,11603
TACTATGGTTCCTCAG-1,1,57,47,20858,11747
GAGTCAGACCAGAATC-1,1,56,48,20604,11897
TAAGGCATAACATCAA-1,1,57,49,20861,12041
CTTCCGCTCCGTGAAG-1,1,56,50,20607,12190
GGGCTATGATCGATGG-1,1,57,51,20864,12335
GGTCGGTCGTCCACAG-1,1,56,52,20610,12484
GGGACCCGTATATCTT-1,1,57,53,20867,12629
GAAAGCAGTGCACTTT-1,1,56,54,20613,12778
AGCGCATAATGAATCG-1,1,57,55,20870,12923
GCTGCTAAGTAGTCGA-1,1,56,56,20616,13072
AATAGTCCGTCCCGAC-1,1,57,57,20873,13216
AGCAGCCAGATGAATA-1,1,56,58,20619,13366
CCTCGCGCTGTGCGAT-1,1,57,59,20876,13510
TTGTGTATGCCACCAA-1,1,56,60,20622,13660
TGCTCGGCGAAACCCA-1,1,57,61,20879,13804
CGATTAAATATCTCCT-1,1,56,62,20625,13954
TGCCGTGGATCGTCCT-1,1,57,63,20882,14098
GTGGACGCATTTGTCC-1,1,56,64,20628,14248
ACCCGGAAACTCCCAG-1,1,57,65,20885,14392
CCGCATGTGGTACGAT-1,1,56,66,20631,14542
GCAAACCTTGGCCATA-1,1,57,67,20888,14686
ATTCACTGATGTTGGA-1,1,56,68,20634,14835
ACTCCCTAATGCTAAA-1,1,57,69,20891,14980
TCCTAAATTGGGAAGC-1,1,56,70,20637,15129
GAACAGATTACTAAAT-1,1,57,71,20894,15274
ATACAGGCCCTCCAAT-1,1,56,72,20640,15423
CGATTCGCCTGGCTGC-1,1,57,73,20897,15568
TCCGCCTGTCTACAAG-1,1,56,74,20643,15717
CACATCTCACCGACGA-1,1,57,75,20900,15861
CGTCGTCCTTCGCGAA-1,1,56,76,20646,16011
CGTTGAATACCGCGCT-1,1,57,77,20903,16155
ACCAATATGCAAGTTA-1,1,56,78,20649,16305
ACGGATGGTGCGGATA-1,1,57,79,20906,16449
CACCCTAACAAGATCT-1,1,56,80,20652,16599
AAGCTCTTTCATGGTG-1,1,57,81,20909,16743
CATGGGTATGCCTTAT-1,1,56,82,20655,16893
GCGCGTCATTGGTACA-1,1,57,83,20912,17037
TCTGAAGCACGTGGTC-1,1,56,84,20658,17187
AAGTTCACTCCAAGCT-1,1,57,85,20915,17331
TTGGACCTATAACAGT-1,1,56,86,20661,17480
ATCAGCCTCATGCTGC-1,1,57,87,20918,17625
AGTACTCTTATGCCCA-1,1,56,88,20664,17774
GCGCTTAAATAATTGG-1,1,57,89,20921,17919
TTGTGAACCTAATCCG-1,1,56,90,20667,18068
AGTCGTCGACCACCAA-1,1,57,91,20924,18213
TCCTTTAAATCCGCTT-1,1,56,92,20670,18362
ACTGAAACGCCGTTAG-1,1,57,93,20927,18506
GCACACACTGGTAGCC-1,1,56,94,20673,18656
TAAGGGCCTGTCCGAT-1,1,57,95,20930,18800
GCTAGAGTAGAGATGT-1,1,56,96,20676,18950
CACAGGGCCATATAGT-1,1,57,97,20933,19094
CCATGCCCTAGATTTC-1,1,56,98,20679,19244
TCGCGTAGCAGTGTCC-1,1,57,99,20936,19388
GACGAGGCTAATAAAC-1,1,56,100,20682,19538
CTACACTCGCAGATGG-1,1,57,101,20939,19682
ACGCATACGTTTACTA-1,1,56,102,20685,19832
GGAGCAACATTTCAAG-1,1,57,103,20942,19976
CGAGAGGGTAGCCGCG-1,1,56,104,20688,20125
TCGTGTTCGACCACAA-1,1,57,105,20945,20270
TCTACCCAATAGAGAG-1,1,56,106,20691,20419
ATAAACGTTGCACCAC-1,1,57,107,20948,20564
TCAACTGCAGAGTCAG-1,1,56,108,20694,20713
AGCTCCATATATGTTC-1,1,57,109,20951,20858
GTAACATCTAAGATAA-1,1,56,110,20697,21007
CCGACAATAGGCCGCC-1,1,57,111,20954,21151
ATGCTTAGGAGTTGAT-1,1,56,112,20700,21301
AACCCGAGCAGAATCG-1,1,57,113,20957,21445
CGGGTTTGTTAGGGCT-1,1,56,114,20703,21595
AGGCACGTGACTGTCC-1,1,57,115,20960,21739
GACAAGAGATGAGATT-1,1,56,116,20706,21889
AGCCCTTGGACATCCC-1,1,57,117,20963,22033
GCAGTTCGATCCGAGC-1,1,56,118,20709,22183
TCGAGGGCAACAGACG-1,1,57,119,20966,22327
ACTTTGTCGACGCACT-1,1,56,120,20712,22477
GAGTATCAAAGTTACA-1,1,57,121,20969,22621
CCAGGCTGGCGTCTGA-1,1,56,122,20715,22770
GGACTCTTCCGGTTGA-1,1,57,123,20972,22915
TCCCAGCACACGACAT-1,1,56,124,20718,23064
GCTCCATGAGTGCAGA-1,1,57,125,20975,23209
GCAGTGCGGGCGGATG-1,1,56,126,20721,23358
GCGTTCTGACTAAGCG-1,1,57,127,20978,23503
ATTTGGAGATTGCGGT-1,1,58,0,21043,4838
AAGGGTTTGATTTCAG-1,1,59,1,21300,4982
CCGGCCGCGAGCATAT-1,1,58,2,21046,5132
GAGTTCTGTGGGTGCT-1,1,59,3,21303,5276
AAACGAAGATGGAGTA-1,1,58,4,21049,5426
AATTACGAGACCCATC-1,1,59,5,21306,5570
CCTTTGAATTATGGCT-1,1,58,6,21052,5720
CATGGTATTAGTTTGT-1,1,59,7,21309,5864
AACGAAAGTCGTCCCA-1,1,58,8,21055,6013
ACATAAGTCGTGGTGA-1,1,59,9,21312,6158
GCACAACCTCGGGCGT-1,1,58,10,21058,6307
ATGCACGCGCTGTTCA-1,1,59,11,21315,6452
CGATGTTGTTATCTAC-1,1,58,12,21061,6601
GTCTCCTGCCAGTATG-1,1,59,13,21318,6746
GATGCCTTCTGCGGCA-1,1,58,14,21064,6895
ACCGGTCAGGTACACC-1,1,59,15,21321,7039
GTGGAGCGTTTACCGA-1,1,58,16,21067,7189
AGGCGGTTTGTCCCGC-1,1,59,17,21324,7333
TCCCTGGCGTATTAAC-1,1,58,18,21070,7483
AAACACCAATAACTGC-1,1,59,19,21327,7627
TGGACGCAATCCAGCC-1,1,58,20,21073,7777
GGAACCTTGACTCTGC-1,1,59,21,21330,7921
GTATCTCAGTCTTGAC-1,1,58,22,21076,8071
GCTGAATCTTCCAATC-1,1,59,23,21333,8215
AGATGCAAGACGTGCA-1,1,58,24,21079,8365
TTAAGGCCCGTACTTT-1,1,59,25,21336,8509
AGTATGCTGGAGACCA-1,1,58,26,21082,8658
GCGGCAAAGTATTGCC-1,1,59,27,21339,8803
GCGCAAATATATTCAA-1,1,58,28,21085,8952
GAAGAAACGATATTGT-1,1,59,29,21342,9097
GGACCTCTAGGCCGCC-1,1,58,30,21088,9246
AACAGCTGTGTGGCAA-1,1,59,31,21345,9391
TCGAATATCCCGCAGG-1,1,58,32,21091,9540
GCGACCCAACCATCTG-1,1,59,33,21348,9685
AGAGAAGGAGTACAAT-1,1,58,34,21094,9834
GGCTCCTCCACCTGTT-1,1,59,35,21351,9978
TCAGTGTATACGTCAT-1,1,58,36,21097,10128
ATTATTATGTCCGTCA-1,1,59,37,21354,10272
TTAGGTCATAACCGAC-1,1,58,38,21100,10422
AAGATGGCACCGGACC-1,1,59,39,21357,10566
CTACAAGAAATAACCC-1,1,58,40,21103,10716
ACTATTTCCGGGCCCA-1,1,59,41,21360,10860
TTGTTTCACATCCAGG-1,1,58,42,21106,11010
CGCTGTGTGGATGTTG-1,1,59,43,21363,11154
TCAACATAGCGCCCTA-1,1,58,44,21109,11304
GGCCGTTTGGGTTTCA-1,1,59,45,21366,11448
TACTCTTTCGTCTTCA-1,1,58,46,21112,11597
TTCGCGCGCCATACGA-1,1,59,47,21369,11742
CGGAAAGAATCAAACG-1,1,58,48,21115,11891
AGGCAGGGAGCGTACT-1,1,59,49,21372,12036
CCTTTAAGGGAGCACT-1,1,58,50,21118,12185
CGCCCAGCACGCCTAG-1,1,59,51,21375,12330
AGTATTTGGCACGACC-1,1,58,52,21121,12479
TATCCGCACCGTCGGG-1,1,59,53,21378,12623
ACCCGTGTCATCAGTA-1,1,58,54,21124,12773
CAACTGCTCATCCGAT-1,1,59,55,21381,12917
CCGGAGCGTACTTTCT-1,1,58,56,21127,13067
TACCGTAGGTTAACTA-1,1,59,57,21384,13211
TGAGGAGTGCCAGCTT-1,1,58,58,21130,13361
CCAGTCTTGTCATAGA-1,1,59,59,21387,13505
GGGCAGAGCAATCGTT-1,1,58,60,21133,13655
TACCAAATAGCCCAGA-1,1,59,61,21390,13799
TACCTACTCCCAGTAT-1,1,58,62,21136,13949
TGTGAGACTAGCCCAA-1,1,59,63,21393,14093
ATACCTAACCAAGAAA-1,1,58,64,21139,14242
GTCGGGAAGCAGAAAC-1,1,59,65,21396,14387
AATTAACGGATTTCCA-1,1,58,66,21142,14536
GAACCCTCTGTGTTCT-1,1,59,67,21399,14681
ATATAAAGCGCTCGTG-1,1,58,68,21145,14830
CCTGGTCGAATGTGGG-1,1,59,69,21402,14975
CTAGGTTCGGACGTGA-1,1,58,70,21148,15124
TCGGGAGACAGCGTAC-1,1,59,71,21405,15268
CATAAGAAGCTTGGCT-1,1,58,72,21151,15418
AAGCACCCTGCGTATC-1,1,59,73,21408,15562
AGTTTGCACCTGCCTC-1,1,58,74,21154,15712
GACTGCAAATCGAGCT-1,1,59,75,21411,15856
GTGTATATCAGCGGGC-1,1,58,76,21157,16006
CTTCAACTCCACTTGG-1,1,59,77,21414,16150
ACTTACGCATCCACGC-1,1,58,78,21160,16300
CATGAGATGCACTCTC-1,1,59,79,21417,16444
GAGCACCTGTGTCCAG-1,1,58,80,21163,16594
CGCGACCGCGACAGAT-1,1,59,81,21420,16738
GTCCCGCGACGTTATG-1,1,58,82,21166,16887
GCAGTGTGGCTATAGG-1,1,59,83,21423,17032
ATACTGCCTTACACCG-1,1,58,84,21169,17181
TACAGAAACGGTGGGC-1,1,59,85,21426,17326
GGCGCGGAGATCTTTC-1,1,58,86,21172,17475
CGTTAATGTCCCGACG-1,1,59,87,21429,17620
GCTAACTGAAGTCTGA-1,1,58,88,21175,17769
AGTGATAACCTGCGCG-1,1,59,89,21432,17913
TATGATCTTCTCTTTA-1,1,58,90,21178,18063
TGTACCTACACGAGGG-1,1,59,91,21435,18207
ATATCGTTCCTCGAAC-1,1,58,92,21181,18357
CGGCGCCATCAATCCC-1,1,59,93,21438,18501
CCTGTTTGAAGACACG-1,1,58,94,21184,18651
GCCACTCAGAGCGCGA-1,1,59,95,21441,18795
TCGGCTTGTATCGACG-1,1,58,96,21187,18945
TAGATGGTTCCTTACT-1,1,59,97,21444,19089
ATCGTTAGCTAGCGGA-1,1,58,98,21190,19239
ACAGCGACATTCTCAT-1,1,59,99,21447,19383
ATTCAACCATTTAAGG-1,1,58,100,21193,19532
CACTCTTCTGCTAGCC-1,1,59,101,21450,19677
CTAACTGATAATCGCC-1,1,58,102,21196,19826
TGATGTCAATTAAGTG-1,1,59,103,21453,19971
CGCCGTTCAGCATAGT-1,1,58,104,21199,20120
ATACTACCCGTACCAC-1,1,59,105,21456,20265
CCACTGTTTGGATTAA-1,1,58,106,21202,20414
CACTACGGGAGCTGCC-1,1,59,107,21459,20558
GACCAAACGTTGACTG-1,1,58,108,21205,20708
AAGAGGCCCTTTGGAA-1,1,59,109,21462,20852
ACACGTAGGCCACAAG-1,1,58,110,21208,21002
TACTCTTACTTTACTG-1,1,59,111,21465,21146
AGAGCCGCCGAGATTT-1,1,58,112,21211,21296
GGCCTGCTTCTCCCGA-1,1,59,113,21468,21440
TCAAGCGCGGACGGTA-1,1,58,114,21214,21590
ACACTGGGACAGTCGT-1,1,59,115,21471,21734
TGTGTAGTAGCACGTG-1,1,58,116,21217,21884
CTAGCCACAGGCGAGC-1,1,59,117,21474,22028
CTATCGCGTAGAGAAC-1,1,58,118,21220,22177
GTTCCCGTAAACATAT-1,1,59,119,21477,22322
TCTTTCCTTCGAGATA-1,1,58,120,21223,22471
ATATTGGAGAGGCCTT-1,1,59,121,21480,22616
AGGCGATAACTGGCGT-1,1,58,122,21226,22765
ACCCGGAGCACCACAA-1,1,59,123,21483,22910
TGAGCTCAACTGTATA-1,1,58,124,21229,23059
ACGACCCATGAGTTGC-1,1,59,125,21486,23203
CGGTCAGTCCATATTT-1,1,58,126,21232,23353
TCCGGCTGTCGGGTCG-1,1,59,127,21489,23497
ATTCCCGAAGGTACAG-1,1,60,0,21554,4833
CTAACAGCACAATAAC-1,1,61,1,21811,4977
TTGTGCGGAAGCGGAT-1,1,60,2,21557,5127
GGGCACTATTGACCAT-1,1,61,3,21814,5271
CCATAGAGGCTGCCAG-1,1,60,4,21560,5420
CCGAAGCATTGACCAA-1,1,61,5,21817,5565
TACTGAGGGAAGAAAG-1,1,60,6,21563,5714
TATGTAGAAACCCGGC-1,1,61,7,21820,5859
TGGTTAACTTACATTT-1,1,60,8,21566,6008
AGAACCCTCAATTGGG-1,1,61,9,21823,6153
CCTATATCGTGTCACG-1,1,60,10,21569,6302
ACGGCTGGATGTAGAA-1,1,61,11,21826,6446
CTCGCATTGCATAGCC-1,1,60,12,21572,6596
ACTTTGGTCGTGCTCC-1,1,61,13,21829,6740
GCTGGTTTAGGCCATA-1,1,60,14,21575,6890
TGTCGTTATCACATAT-1,1,61,15,21832,7034
ACACATGATCAAATCT-1,1,60,16,21578,7184
TATCCATCTCGGTTAG-1,1,61,17,21835,7328
CTCGTCGAGGGCTCAT-1,1,60,18,21581,7478
ATCAATGCCGTGGCTG-1,1,61,19,21838,7622
GAAACATAGGAAACAG-1,1,60,20,21584,7772
TAATAGGTCACCAGAA-1,1,61,21,21841,7916
CACCAGTCAGCATGCA-1,1,60,22,21587,8065
GAGCGCTGTTAGGTAA-1,1,61,23,21844,8210
CCCTATGTAGAGCAGA-1,1,60,24,21590,8359
GATCGCTATATCTCAG-1,1,61,25,21847,8504
AAGGGACTATGCATTC-1,1,60,26,21593,8653
CTCGGGTTCTCTGGCC-1,1,61,27,21850,8798
TATATATCGAGAAATG-1,1,60,28,21596,8947
ACCCGAGCGAAATTAC-1,1,61,29,21853,9091
TTGTTTCATTAGTCTA-1,1,60,30,21599,9241
ATGGGACCTGCTGAAC-1,1,61,31,21856,9385
TGCGACGGCCGAACGT-1,1,60,32,21602,9535
AGCTAACAAGCAATGT-1,1,61,33,21859,9679
CGTGTCTCGTTACGAC-1,1,60,34,21605,9829
CTAAATCCGGTGTACA-1,1,61,35,21862,9973
GAATAGTGCTCGATTA-1,1,60,36,21608,10123
AACAATACATTGTCGA-1,1,61,37,21865,10267
CACATCGTGCACGCGC-1,1,60,38,21611,10417
ACCGTGACCACGTGGG-1,1,61,39,21868,10561
CCCAATGAGATTTGCA-1,1,60,40,21614,10711
TCAGCAGTAGGCCCTG-1,1,61,41,21871,10855
CTACTCAAGGTATAGT-1,1,60,42,21617,11004
TAGTAGCTTATACCAG-1,1,61,43,21874,11149
ACGTTCGTTCAGGAAA-1,1,60,44,21620,11298
TTAGAATAAGGGTCGG-1,1,61,45,21877,11443
TTCTAGAAAGTCTTAT-1,1,60,46,21623,11592
CCTTCAGTTAAAGTGA-1,1,61,47,21880,11737
TAGCTAGTGATGATGG-1,1,60,48,21626,11886
AGCCCGGTAGCCTGTA-1,1,61,49,21883,12030
TACCTCAGTTGTCTGT-1,1,60,50,21629,12180
GACGGGTTGGCCCGTA-1,1,61,51,21886,12324
GAAACCTATACAAATG-1,1,60,52,21632,12474
TCCACCTCTAGCCTTT-1,1,61,53,21889,12618
AAGACCCAACTGAACA-1,1,60,54,21635,12768
CATACACGGTTCCCAC-1,1,61,55,21892,12912
ACTACGCGTTAGAATT-1,1,60,56,21638,13062
CTTGGCCAAGCTGGGA-1,1,61,57,21895,13206
TTACCCTAGGGATTGG-1,1,60,58,21641,13356
TTCGCACTGTACGACA-1,1,61,59,21898,13500
TAGGTGTTCCACAGAT-1,1,60,60,21644,13649
GAAGCCTGCACATTCC-1,1,61,61,21901,13794
GGCTTTCAATAAGGGT-1,1,60,62,21647,13943
TCCAGGGTATATACGA-1,1,61,63,21904,14088
CTCGCCGAATGTAGGG-1,1,60,64,21650,14237
AGGAAGCTGTCCGCCG-1,1,61,65,21907,14382
GTCTCAAGGCCCGGCT-1,1,60,66,21653,14531
ACCGACACATCTCCCA-1,1,61,67,21910,14675
TATACGCGTCATCACT-1,1,60,68,21656,14825
ATCTGGGCTGTTCTTG-1,1,61,69,21913,14969
TCAAATTTGAGACTCA-1,1,60,70,21659,15119
GTTAAGGGTGCGATGT-1,1,61,71,21916,15263
AGCAAAGGCCGCTAGT-1,1,60,72,21662,15413
TTATAGGTAATTGTCT-1,1,61,73,21919,15557
TTGTGCAGCCACGTCA-1,1,60,74,21665,15707
ACGGACTCTCAAAGCG-1,1,61,75,21922,15851
ATGCTCTGGCGCGGTA-1,1,60,76,21668,16001
ATAATCTTGGAGAACC-1,1,61,77,21925,16145
CTCATTGCTCTAACAA-1,1,60,78,21671,16294
TAGGTGACGATAACCT-1,1,61,79,21928,16439
CGGATCCTCAAGGACT-1,1,60,80,21674,16588
GGGCGTGGTTTCCCAG-1,1,61,81,21931,16733
TGGCTATGTGACATAC-1,1,60,82,21677,16882
CTTAGTGTAGTAGCAT-1,1,61,83,21934,17027
GGATTGCTGTGACTCC-1,1,60,84,21680,17176
ACTTCCATGCGGGACA-1,1,61,85,21937,17320
ACTCAAGTGCAAGGCT-1,1,60,86,21683,17470
ACAAGGATGCTTTAGG-1,1,61,87,21940,17614
TTGAACGACGTGCTGA-1,1,60,88,21686,17764
ATTCATCGTTGAGGCA-1,1,61,89,21943,17908
TGCAACCCATCTGCGG-1,1,60,90,21689,18058
AGTGCTAAACACAGCA-1,1,61,91,21946,18202
AACTCCAGAGCGTGTT-1,1,60,92,21692,18352
TCTCCACAAGTTGAAT-1,1,61,93,21949,18496
CTTTGCATCGCTCTTG-1,1,60,94,21695,18646
TCACAAACCGAGGTAC-1,1,61,95,21952,18790
CCGTAGGAAATCCCTG-1,1,60,96,21698,18939
AAACATTTCCCGGATT-1,1,61,97,21955,19084
GCCTCCGACAATTCAC-1,1,60,98,21701,19233
TCTGCATACCTTGCTT-1,1,61,99,21958,19378
ACCCATTTGTCCCTCT-1,1,60,100,21704,19527
CTGCAGAGAATCAGAG-1,1,61,101,21961,19672
GGAAACTAAATGGGCC-1,1,60,102,21707,19821
CAACCTACCGAGCAGT-1,1,61,103,21964,19965
CCGTAGGGTTGTTTAC-1,1,60,104,21710,20115
GGTTTGTGACCTGAGG-1,1,61,105,21967,20259
TAACCTAGGGAGTCCA-1,1,60,106,21713,20409
TTCCATCGACAGCGTG-1,1,61,107,21970,20553
ATCTCCCACGGAATAT-1,1,60,108,21716,20703
GTTTCAAACGAGTTGT-1,1,61,109,21973,20847
GGAACTTTGGCGATTA-1,1,60,110,21719,20997
CTGCAAGCACGTTCCG-1,1,61,111,21976,21141
CACAGTCCCGCTTCGC-1,1,60,112,21722,21291
TACGCTCGGTATTGGA-1,1,61,113,21979,21435
CTGGTAAAGTGTGGGC-1,1,60,114,21725,21584
CAACCAGTGGCCTACC-1,1,61,115,21982,21729
TCTTCGCGGTGAGAGG-1,1,60,116,21728,21878
TTCGGGTTGCCACGGG-1,1,61,117,21985,22023
ACCGATAGGCATAACC-1,1,60,118,21731,22172
CTTATAGATGGCTGTT-1,1,61,119,21988,22317
AGACGCCCACTTCGCC-1,1,60,120,21734,22466
AGGTCGCCTCCCAACA-1,1,61,121,21991,22610
CCTCACGTCAGCTAAT-1,1,60,122,21737,22760
CCACCTGTATGGAATA-1,1,61,123,21994,22904
GGACTCGAAGCTTTCA-1,1,60,124,21740,23054
AAGCCGGAGAGCAGGA-1,1,61,125,21998,23198
GCCTATCAGGTAAGAT-1,1,60,126,21743,23348
TCAGAGTGTGAGCATG-1,1,61,127,22001,23492
AAACATGGTGAGAGGA-1,1,62,0,22066,4827
ATCATTGTACCGCATT-1,1,63,1,22323,4972
TCAGCTTGAGCTTTCG-1,1,62,2,22069,5121
CCGCGCAAGATACCCA-1,1,63,3,22326,5266
CTATACTTAAAGCGAG-1,1,62,4,22072,5415
ACCGTCCACTGGGCCC-1,1,63,5,22329,5560
AAGACCAAATAACTCA-1,1,62,6,22075,5709
TGTTTCTGAAGCGTGC-1,1,63,7,22332,5853
TTCTCTTACAGGTGAT-1,1,62,8,22078,6003
AATTCATTGTCATGCA-1,1,63,9,22335,6147
GCCCGAGAGTCTAAAT-1,1,62,10,22081,6297
ATATAGAGTATTGGTC-1,1,63,11,22338,6441
TTGAAGGATGGGCGCC-1,1,62,12,22084,6591
TAGTACCACAACTTTC-1,1,63,13,22341,6735
ATCCCATCCACAGCGC-1,1,62,14,22087,6885
CTTAGGTATAGACCAG-1,1,63,15,22344,7029
TGACTCCGAATCATAC-1,1,62,16,22090,7179
ACTACATCCCGACAAG-1,1,63,17,22347,7323
TTGCCGCAGACCTACA-1,1,62,18,22093,7472
TAAGAGGGACAGGGAC-1,1,63,19,22350,7617
CGAATGAAGTCATTGC-1,1,62,20,22096,7766
AAGGGAACGACTGGCT-1,1,63,21,22353,7911
CGAATCTGCTCGACGC-1,1,62,22,22099,8060
ATCGTGGAAAGTCTGG-1,1,63,23,22356,8205
CCTATGGCTCCTAGTG-1,1,62,24,22102,8354
CGTCGCTTGGTTATAC-1,1,63,25,22359,8498
TGCTTAGAGAGAATGC-1,1,62,26,22105,8648
GATTGCTCCAGTTGCA-1,1,63,27,22362,8792
CGTGCTTCTACCTAAA-1,1,62,28,22108,8942
ACTCCAATATCATCAT-1,1,63,29,22365,9086
GCCGACCCACGACTGC-1,1,62,30,22111,9236
GAGGGTAGTAACAAAG-1,1,63,31,22368,9380
GGCCGAGACTCTGGTG-1,1,62,32,22114,9530
TATATAGGGCTTTACG-1,1,63,33,22371,9674
TGCCGGATGTACGAGC-1,1,62,34,22117,9824
AGGTAGATCGAGATAT-1,1,63,35,22374,9968
GATCAACATAAAGGGA-1,1,62,36,22120,10118
TAACAGCGTTTGTGCT-1,1,63,37,22377,10262
CTATAGGCGTTGATGT-1,1,62,38,22123,10411
GGTTTAATTACCATCG-1,1,63,39,22380,10556
CTCTTCTGGAAGTTAG-1,1,62,40,22126,10705
ATCTGACATGGAAGGA-1,1,63,41,22383,10850
TACGTACTAGTGCTGA-1,1,62,42,22129,10999
ATGACTATCAGCTGTG-1,1,63,43,22386,11144
CTTTGGGATTGTTGCA-1,1,62,44,22132,11293
AGACTGTTACCGGGTC-1,1,63,45,22389,11437
TCCTAACCGTCGGGCA-1,1,62,46,22135,11587
ACGCAAACTAATAGAT-1,1,63,47,22392,11731
AAGTGAGTCGGGTTTA-1,1,62,48,22138,11881
TAAAGCGGTATTTCCA-1,1,63,49,22395,12025
CTCCTCCAGCTCACAC-1,1,62,50,22141,12175
CGGTCCGTCGCAAGCC-1,1,63,51,22398,12319
CCTATATTTGTCCTGG-1,1,62,52,22144,12469
TCCAATAAAGGCTACC-1,1,63,53,22401,12613
AAAGGCTACGGACCAT-1,1,62,54,22147,12763
CGTGACCAGTCCTCTG-1,1,63,55,22404,12907
GATCTGCTATCTAAGG-1,1,62,56,22150,13056
CGAATGACGCATAATG-1,1,63,57,22407,13201
GCTCAATGTAATACCG-1,1,62,58,22153,13350
CTATGCCCGAATGCAA-1,1,63,59,22410,13495
CACAGGGCCGTTGTCA-1,1,62,60,22156,13644
TCAATACGCCGTCATG-1,1,63,61,22413,13789
AGCGGACACTTCGTAG-1,1,62,62,22159,13938
ATACGTTATGCACGGA-1,1,63,63,22416,14082
GAGTAGATACTAGTTG-1,1,62,64,22162,14232
CCAGCTCGAACGCATT-1,1,63,65,22419,14376
TGCTTCCCAAGCAGTA-1,1,62,66,22165,14526
GTAGACACGCCTGACT-1,1,63,67,22422,14670
CTCACATTTACTAAAT-1,1,62,68,22168,14820
GAATGCGAATCGGTTC-1,1,63,69,22425,14964
TAAGGCCCGTCACCCT-1,1,62,70,22171,15114
GAGTATGCGCGTGCAT-1,1,63,71,22428,15258
ATCCACATCGACAGAA-1,1,62,72,22174,15408
TAGACGAAACGCCAAT-1,1,63,73,22431,15552
CAGCAGTCTGTGCTGC-1,1,62,74,22177,15701
CTCACTGTGATACTTA-1,1,63,75,22434,15846
TTAATTGCTTTGGGTG-1,1,62,76,22180,15995
GTAGTCTACGATATTG-1,1,63,77,22437,16140
TTGCCGCTTTCTAGTA-1,1,62,78,22183,16289
GAACCTTTAACGATCC-1,1,63,79,22440,16434
TGGACCAATCTAAGAT-1,1,62,80,22186,16583
CTAGTAGAAAGGGATT-1,1,63,81,22443,16727
AACCTCGCTTTAGCCC-1,1,62,82,22189,16877
GAGTGTCAACCAGAAA-1,1,63,83,22446,17021
GTGATCCTTGTCATGA-1,1,62,84,22192,17171
CTCAACTAACCCGGAT-1,1,63,85,22449,17315
AGTGGCGTCTGAAGGT-1,1,62,86,22195,17465
GGGAAGGGCTTTCTCA-1,1,63,87,22452,17609
AGGCCTGAGAATCTCG-1,1,62,88,22198,17759
AGCCACAGGTTACCCG-1,1,63,89,22455,17903
TGCAATCTAACACGGT-1,1,62,90,22201,18053
GTTTGGGTTTCGCCCG-1,1,63,91,22458,18197
CCTATGTCCACTCCAC-1,1,62,92,22204,18346
CTGCCTTTCTAGTAAA-1,1,63,93,22461,18491
TTAGTAAACCTGCTCT-1,1,62,94,22207,18640
TTGTGGTGGTACTAAG-1,1,63,95,22464,18785
CCTCCTGTTGTGTCGT-1,1,62,96,22210,18934
ACAAAGCATGACCTAG-1,1,63,97,22467,19079
ATAGCAACTAGGGAAG-1,1,62,98,22213,19228
CCGCTCTTCCGAACTA-1,1,63,99,22470,19372
TAGAATAGCCGATGAA-1,1,62,100,22216,19522
GGTCTCCGTCCAGGTT-1,1,63,101,22473,19666
TAATTACGTCAGTAGA-1,1,62,102,22219,19816
TACGTAAAGCGGAGTG-1,1,63,103,22476,19960
GCTACAATCGAGGATA-1,1,62,104,22222,20110
TCAGCCAATCCGTAAA-1,1,63,105,22479,20254
ATCATAGCCCTATGTA-1,1,62,106,22225,20404
GAGGCCTGTTGATACA-1,1,63,107,22482,20548
ATATACGCTCGTGACG-1,1,62,108,22228,20698
CCCTTTAATGGAGTTC-1,1,63,109,22485,20842
TTACACGATCTGCGAC-1,1,62,110,22231,20991
TCGCATAAAGGGCGCA-1,1,63,111,22488,21136
TGTAGCCATCCCATTC-1,1,62,112,22234,21285
GGGTCTATCGCTTTCC-1,1,63,113,22491,21430
GGAGGGTCAAGTAAGA-1,1,62,114,22237,21579
TACGGCATGGACGCTA-1,1,63,115,22494,21724
CACGTCAATCAATGGA-1,1,62,116,22240,21873
CGCTTGGACGGATAGA-1,1,63,117,22497,22017
CGCGGTACGGTATACA-1,1,62,118,22243,22167
CCTACTCAACACGATT-1,1,63,119,22500,22311
CGTTTGGTGTTGTGGG-1,1,62,120,22246,22461
GTTGTTGCAAGATGGC-1,1,63,121,22503,22605
CATTCGTCGTAGCGGT-1,1,62,122,22249,22755
CAGCCTCGATAGCGGT-1,1,63,123,22506,22899
TCATAAGTCCAAGAAG-1,1,62,124,22252,23049
AAAGTGCCATCAATTA-1,1,63,125,22509,23193
GTTGCAGTCGACAACA-1,1,62,126,22255,23343
TAAATGGGCTACTGAG-1,1,63,127,22512,23487
GGACAAGCCATGATCG-1,1,64,0,22577,4822
TCCAATGCGTCGCCGC-1,1,65,1,22834,4967
AAAGAATGACCTTAGA-1,1,64,2,22580,5116
CCTATTATTCCGGCCG-1,1,65,3,22837,5260
CAGTAAGGGACGTCTC-1,1,64,4,22583,5410
GGGATGGACCCGCGTC-1,1,65,5,22840,5554
GACGCATACCCGTCGG-1,1,64,6,22586,5704
GGGCAGGATTTCTGTG-1,0,65,7,22843,5848
TATCTGAGCCGATATT-1,1,64,8,22589,5998
AATGTATGGCACTGTA-1,1,65,9,22846,6142
GCCTTTGTCAGTGGAC-1,1,64,10,22592,6292
AACCATAGGGTTGAAC-1,1,65,11,22849,6436
AAACTTAATTGCACGC-1,1,64,12,22595,6586
TAGGCGGCTGCAAAGA-1,1,65,13,22852,6730
TCCATCAATACTAATC-1,0,64,14,22598,6879
ACCTCGAACTTATGCT-1,0,65,15,22855,7024
ACAAACCATGCGTCCT-1,0,64,16,22601,7173
ACACCGGTCTGACCGC-1,1,65,17,22858,7318
ATGGCAGCATTACGAT-1,1,64,18,22604,7467
CTGGTGAATGGGCCTA-1,1,65,19,22861,7612
CACAGAGACGAGGACG-1,1,64,20,22607,7761
GCACAAACCCTAGATG-1,1,65,21,22864,7905
ACTATGTCCAGCTGCC-1,1,64,22,22610,8055
AAGCCGCCGTGAAATC-1,1,65,23,22867,8199
ATGGGTGTATACCTCC-1,1,64,24,22613,8349
TAAGCGCGAATCAAAT-1,1,65,25,22870,8493
AGCCCGGCATTAGAGG-1,1,64,26,22616,8643
GTGATCAAGCGTGCAC-1,1,65,27,22873,8787
CTGCCTTTAATACCTT-1,1,64,28,22619,8937
TACCTCCACACCAATG-1,1,65,29,22876,9081
GAGCATCAACAACTTG-1,1,64,30,22622,9231
CATACGAACTAGCTGG-1,1,65,31,22879,9375
GGGAACGGTTTCAGAT-1,1,64,32,22625,9524
AGGGTGCCGTTCTTTA-1,1,65,33,22882,9669
ACGACTGGTCATACTC-1,1,64,34,22628,9818
GGATCTTACTGCCCTT-1,1,65,35,22885,9963
TACTCCTCTAGTTGAC-1,1,64,36,22631,10112
GTAGCTCCGGGAGGCT-1,1,65,37,22888,10257
GGACTCGTGAGTGGTC-1,1,64,38,22634,10406
GTAGTTCGAAGGCGAA-1,1,65,39,22891,10551
CTCAAACCACTGCCCG-1,1,64,40,22637,10700
GAGGGAGTCAGATCGC-1,1,65,41,22894,10844
GCGTCCCTAAGACATA-1,1,64,42,22640,10994
TCTCTTACCGCGAACC-1,1,65,43,22897,11138
GGCTACTATACACTCC-1,1,64,44,22643,11288
CGTTGCCCGCGTGGGA-1,1,65,45,22900,11432
TATAGAGTCGCTTGAA-1,1,64,46,22646,11582
ATGTTGTAGTCTGTTT-1,1,65,47,22903,11726
AGTATACACAGCGACA-1,1,64,48,22649,11876
TGTGGTTGCTAAAGCT-1,1,65,49,22906,12020
TGATTCCCGGTTACCT-1,1,64,50,22652,12170
CACTGACGATTGTGGA-1,1,65,51,22909,12314
AACATTGTGACTCGAG-1,1,64,52,22655,12463
GTCCAATATTTAGCCT-1,1,65,53,22912,12608
GCTCTTTCCGCTAGTG-1,1,64,54,22658,12757
GGGTCAGGAGCTAGAT-1,1,65,55,22915,12902
AGGTGGTGACCTTCGC-1,1,64,56,22661,13051
CCCGGGTCGTTCAGGG-1,1,65,57,22918,13196
AGCCAAGCTTTGTGTC-1,1,64,58,22664,13345
TGTGGCGGGCTTCTGG-1,1,65,59,22921,13489
CGAGGGTATCCAGGTG-1,1,64,60,22667,13639
CGTTCAGACCCGCGAA-1,1,65,61,22924,13783
TCATATGAGCTTTGTT-1,1,64,62,22670,13933
AGTTGACGGTCCTTGC-1,1,65,63,22927,14077
ATAATTAGCTAAGTAG-1,1,64,64,22673,14227
GGTCTTGAGCGCTCTT-1,1,65,65,22930,14371
CGTTGTCGGCAATTGA-1,1,64,66,22676,14521
TCTTGCTCCCGATACT-1,1,65,67,22933,14665
AGCAGAAGGAGAAAGA-1,1,64,68,22679,14815
GAAGCCACTGATTATG-1,1,65,69,22936,14959
TGCTCTTGAGAGTTTG-1,1,64,70,22682,15108
GACATCCGTCGAACTG-1,1,65,71,22939,15253
AGATATAATACGACTA-1,1,64,72,22685,15402
TCGCTACTGGCTTTGA-1,1,65,73,22942,15547
GTGACAGCTTCCCACT-1,1,64,74,22688,15696
GTGACGCAGGTTTCAT-1,1,65,75,22945,15841
GGGAAGACGGTCTGTC-1,1,64,76,22691,15990
CGTCGCATGTGAGCCA-1,1,65,77,22948,16134
AGAAGGTTGTAGGTCG-1,1,64,78,22694,16284
GGCCGGCGTCTGCTAT-1,1,65,79,22951,16428
TTGACCAGGAACAACT-1,1,64,80,22697,16578
AGTCGTATAAAGCAGA-1,1,65,81,22954,16722
GGCGTAGGGAAAGCTG-1,1,64,82,22700,16872
AAACCTAAGCAGCCGG-1,1,65,83,22957,17016
ATTGCCTTTATGTTTG-1,1,64,84,22703,17166
CAGGCAGTCTTACCAG-1,1,65,85,22960,17310
AGCTAAGTACGCAGGC-1,1,64,86,22706,17460
AAATCCGATACACGCC-1,1,65,87,22963,17604
CGAGAGCTTTCACTAC-1,1,64,88,22709,17753
CGCCCAGCGTTTCACG-1,1,65,89,22966,17898
TTAAGTATTGTTATCC-1,1,64,90,22712,18047
AAACGGGCGTACGGGT-1,1,65,91,22969,18192
GTATCCTTTGGTAACC-1,1,64,92,22715,18341
CATAGTCAAATACATA-1,1,65,93,22972,18486
TCTATGCTATAACGAC-1,1,64,94,22718,18635
ACGTTCTGTACAAGTC-1,1,65,95,22975,18779
CGCGAAGTGGCATACT-1,1,64,96,22721,18929
ACCAACCGCACTCCAC-1,1,65,97,22978,19073
GTCATGCGCGAGGGCT-1,1,64,98,22724,19223
TAGGCTAAAGTGGCAC-1,1,65,99,22981,19367
TGGCTACACTCTACCT-1,1,64,100,22727,19517
TGTCCACGGCTCAACT-1,1,65,101,22984,19661
AATTGCAGCAATCGAC-1,1,64,102,22730,19811
GTCAACCAGGCCTATA-1,1,65,103,22987,19955
ATCTTATCGCACACCC-1,1,64,104,22733,20105
GTCTATTGCATGCTCG-1,1,65,105,22990,20249
GCACGTGGTTTACTTA-1,1,64,106,22736,20398
ATTCGCGCCTTGAGAG-1,1,65,107,22993,20543
AGCGATGCGCCTAATA-1,1,64,108,22739,20692
TCTATAGGTGGGTAAT-1,1,65,109,22996,20837
AGATACCAATAGAACC-1,1,64,110,22742,20986
CGTGTATGGGAGCTGA-1,1,65,111,22999,21131
ATGTACATGCGGTGAG-1,1,64,112,22745,21280
TTGGCTCAATATGTGT-1,1,65,113,23002,21424
GTTCGGAGCACTCAAC-1,1,64,114,22748,21574
TCCCTCTTCTCAAGGG-1,1,65,115,23005,21718
TTACGTATCTATGACA-1,1,64,116,22751,21868
CCCATATAGGTCGATT-1,1,65,117,23008,22012
GTCCACGTCGCATTCG-1,1,64,118,22754,22162
AATTGTGGTTGCCAAA-1,1,65,119,23011,22306
AGGAACGAACGACTTC-1,1,64,120,22757,22456
TAATTCCAATGCTTCA-1,1,65,121,23014,22600
AGGGCCCTAATGTTCT-1,1,64,122,22760,22750
AGGTGTTGCCGACCAC-1,1,65,123,23017,22894
CTGAGAGTAGAAATAC-1,1,64,124,22763,23043
TAGAAGAAGGGTTACA-1,1,65,125,23020,23188
GGTGACTGATAGAGAG-1,1,64,126,22766,23337
TACCCTCGGTAACCCT-1,1,65,127,23023,23482
TGTAAGACTGATAAGA-1,0,66,0,23088,4817
GTCACTCATGAGCGAT-1,0,67,1,23346,4961
CGGTTTACTGAACATT-1,0,66,2,23091,5111
GAGATCGATCTTACTC-1,0,67,3,23349,5255
TCTTTCATCCGTCCTT-1,0,66,4,23094,5405
TCGGATCTGGATGACC-1,0,67,5,23352,5549
GTCCTAGGATACCTTA-1,0,66,6,23097,5699
TGTACCCGACCCTAAT-1,0,67,7,23355,5843
AGGTTCTCCTTTCCGG-1,0,66,8,23100,5993
AATTGCGTGGATTACA-1,0,67,9,23358,6137
CGATAGCGATACAGTG-1,1,66,10,23103,6286
CGCCCTAATTGTTCAA-1,0,67,11,23361,6431
ATTATGAGACCCAATT-1,0,66,12,23106,6580
CCTCCTAGCTAGAGTC-1,0,67,13,23364,6725
CGAAGGGTTTCAGATT-1,0,66,14,23109,6874
CACAAGCTAAGAAAGG-1,0,67,15,23367,7019
CACCGGTAGAGACATT-1,0,66,16,23112,7168
ACTCATGGCAGCCTTC-1,1,67,17,23370,7312
CATCCAATATAGTTTG-1,1,66,18,23115,7462
CAGATATGAAGATGAC-1,1,67,19,23373,7606
GCAAAGGGCGTTAGCC-1,1,66,20,23118,7756
CTGTTGTTCAGTCGTA-1,1,67,21,23376,7900
AAAGGCCCTATAATAC-1,1,66,22,23121,8050
AACATTGAAGTTGATC-1,1,67,23,23379,8194
GCTAGCGATAGGTCTT-1,1,66,24,23124,8344
ATTGCCTATTAGACCG-1,1,67,25,23382,8488
GGGCGTTTACATTCAT-1,1,66,26,23127,8638
CCTCTACAAGGATTGG-1,1,67,27,23385,8782
AGTGACTGTGACACAA-1,1,66,28,23130,8931
AGCCCTCCCTGGTGGC-1,1,67,29,23388,9076
CGGTTGAGTATCCTTC-1,1,66,30,23133,9225
CATTATCCCATTAACG-1,1,67,31,23391,9370
AATGTGCTAATCTGAG-1,1,66,32,23136,9519
CTTAGTTGAGGAATCG-1,1,67,33,23394,9664
CTTCTGGGCGTACCTA-1,1,66,34,23139,9813
AGTCAAATGATGTGAT-1,1,67,35,23397,9958
TGAACAAGCAGGGACT-1,1,66,36,23142,10107
AATACCGGAGGGCTGT-1,1,67,37,23400,10251
GTTTGGTGATCGGTGC-1,1,66,38,23145,10401
GACTGCTGGTGAGAAA-1,1,67,39,23403,10545
CGATCCTCGCAACATA-1,1,66,40,23148,10695
CCAACCTTATGTAACT-1,1,67,41,23406,10839
CGTGGTACCCAAAGGC-1,1,66,42,23151,10989
AACCCGACAACCCGTG-1,1,67,43,23409,11133
TATGTAAAGTGCTTAA-1,1,66,44,23154,11283
GCAAGTGTAAAGCATG-1,1,67,45,23412,11427
GTAACTGCCCAAGGAG-1,1,66,46,23157,11577
GGTGCATAAATGATTA-1,1,67,47,23415,11721
TAGTCCCGGAGACCAC-1,1,66,48,23160,11870
CGGCCAGAGCGACCAT-1,1,67,49,23418,12015
TGAATGAGTGTTTCCC-1,1,66,50,23163,12164
TTCACTTCCTAGAACG-1,1,67,51,23421,12309
CGCTTAGTATTGATAC-1,1,66,52,23166,12458
AACGCGACCTTGGGCG-1,1,67,53,23424,12603
GTGCACCAGCTTCAAC-1,1,66,54,23169,12752
TTCTATTAAACGCAGC-1,1,67,55,23427,12896
TGGCAAGCACAAGTCG-1,1,66,56,23172,13046
ATCTGCTGTTATCGCC-1,1,67,57,23430,13190
AATTCCAAGCATGTAC-1,1,66,58,23175,13340
AAACGGTTGCGAACTG-1,1,67,59,23433,13484
GAAGGAGTCGAGTGCG-1,1,66,60,23178,13634
GGCAAGCCCATAGTGG-1,1,67,61,23436,13778
TGACCAAATCTTAAAC-1,1,66,62,23181,13928
TTCGGTACTGTAGAGG-1,1,67,63,23439,14072
ATGTACGATGACGTCG-1,1,66,64,23184,14222
ATCTAGCTTGTGAGGG-1,1,67,65,23442,14366
AGCGGGTCTGACACTC-1,1,66,66,23187,14515
GAGGTACGCGTGTCCC-1,1,67,67,23445,14660
GCACTGCCTACCTTTA-1,1,66,68,23190,14809
GGAGCGAGGCCTACTT-1,1,67,69,23448,14954
AAACTCGGTTCGCAAT-1,1,66,70,23193,15103
GGCGCTTCATTCCCTG-1,1,67,71,23451,15248
TGCTCGGTGGGTCACC-1,1,66,72,23196,15397
AAGCGCAGGGCTTTGA-1,1,67,73,23454,15541
GACCTTCCACGTCTAC-1,1,66,74,23199,15691
GTTAGCCCATGACATC-1,1,67,75,23457,15835
AATTCGATTCGAGGAT-1,1,66,76,23202,15985
AGTCTTTAAAGTGTCC-1,1,67,77,23460,16129
GACTAGGCCGTTAGGT-1,1,66,78,23205,16279
TCCAAGCCTAGACACA-1,1,67,79,23463,16423
GATTGGGAAAGGTTGT-1,1,66,80,23208,16573
GATGAGGAACCTTCGG-1,1,67,81,23466,16717
TGAATACCGACGCGTA-1,1,66,82,23211,16867
AATCGTGAGCCGAGCA-1,1,67,83,23469,17011
GCGAAGAATCTGACGG-1,1,66,84,23214,17160
GAACAACTGGGATGAA-1,1,67,85,23472,17305
TCGCCGACATATTCGC-1,1,66,86,23217,17454
CGTAGAGAGTAATTAT-1,1,67,87,23475,17599
CGATAGTCGTACTGCA-1,1,66,88,23220,17748
CGCATGCCGAATGCGT-1,1,67,89,23478,17893
CTCTAGCCCTCGGAAA-1,1,66,90,23223,18042
TCCAACTCAGCTATCT-1,1,67,91,23481,18186
GTCTAGTGAGCCGCTT-1,1,66,92,23226,18336
TACCGAATAATTGTAA-1,1,67,93,23484,18480
ATATAACACGGGCGCA-1,1,66,94,23229,18630
GCATGCTAATAACGAT-1,1,67,95,23487,18774
TCCGGGCTTGACGGGA-1,1,66,96,23232,18924
ATTATTCAGAGTCACT-1,1,67,97,23490,19068
TAGCAGTATGACTAAA-1,1,66,98,23235,19218
TATGAAGAATTAAGGT-1,1,67,99,23493,19362
CAAGGCCAGTGGTGCA-1,1,66,100,23238,19512
TGCGTACGGCTAATTG-1,1,67,101,23496,19656
CAGATAATGGGCGGGT-1,1,66,102,23241,19805
GAGAACGGTTCTGACT-1,1,67,103,23499,19950
CGCTTCGGTCTAAGAC-1,1,66,104,23244,20099
AGCATTACGAGGCAAG-1,1,67,105,23502,20244
AAGTTGTGATGTTATA-1,1,66,106,23247,20393
TTGCTCATAGTACGTG-1,1,67,107,23505,20538
TACTTAAACATGTACA-1,1,66,108,23250,20687
AGTGAGTCGAATTAAC-1,1,67,109,23508,20831
TAGGCCTATATAGTCT-1,1,66,110,23253,20981
ACTCGCCGTTCGATAA-1,1,67,111,23511,21125
GGTACGTTGCGGCCGG-1,1,66,112,23256,21275
TATTGCCGGGCTTGTA-1,1,67,113,23514,21419
GGTAAACTCTGCGCTG-1,1,66,114,23259,21569
TCCCTTGTCTGAAACT-1,1,67,115,23517,21713
CATGATCGCTTTGAGA-1,1,66,116,23262,21863
GGACGGGCGACCAACC-1,1,67,117,23520,22007
GAGAGGCCTATGTGTA-1,1,66,118,23265,22157
TCGTAACTCCCAAGAC-1,1,67,119,23523,22301
CGTATCTAGAACTAAG-1,1,66,120,23268,22450
GCACCTTCCCGAAGGT-1,1,67,121,23526,22595
TACCTCTTTACCATCC-1,1,66,122,23271,22744
TGACTCTAACTGGTAA-1,1,67,123,23529,22889
GAGAAACTGGATCCCA-1,1,66,124,23274,23038
ATCCGGACCAGCCTGA-1,1,67,125,23532,23183
TTATTTAGGTTCCTTA-1,1,66,126,23277,23332
CGAATTCCCGGTTCAA-1,1,67,127,23535,23476
TAGTTTGATCGGTCGC-1,0,68,0,23600,4812
AGTCGAAACGATTCAG-1,0,69,1,23857,4956
ACGTCGGGCAACTCGG-1,0,68,2,23603,5106
ACTTGCTCTATCTACC-1,0,69,3,23860,5250
ATTACGGGCTACGGTT-1,0,68,4,23606,5400
GCAAACGTAAGCGACC-1,0,69,5,23863,5544
TTCGGACTGGGCATGG-1,0,68,6,23609,5693
GGGCCATTCGTGCTGG-1,0,69,7,23866,5838
GAGTTGTCACCAGTCT-1,0,68,8,23612,5987
AGTAATTTGCAAGCGT-1,0,69,9,23869,6132
GTGGCCGGTTTCTCGG-1,0,68,10,23615,6281
ATCTTAGGGCATTAAT-1,0,69,11,23872,6426
CTACATATCGCGGGAC-1,0,68,12,23618,6575
ATGGTATTTACTGATT-1,0,69,13,23875,6719
CCGTCAACCTCTGGCG-1,0,68,14,23621,6869
GCTTCGACGTTCAATC-1,0,69,15,23878,7013
GACCGATTAAATATGT-1,0,68,16,23624,7163
GTCGAATTTGGGCGCT-1,1,69,17,23881,7307
TCACGGCCCAAGAGAG-1,1,68,18,23627,7457
CTACGATCCTATCCTA-1,1,69,19,23884,7601
TGCAGTGGTAGGGAAC-1,1,68,20,23630,7751
TTGCCTAATCCAAAGT-1,1,69,21,23887,7895
AGCGAGACGTGAAGGC-1,1,68,22,23633,8045
TTCTACCTCAATCGGT-1,1,69,23,23890,8189
TACGCTGCTGTGTTAA-1,1,68,24,23636,8338
TAGTCCTGCACTAAGC-1,1,69,25,23893,8483
AGCACACGTTTAGACT-1,1,68,26,23639,8632
GTTCGACAATTGTATA-1,1,69,27,23896,8777
CCATGTTCATCTATAT-1,1,68,28,23642,8926
CCCTCGATAATACACA-1,1,69,29,23899,9071
ACTGCCCGCCATTCTC-1,1,68,30,23645,9220
CTATATCCAGCCTGGC-1,1,69,31,23902,9364
CGCACGTCTGTTTATG-1,1,68,32,23648,9514
AATCAGGTTTCATTTA-1,1,69,33,23905,9658
AGAGAAACACCAGAAA-1,1,68,34,23651,9808
ACCCGATTGGTTCCGA-1,1,69,35,23908,9952
TACCAGGAATCCCGTC-1,1,68,36,23654,10102
AAGTGCTTCTCTATTG-1,1,69,37,23911,10246
TGCATGTGACCCATAG-1,1,68,38,23657,10396
TAGATTCAAAGTGCGG-1,1,69,39,23914,10540
AGGGTCAGAGCACTCG-1,1,68,40,23660,10690
GTGAGATAACCTTATA-1,1,69,41,23917,10834
GTGTCAGTGTACGTGG-1,1,68,42,23663,10984
CTGTAGTGAGGATCGA-1,1,69,43,23920,11128
GATAGTGCGAGTAAGT-1,1,68,44,23666,11277
AGGGTTCAGACGGTCC-1,1,69,45,23923,11422
GGACTCGACAGCGCAT-1,1,68,46,23669,11571
CACTCTCAAGCATCGA-1,1,69,47,23926,11716
GAGCGGAATGCGGTGT-1,1,68,48,23672,11865
CAGTTCGAGGACCCGA-1,1,69,49,23929,12010
CGTAACTTCGACACTT-1,1,68,50,23675,12159
TGATCACCACACTGAC-1,1,69,51,23932,12303
CATACTTCTTTCTCCG-1,1,68,52,23678,12453
CAAGTAAGTGATAGAC-1,1,69,53,23935,12597
AGCCCGCAACAAGCAG-1,1,68,54,23681,12747
GCTCCATGCAAAGCAA-1,1,69,55,23938,12891
TCGTACCGACGTCAAG-1,1,68,56,23684,13041
ATTATCGGAATGTACG-1,1,69,57,23941,13185
ACCTACTATAAATCTA-1,1,68,58,23687,13335
TATCCTATCAACTGGT-1,1,69,59,23944,13479
GCGCGGTCTAGTAACT-1,1,68,60,23690,13629
CCTTCGTATAGAATCC-1,1,69,61,23947,13773
TGGGCGATACAATAAG-1,1,68,62,23693,13922
TGACATGTAACGTGAC-1,1,69,63,23950,14067
TTGGGAAGACGAGCCG-1,1,68,64,23696,14216
GGTGTAAATCGATTGT-1,1,69,65,23953,14361
GAACTGTGGAGAGACA-1,1,68,66,23699,14510
TCCACATCGTATATTG-1,1,69,67,23956,14655
CCTATGGTCAAAGCTG-1,1,68,68,23702,14804
TCCTTGTCCTTTAATT-1,1,69,69,23959,14948
AAGTTTATGGGCCCAA-1,1,68,70,23705,15098
GTCCGGGTTCACATTA-1,1,69,71,23962,15242
ATGTAGCGCGCGTAGG-1,1,68,72,23708,15392
TACGGAAGCCAAACCA-1,1,69,73,23965,15536
GCCCTGAGGATGGGCT-1,1,68,74,23711,15686
CGGGCGATGGATCACG-1,1,69,75,23968,15830
TGCGGACTTGACTCCG-1,1,68,76,23714,15980
TAATACTAGAACAGAC-1,1,69,77,23971,16124
TCAAATTGTTGTGCCG-1,1,68,78,23717,16274
GGGCAGTCAACGCCAA-1,1,69,79,23974,16418
TCGCTGCCAATGCTGT-1,1,68,80,23720,16567
TACGTGGGCCCAGGGC-1,1,69,81,23977,16712
GCCTACGTTCTGTGCA-1,1,68,82,23723,16861
TTGCGTGTGTAGGCAT-1,1,69,83,23980,17006
TCCTAAAGATTCAGAC-1,1,68,84,23726,17155
TGGGTGCACAAGCCAT-1,1,69,85,23983,17300
GGGAGCGACCGTAGTG-1,1,68,86,23729,17449
CATAGAGGAGATACTA-1,1,69,87,23986,17593
CTTCGATTGCGCAAGC-1,1,68,88,23732,17743
GTGCCTGAGACCAAAC-1,1,69,89,23989,17887
TCATCCTCAGCTGCTT-1,1,68,90,23735,18037
TGCAACTACTGGTTGA-1,1,69,91,23992,18181
ATGTTGATTAGAGACT-1,1,68,92,23738,18331
GTTTCTAGAGGCGCGG-1,1,69,93,23995,18475
TACAAGGGCTTCTTTA-1,1,68,94,23741,18625
ACAGGCACGGATCCTT-1,1,69,95,23998,18769
CCCAAGTCATTACACT-1,1,68,96,23744,18919
ACTCTGACCTAATAGA-1,1,69,97,24001,19063
GGATGGCTTGAAGTAT-1,1,68,98,23747,19212
ACCCTCCCGTCAGGGC-1,1,69,99,24004,19357
AGCTTCTTCTCGAGCA-1,1,68,100,23750,19506
TTGCGCTTGATCAATA-1,1,69,101,24007,19651
TGGGTGTAATAGATTT-1,1,68,102,23753,19800
CATGGTTTATTAATCA-1,1,69,103,24010,19945
TTGCCTTCTCGCCGGG-1,1,68,104,23756,20094
TTAAAGTAAGTCGCCA-1,1,69,105,24013,20238
AGTTGGCAAGGCTAGA-1,1,68,106,23759,20388
CCGCACTTGCAATGAC-1,1,69,107,24016,20532
AATGTTGTCGTGAGAC-1,1,68,108,23762,20682
CCAAGGTTGCCCTTTC-1,1,69,109,24019,20826
TGTGACTAGAGTTTGC-1,1,68,110,23765,20976
TTGTGATCTGTTCAGT-1,1,69,111,24022,21120
GGAGTTGATTCTGTGT-1,1,68,112,23768,21270
GTAGTGAGCAACCTCA-1,1,69,113,24025,21414
AAGACATACGTGGTTT-1,1,68,114,23771,21564
CATCCCGAGATTCATA-1,1,69,115,24028,21708
GGCCGCAGGAACCGCA-1,1,68,116,23774,21857
CCAGAAACTGATGCGA-1,1,69,117,24031,22002
ACCCGTAGTCTAGTTG-1,1,68,118,23777,22151
AGGGTCTGGACGCAGT-1,1,69,119,24034,22296
TTGAAACCCTCATTCC-1,1,68,120,23780,22445
TCAATCCCGCGCCAAA-1,1,69,121,24037,22590
AGGACATCGGCACACT-1,1,68,122,23783,22739
GACAAGACGCCCGTGC-1,1,69,123,24040,22883
GAGTAAATTAAGAACC-1,1,68,124,23786,23033
TAAGTCGGTGAGCTAG-1,1,69,125,24043,23177
CTTACTGACTCCTCTG-1,1,68,126,23789,23327
TTAACTGATCGTTTGG-1,1,69,127,24046,23471
GGGCGATCCATAGGCC-1,0,70,0,24111,4807
CGTATTGTTTGGCGCC-1,0,71,1,24368,4951
CGCGTGGGCCTGTGTT-1,0,70,2,24114,5100
AAATCTGCCCGCGTCC-1,0,71,3,24371,5245
GCTGAAGGGTTCTTGG-1,0,70,4,24117,5394
TAATTGCGCTGATTAC-1,0,71,5,24374,5539
TCGCGCGTTTACATGA-1,0,70,6,24120,5688
TAACTGAAATACGCCT-1,0,71,7,24377,5833
CCTGTCGTGTATGAAG-1,0,70,8,24123,5982
CGGGAACGCCCTGCAT-1,0,71,9,24380,6126
AGTTGCGGTCCTCAAC-1,0,70,10,24126,6276
GGGTCCTTGGAAGAAG-1,0,71,11,24383,6420
CGGGAAGTACCGTGGC-1,0,70,12,24129,6570
ACGGTCACCGAGAACA-1,0,71,13,24386,6714
TAGACTCAGTTGGCCT-1,0,70,14,24132,6864
CCTTCCGCAACGCTGC-1,0,71,15,24389,7008
CAGTGTTAATCTCTCA-1,0,70,16,24135,7158
CAGGCCAGTACCACCT-1,0,71,17,24392,7302
GATCGCTGTGGTGCGT-1,0,70,18,24138,7452
GTATCTCGGGCGCTTT-1,0,71,19,24395,7596
CCGGGCTAAGAATTTC-1,0,70,20,24141,7745
CTTCACGCCCTGGTAC-1,0,71,21,24398,7890
CGGATGAATGCTGTGA-1,1,70,22,24144,8039
CTCTGCAGGCATTCTT-1,1,71,23,24401,8184
TCAAAGTCACGGCGTC-1,1,70,24,24147,8333
TGGGTTTCGGGCGTAC-1,1,71,25,24404,8478
TGCTATGGCAAAGGGA-1,1,70,26,24150,8627
TTCACGGTCGTCACGT-1,1,71,27,24407,8771
CGTAAAGCAAGAAATC-1,1,70,28,24153,8921
CTGATCCCTTTATGCA-1,1,71,29,24410,9065
GAGTATACCCTAATCA-1,1,70,30,24156,9215
CCACGGCAGGTGTAGG-1,1,71,31,24413,9359
ACGTACTTTGGCACGG-1,1,70,32,24159,9509
CCTGAGAATAAATGCA-1,1,71,33,24416,9653
TTGATGCCGCTCGTCG-1,1,70,34,24162,9803
GCCAGGAAAGAACACT-1,1,71,35,24419,9947
TCCGACCGCTAATCAA-1,1,70,36,24165,10097
TATATCAAAGTGATCT-1,1,71,37,24422,10241
CCTCGGTTTCCTTGCC-1,1,70,38,24168,10391
TAAATTTAGTAACACC-1,1,71,39,24425,10535
CTCGTTACGGCTACCA-1,1,70,40,24171,10684
GCCGTCGGTTTCGGGC-1,1,71,41,24428,10829
GTTCCGTCCGCCTGCA-1,1,70,42,24174,10978
CTAGGGATAGGGACAA-1,1,71,43,24431,11123
GTCCAGGCACGTGTGC-1,1,70,44,24177,11272
GAGGAATATCTCTTTG-1,1,71,45,24434,11417
CGTTCAAGGAAACGGA-1,1,70,46,24180,11566
GTGGGAACAAACCGGG-1,1,71,47,24437,11710
GGGCACGTAGTACTGT-1,1,70,48,24183,11860
ACTACAAAGAGAGGTG-1,1,71,49,24440,12004
GGTGTAGGTAAGTAAA-1,1,70,50,24186,12154
CCTGTTCAACCTCGGG-1,1,71,51,24443,12298
TGAGGTGTGTGGCGGA-1,1,70,52,24189,12448
ATTGTCTGTTTCATGT-1,1,71,53,24446,12592
GCCGGTCGTATCTCTC-1,1,70,54,24192,12742
ATATGGGATAGCAACT-1,1,71,55,24449,12886
GATAGAACCCGCTAGG-1,1,70,56,24195,13036
ATCCCATTTCCGTGGG-1,1,71,57,24452,13180
GATGCTACCTTCGATG-1,1,70,58,24198,13329
TGCAAAGTTCGTCTGT-1,1,71,59,24455,13474
GTTCAGTCGCCAAATG-1,1,70,60,24201,13623
GTCTCCGCCTCAATAC-1,1,71,61,24458,13768
AGTAGAAGGCGCCTCA-1,1,70,62,24204,13917
GTTGTAGATTTATGAG-1,1,71,63,24461,14062
CTATTTGCTTGGAGGA-1,1,70,64,24207,14211
AGCCATATAGTATGTG-1,1,71,65,24464,14355
TGTTCCGGCCTGAGCT-1,1,70,66,24210,14505
TGCCGTGGGACCCAAT-1,1,71,67,24467,14649
TTGCAAGAAGACTCCT-1,1,70,68,24213,14799
CCGCTCCAGGGCGATC-1,1,71,69,24470,14943
CAAACCCTCCGGCGGG-1,1,70,70,24216,15093
CGGACCTTTACGTCCC-1,1,71,71,24473,15237
ACGTAGGAGAGTCGCT-1,1,70,72,24219,15387
CTGCGACCTCGCCGAA-1,1,71,73,24476,15531
GGCCCAGCTGGTTTGC-1,1,70,74,24222,15681
GGATTAATCATGGACC-1,1,71,75,24479,15825
GAGATGGCTTTAATCA-1,1,70,76,24225,15974
AGTACAGAAGCTTATA-1,1,71,77,24482,16119
GCGGCTTTAGCAAGTT-1,1,70,78,24228,16268
ACCGAGTCTCCTTATT-1,1,71,79,24485,16413
GACCACACTTCCCTTT-1,1,70,80,24231,16562
TGTAGCCAATTCCGTT-1,1,71,81,24488,16707
CTCGTCTGTGCCTTCG-1,1,70,82,24234,16856
GGACTCTTTGACTAAG-1,1,71,83,24491,17000
TCATCGACGACCGTCG-1,1,70,84,24237,17150
TACTACGTGCAATGCG-1,1,71,85,24494,17294
CCCTACTTGAACAATG-1,1,70,86,24240,17444
GCAGCTGTCAACGCAT-1,1,71,87,24497,17588
ATCTACCATCTGCTCC-1,1,70,88,24243,17738
TCTCAAATCAATCGGG-1,1,71,89,24500,17882
ACTCCGGCCGACCACT-1,1,70,90,24246,18032
TACACCTCTTCGAATC-1,1,71,91,24503,18176
GTGGCTGTTTCTGTTC-1,1,70,92,24249,18326
ACGACTCTAGGGCCGA-1,1,71,93,24506,18470
TCGTTTACGCGACCCT-1,1,70,94,24252,18619
AGGATATCCGACTGCA-1,1,71,95,24509,18764
GACACTTCCAATTACC-1,1,70,96,24255,18913
ACGGTACAGTTCAATG-1,1,71,97,24512,19058
CTTGATGACCATCCAG-1,1,70,98,24258,19207
CTGGTAAAGACTTACA-1,1,71,99,24515,19352
CTTGCCCACCCACGCA-1,1,70,100,24261,19501
CATTACGCAGGAAGGG-1,1,71,101,24518,19645
GGACAACCATGAAGCC-1,1,70,102,24264,19795
GTTATCAAGCTATCGA-1,1,71,103,24521,19939
AGGTGCACGTCCACAT-1,1,70,104,24267,20089
AAAGAATGTGGACTAA-1,1,71,105,24524,20233
ACCAAGTCATCGGCAG-1,1,70,106,24270,20383
AGTAACTATAGCAGCC-1,1,71,107,24527,20527
GGGAAAGAATGCCAAC-1,1,70,108,24273,20677
AATCGGTATAGCCCTC-1,1,71,109,24530,20821
GGCACTGCGGTGGTTT-1,1,70,110,24276,20971
CGTCCTCATCGCGTGC-1,1,71,111,24533,21115
CTTAACTTACAGTATA-1,1,70,112,24279,21264
GTGAGTCGACTAATAG-1,1,71,113,24536,21409
TGTACTTCCGGGCATG-1,1,70,114,24282,21558
CACAAACCGCAGAACT-1,1,71,115,24539,21703
GCTTTACACAACTGGG-1,1,70,116,24285,21852
CACCGATGATGGGTAC-1,1,71,117,24542,21997
TCAATATACAGGAGGC-1,1,70,118,24288,22146
AACGACCTCCTAGCCG-1,1,71,119,24545,22290
GTTACCAAGGCGTACG-1,1,70,120,24291,22440
TAGCTCACTGTGTTTG-1,1,71,121,24548,22584
TCGGCAGGGTTAAGGG-1,1,70,122,24294,22734
TGTTAACAAAGTGACT-1,1,71,123,24551,22878
CAGAGCGATGGATGCT-1,1,70,124,24297,23028
CATAGTGGGCACGCCT-1,1,71,125,24554,23172
AAACGCTGGGCACGAC-1,1,70,126,24300,23322
TGTTCTCATACTATAG-1,1,71,127,24557,23466
TCCGCTGGGTCGATCG-1,0,72,0,24622,4801
TTAGCATCCCTCACGT-1,0,73,1,24880,4946
AGCCTTGTCACTGATA-1,0,72,2,24625,5095
GTTTCTTGTTAGAGCT-1,0,73,3,24883,5240
TCGGAGTCCTGGTTGC-1,0,72,4,24628,5389
ACGGGTTGTGACCTGT-1,0,73,5,24886,5533
TGACAGAAATCTTGCT-1,0,72,6,24631,5683
TAGCCATGATTGCCTA-1,0,73,7,24889,5827
CGAAGCCACAGCATGG-1,0,72,8,24634,5977
ACCCGTAGCAGAGAAT-1,0,73,9,24892,6121
AGCTTGATCAGGGTAG-1,0,72,10,24637,6271
CTATAAGTAGGGTTTG-1,0,73,11,24895,6415
TATAGTTAGGTGTACT-1,0,72,12,24640,6565
TACGCTGATAGTTGTA-1,0,73,13,24898,6709
TTCTCAATTGCTACAA-1,0,72,14,24643,6859
GTTGCCCTAACGGGTG-1,0,73,15,24901,7003
GACATTTCGCCCAGCC-1,0,72,16,24646,7152
GTAACTACGTAGACCT-1,0,73,17,24904,7297
CCAGTGTACAGACCGA-1,0,72,18,24649,7446
GCCCGATGCCCAGTTC-1,0,73,19,24907,7591
CGAACCTCTTTCCTAG-1,0,72,20,24652,7740
CATGCACATGAGAGGC-1,0,73,21,24910,7885
CCAAATCAAAGGGCAA-1,0,72,22,24655,8034
GTAGTTTAAGCACACG-1,0,73,23,24913,8178
TAAGTGAATAGTCTAC-1,1,72,24,24658,8328
GGTCCACGTCTATTTG-1,0,73,25,24916,8472
CCCTCAGATCGAGAAC-1,1,72,26,24661,8622
ACATTCGCGCGGAATA-1,1,73,27,24919,8766
CTATGAACACCTTGCC-1,1,72,28,24664,8916
CGAATGGTAGGTCGTC-1,1,73,29,24922,9060
TCGACATAGCGTAGCG-1,1,72,30,24667,9210
GACGTTGCTCGGCGGC-1,1,73,31,24925,9354
CTCGAGGCAAGTTTCA-1,1,72,32,24670,9504
GCTGGGAGCGCGTCAA-1,1,73,33,24928,9648
GACGATATCACTGGGT-1,1,72,34,24673,9798
CAGCTCTGGGCTCACT-1,1,73,35,24931,9942
TAGTCTGCGGCACATT-1,1,72,36,24676,10091
TGGTCGATATACCTCT-1,1,73,37,24934,10236
TTCAGTTCAAGAGGAG-1,1,72,38,24679,10385
GTCTGTAGGTTGAACA-1,1,73,39,24937,10530
GAGAGTCTCGGGAGAG-1,1,72,40,24682,10679
TTGTTTGTATTACACG-1,1,73,41,24940,10824
GCACAGCACGGGCCGA-1,1,72,42,24685,10973
AAACAGTGTTCCTGGG-1,1,73,43,24943,11117
TGGAGAATAATCGTCC-1,1,72,44,24688,11267
CGCCGCGTTCTGAACG-1,1,73,45,24946,11411
CATGCGTTGAGAGGAG-1,1,72,46,24691,11561
TACGCTCCTAGAACTG-1,1,73,47,24949,11705
CCTTGTGAACGTGGTT-1,1,72,48,24694,11855
TTAAAGGCGATGCTCG-1,1,73,49,24952,11999
TAAAGTGCACGTCTCG-1,1,72,50,24697,12149
TGTCCGCAAACAATTC-1,1,73,51,24955,12293
AGGCCTATCATACCAA-1,1,72,52,24700,12443
ACTGGGATGCCAGTGC-1,1,73,53,24958,12587
CGATCCACCATTGTTG-1,1,72,54,24703,12736
GGGCATGCATGTCGAG-1,1,73,55,24961,12881
TCCAGGCAGGACGATC-1,1,72,56,24706,13030
CAATGACCCTTAATTT-1,1,73,57,24964,13175
ATCAAGATCCCAGGAC-1,1,72,58,24709,13324
CTCAGAGCTAATGTCG-1,1,73,59,24967,13469
CTGCGATTTCGAGATT-1,1,72,60,24712,13618
ATGGTATTGGGAACCG-1,1,73,61,24970,13762
TAGGTTCTGCTGAGAA-1,1,72,62,24715,13912
GCCTGTCCCGGTGCAT-1,1,73,63,24973,14056
GGCCTGCTCTGATGTT-1,1,72,64,24718,14206
TAGAGGGAGTTTATCT-1,1,73,65,24976,14350
CTCTACATCCTGCGTG-1,1,72,66,24721,14500
ACACATTTCCGTAGAC-1,1,73,67,24979,14644
TGGGTGTTAAGTAGAA-1,1,72,68,24724,14794
GAGCTCAACATGAGCG-1,1,73,69,24982,14938
GCACACAGCTATTACC-1,1,72,70,24727,15088
GCGACGGTAGTCTCCT-1,1,73,71,24985,15232
GTATCAAGGTACTTCC-1,1,72,72,24730,15381
GGAAAGGGAATTGAGC-1,1,73,73,24988,15526
TACACAGCCGTGGTGC-1,1,72,74,24733,15675
CGGTTGGGCAGGGTCC-1,1,73,75,24991,15820
GCACGCCGATTCCCGC-1,1,72,76,24736,15969
CGCTTTCCGCCAAGGT-1,1,73,77,24994,16114
TGCCCGATAGTTAGAA-1,1,72,78,24739,16263
TCAGAACGGCGGTAAT-1,1,73,79,24997,16407
CCACTCAGATCCGCAA-1,1,72,80,24742,16557
GAAGGGTCATTAAGAC-1,1,73,81,25000,16701
GCGGTCTTGCTTTCAC-1,1,72,82,24745,16851
GGAAGGACACCGTATA-1,1,73,83,25003,16995
CGCGGGAATTCCTTTC-1,1,72,84,24748,17145
TCTATCCGATTGCACA-1,1,73,85,25006,17289
TACTCGTTTGAATCAA-1,1,72,86,24751,17439
GTCTGCCGACTCGACG-1,1,73,87,25009,17583
TACGGGTAATAACATA-1,1,72,88,24755,17733
CCAGTTCGGTAACTCA-1,1,73,89,25012,17877
CGTGCACACCACTGTA-1,1,72,90,24758,18026
CTTCAGTTGGACAACG-1,1,73,91,25015,18171
TGATCTATCACACTCT-1,1,72,92,24761,18320
TAGCAGATACTTAGGG-1,1,73,93,25018,18465
CACCGGGCATCACAAG-1,1,72,94,24764,18614
AGTGGCCCGCAAATGG-1,1,73,95,25021,18759
CTCGCTAGGTAAGCGA-1,1,72,96,24767,18908
GATAGATAGTACAGTC-1,1,73,97,25024,19052
CGAGACTACTGCTGCT-1,1,72,98,24770,19202
ACATTTGAAACCTAAC-1,1,73,99,25027,19346
GACACAGCCGGGACTG-1,1,72,100,24773,19496
ACGGAACACGAGTGCC-1,1,73,101,25030,19640
ACGCCAGTGCGTTTGC-1,1,72,102,24776,19790
GCACCTAGGCGAGTCC-1,1,73,103,25033,19934
TCACTATCCCTTCGGT-1,1,72,104,24779,20084
TGAGTGTAACAACGGG-1,1,73,105,25036,20228
ATTGGTTGTGCATTAC-1,1,72,106,24782,20378
CTGGCGATTTACATGT-1,1,73,107,25039,20522
TCCACCAAGACATAGG-1,1,72,108,24785,20671
AACGTCGCTGCACTTC-1,1,73,109,25042,20816
GTCTCCCGAGTCCCGT-1,1,72,110,24788,20965
AGCCCGCACTACAATG-1,1,73,111,25045,21110
GGCACGCTGCTACAGT-1,1,72,112,24791,21259
GCTTGAGTGACCTCTG-1,1,73,113,25048,21404
ATAGCCATAACAGTCA-1,1,72,114,24794,21553
TAGGAGGCTCGAGAAC-1,1,73,115,25051,21697
GTCGGGTGAAGTACCG-1,1,72,116,24797,21847
CACCCGCGTTTGACAC-1,1,73,117,25054,21991
TCTCAGGCTACTCGCT-1,1,72,118,24800,22141
TAGATTCTCTAGCAAA-1,1,73,119,25057,22285
CCCATTATTGTATCCT-1,1,72,120,24803,22435
GTTAATAGCGTCATTA-1,1,73,121,25060,22579
TACTCATTGACGCATC-1,1,72,122,24806,22729
TAGTGACAAGCTCTAC-1,1,73,123,25063,22873
ATCGCCGTGGTTCATG-1,1,72,124,24809,23023
CTGCTCTCAACACACC-1,1,73,125,25066,23167
GCATGACACAAAGGAA-1,1,72,126,24812,23316
CAACGATCGATCCAAT-1,1,73,127,25069,23461
ATACAGCGTCCACTGA-1,0,74,0,25134,4796
TCACGATTAATACGTT-1,0,75,1,25391,4940
CGTGAACTGACCCGAT-1,0,74,2,25137,5090
TCGATGTTACGGCCGT-1,0,75,3,25394,5234
GACCGGTGATACTCTC-1,0,74,4,25140,5384
TCTGTTTAGATTGTTC-1,0,75,5,25397,5528
GCTACTCGGACGCAGA-1,0,74,6,25143,5678
AAGAAAGTTTGATGGG-1,0,75,7,25400,5822
CGCCAGTAGTACCTTG-1,0,74,8,25146,5972
CTCCCTTGTATCAAGG-1,0,75,9,25403,6116
ACTTTATACACCACTT-1,0,74,10,25149,6266
AGATCTGGAGAGGATA-1,0,75,11,25406,6410
TCATCCATCTGATCAC-1,0,74,12,25152,6559
AGAACACGGCGATGGT-1,0,75,13,25409,6704
CCGCTCCGGATAAGCT-1,0,74,14,25155,6853
TGGTCGGGTACAGGGC-1,0,75,15,25412,6998
ACGGACGCAGCGACAA-1,0,74,16,25158,7147
ACATGCTTACGGCAGC-1,0,75,17,25415,7292
CAGGGAGATAGGCCAG-1,0,74,18,25161,7441
TCGCCACCCGGATTAC-1,1,75,19,25418,7585
TCTTGGTCAATGATAC-1,0,74,20,25164,7735
CATAGGGACACTTGTG-1,1,75,21,25421,7879
CACGAGCAAACCAGAC-1,0,74,22,25167,8029
GGGATATTGATCGCCA-1,0,75,23,25424,8173
TAATGTCGGTTCATGG-1,0,74,24,25170,8323
CGATTTGTCATTAATG-1,0,75,25,25427,8467
TTAAGATACCCAGAGA-1,0,74,26,25173,8617
CGACCGTTGGTATTCG-1,0,75,27,25430,8761
ACTACCATCCGAGGGC-1,1,74,28,25176,8911
TCTACGCACGATCTCC-1,0,75,29,25433,9055
AAGCCACTTGCAGGTA-1,1,74,30,25179,9204
ACGTTGTCGTTGAAAG-1,0,75,31,25436,9349
ACCGCTAGTCATTGGT-1,1,74,32,25182,9498
CATGAGTCCATCACGG-1,0,75,33,25439,9643
ATGTCTTGTTTGACTC-1,1,74,34,25185,9792
TCCCAAACATCCTCTA-1,0,75,35,25442,9937
CAACGCGATGAGCCAA-1,1,74,36,25188,10086
GACACCCAAAGACGCG-1,1,75,37,25445,10231
ACGTTCACTATGCCGC-1,1,74,38,25191,10380
ATGGACTGCTTAGTTG-1,1,75,39,25448,10524
CCATGGCAAACGCTCA-1,1,74,40,25194,10674
TTGTCTCGGCAAGATG-1,1,75,41,25451,10818
TTCGAACGAAACATGC-1,1,74,42,25197,10968
GGAAAGTCTTGATTGT-1,1,75,43,25454,11112
ATCATAGATCGACGAG-1,1,74,44,25200,11262
GATTAGAAACAAGCGT-1,1,75,45,25457,11406
GCTGCGAAGAATTATT-1,1,74,46,25203,11556
TTCCAGTGGGTTTCGT-1,1,75,47,25460,11700
GCTCATTGATCATATC-1,1,74,48,25206,11850
ATACGAGGTTTGTAAG-1,1,75,49,25463,11994
GTCTATACACGCATGG-1,1,74,50,25209,12143
GATTTGCGCTAACACC-1,1,75,51,25466,12288
TGGTGCCCTGCCTTAC-1,1,74,52,25212,12437
TCGAATCGCAGGGTAG-1,1,75,53,25469,12582
GGTAGGCCAATATCAC-1,1,74,54,25215,12731
CGTAAATAACAAAGGG-1,1,75,55,25472,12876
GACTCTAGAGTTCCAA-1,1,74,56,25218,13025
ACTTGTTACCGGATCA-1,1,75,57,25475,13169
GGCATTGAACATCTCA-1,1,74,58,25221,13319
AACCCGCTGTATTCCA-1,1,75,59,25478,13463
TAACAGGTTCCCTTAG-1,1,74,60,25224,13613
GTTCTTGTAACTCAAT-1,1,75,61,25481,13757
GATTCTGTTAATGAGT-1,1,74,62,25227,13907
GGACACCTCGGTGTTG-1,1,75,63,25484,14051
CGATCGAGAAGCACCA-1,1,74,64,25230,14201
CTGCTCTGACGGCAAA-1,1,75,65,25487,14345
CCCAGGAAGAATTCGA-1,1,74,66,25233,14495
TGTCGTGGGTATAGGC-1,1,75,67,25490,14639
ATATGTCTAGAGCGTG-1,1,74,68,25236,14788
GCGGGCAGACGGGTGA-1,1,75,69,25493,14933
CGAAGATCAGTTTCAT-1,1,74,70,25239,15082
ACGCCACTCGAAACAG-1,1,75,71,25496,15227
CTTAGATGTTTCATCC-1,1,74,72,25242,15376
GCGAATGGACTAGCGA-1,1,75,73,25499,15521
TAAATTGTGGGTAAAG-1,1,74,74,25245,15670
ATTTATACTGGTAAAG-1,1,75,75,25502,15814
GCGTCGTAACATGGTC-1,1,74,76,25248,15964
CGGTATGGGCACTCTG-1,1,75,77,25505,16108
CTATCACAACGCTGGA-1,1,74,78,25251,16258
ACCACACGGTTGATGG-1,1,75,79,25508,16402
TCAGCGCACGCCGTTT-1,1,74,80,25254,16552
AATGTTAAGACCCTGA-1,1,75,81,25511,16696
CTTACATAGATTTCTT-1,1,74,82,25257,16846
AACATAGCGTGTATCG-1,1,75,83,25514,16990
AGCAGTCGAAGCATGC-1,1,74,84,25260,17140
GTACTACGGCCTCGTT-1,1,75,85,25517,17284
TTGGCCAAATTGTATC-1,1,74,86,25263,17433
TCAGAGGACGCGTTAG-1,1,75,87,25520,17578
AGTAATCTAAGGGTGG-1,1,74,88,25266,17727
AATTATACCCAGCAAG-1,1,75,89,25523,17872
CCCTACCCACACCCAG-1,1,74,90,25269,18021
CTCTGTCCATGCACCA-1,1,75,91,25526,18166
TCGCCTCCTTCGGCTC-1,1,74,92,25272,18315
CCTGATTCGCGAAGAA-1,1,75,93,25529,18459
GACTTCAACGCATCAA-1,1,74,94,25275,18609
GCTTCCCGTAAGCTCC-1,1,75,95,25532,18753
AGAACTGTACTTTGTA-1,1,74,96,25278,18903
CCTTAAGTACGCAATT-1,1,75,97,25535,19047
GGCCAATTGTATAGAC-1,1,74,98,25281,19197
AGAATACAGGCTATCC-1,1,75,99,25538,19341
AATACCTGATGTGAAC-1,1,74,100,25284,19491
TAGAGTGTTCCGGGTA-1,1,75,101,25541,19635
GCTTCCATGTAACCGC-1,1,74,102,25287,19785
GGTTCGCATTTGCCGT-1,1,75,103,25544,19929
TCAATCCGGGAAGTTT-1,1,74,104,25290,20078
CCGGAAGTGCAATATG-1,1,75,105,25547,20223
CTCATAAATGTGTATA-1,1,74,106,25293,20372
GACGGGCATCGAATTT-1,1,75,107,25550,20517
GCTAAGCCCAGTATGC-1,1,74,108,25296,20666
GCTATAAGGGCCAGGA-1,1,75,109,25553,20811
GCGGATTACTTGTTCT-1,1,74,110,25299,20960
TACAACAGCGCATACA-1,1,75,111,25556,21104
TCTAACCTAGCCTGCG-1,1,74,112,25302,21254
TCTACCCGCATCATTT-1,1,75,113,25559,21398
GTCTTACCACGCCAAG-1,1,74,114,25305,21548
AATAACGTCGCGCCCA-1,1,75,115,25562,21692
CGTTTCGGTTATATGC-1,1,74,116,25308,21842
TACGCTGCACGGTCGT-1,1,75,117,25565,21986
CGTTAAATACGACCAG-1,1,74,118,25311,22136
TCGACTGACGATGGCT-1,1,75,119,25568,22280
ACGCTACTGAATGGGC-1,1,74,120,25314,22430
AAGGGTTAGCCATGCG-1,1,75,121,25571,22574
ACGTTTCGGTGCACTT-1,1,74,122,25317,22723
TTAACCCGAGGCGTGT-1,1,75,123,25574,22868
GCCCGTCAAGCCCAAT-1,1,74,124,25320,23017
ATTCGTCCCGAGGTTA-1,1,75,125,25577,23162
TCAAATTATGTTCGAC-1,1,74,126,25323,23311
AACGTTCTACCATTGT-1,1,75,127,25580,23456
CTGTCCTGCGCACTAC-1,0,76,0,25645,4791
GCCCAGCGACACAAAG-1,0,77,1,25902,4935
TATAGCTATTATCTCT-1,0,76,2,25648,5085
AAGCTATGGATTGACC-1,0,77,3,25905,5229
CCGAAACACGACCTCT-1,0,76,4,25651,5379
ATCAGAAGCTGGTTGC-1,0,77,5,25908,5523
TGAACCTGAATGTGAG-1,0,76,6,25654,5673
TCAGAGCATGTCAACG-1,0,77,7,25911,5817
ATACCCTCCCGGCCAA-1,0,76,8,25657,5966
GCCACCTTATTCGCGA-1,0,77,9,25914,6111
CAACGAGCTTATTATG-1,0,76,10,25660,6260
GATCCAACCTTTAAAC-1,0,77,11,25917,6405
TTGTGGAGACAGCCGG-1,0,76,12,25663,6554
AGATAATCACACCTAT-1,0,77,13,25920,6699
GGTTAGGGATGCTAAT-1,0,76,14,25666,6848
TCATGAAGCGCTGCAT-1,0,77,15,25923,6992
CCAGGCGAGATGGTCT-1,0,76,16,25669,7142
CGACTTGCCGGGAAAT-1,0,77,17,25926,7286
GTGCCAAACGTTTCGA-1,0,76,18,25672,7436
TGCTCAAAGGATGCAC-1,0,77,19,25929,7580
GCCTCAGGTACCGGTC-1,1,76,20,25675,7730
ACAAGTAATTGTAAGG-1,1,77,21,25932,7874
TTAGAGTATTGTCGAG-1,0,76,22,25678,8024
GTCATCCCAAACTCAC-1,0,77,23,25935,8168
CTCCTAGTAATCGTGA-1,0,76,24,25681,8318
CCCTCATCACAGAGTA-1,0,77,25,25938,8462
GGAAACAGAGCTTGGG-1,0,76,26,25684,8611
ACATCGCAATATTCGG-1,0,77,27,25941,8756
TTAGCCATAGGGCTCG-1,0,76,28,25687,8905
CGGATTCTGCCTTATG-1,0,77,29,25944,9050
TTGTTGGCAATGACTG-1,0,76,30,25690,9199
GGATCTACCGTTCGTC-1,0,77,31,25947,9344
GGTGGGATTAGGTCCC-1,0,76,32,25693,9493
AATAGGCACGACCCTT-1,0,77,33,25950,9638
GAGGTCCGTTCGCTGT-1,0,76,34,25696,9787
TGACAACTTAAAGGTG-1,0,77,35,25953,9931
AGCTAAGCTCCGTCCG-1,0,76,36,25699,10081
CTAGCCCGGGAGACGA-1,0,77,37,25956,10225
CCCAGATTCCCGTGAC-1,0,76,38,25702,10375
GCCCGTTCACACAATT-1,0,77,39,25959,10519
ACAAACTCCATCAGAG-1,1,76,40,25705,10669
GGTTCCGTACGACTAA-1,0,77,41,25962,10813
TTGCGGAAAGCTGCCC-1,1,76,42,25708,10963
GGAACTCGTGAATACG-1,1,77,43,25965,11107
GGTTACCGCTCCCTAC-1,1,76,44,25711,11257
AGCGACTTTGAAGACA-1,1,77,45,25968,11401
CCGTTTCCTTTCCGTG-1,0,76,46,25714,11550
TGGATGGCATCTTGGA-1,0,77,47,25971,11695
CAAGTCGTTGAAATCT-1,0,76,48,25717,11844
TGCAAACGTACTAGTT-1,0,77,49,25974,11989
GGCTGTCCTACTGCGG-1,1,76,50,25720,12138
TACTGCATGATTAAAT-1,1,77,51,25977,12283
CGGACCTCTGTAGTTA-1,1,76,52,25723,12432
CCCTAGCTCTAAGGTC-1,1,77,53,25980,12576
GTAACAGGTTAACGGC-1,1,76,54,25726,12726
CCCGCAAATAATCATC-1,1,77,55,25983,12870
AATCCCGCTCAGAGCC-1,1,76,56,25729,13020
AACGTCATCCGGCTTG-1,1,77,57,25986,13164
CTCGTGGCACTGAAAG-1,1,76,58,25732,13314
CTTTATCCGACGCATG-1,1,77,59,25989,13458
AAATGACTGATCAAAC-1,1,76,60,25735,13608
TTCGTGCATGTTATAG-1,1,77,61,25992,13752
ATCAAAGAGCCGTGGT-1,1,76,62,25738,13902
ATGTCATAATAAACGA-1,1,77,63,25995,14046
CTTAATCGACTTAGTA-1,1,76,64,25741,14195
CTAAAGGATGAGATAC-1,1,77,65,25998,14340
GTGCTATCCAGCTGGA-1,1,76,66,25744,14489
GACAGAGGTCTTCAGT-1,1,77,67,26001,14634
TCGATTTACGAAACGA-1,1,76,68,25747,14783
AGGCTTAAGTTGCACA-1,1,77,69,26004,14928
TAGGATCTTAACCGCA-1,1,76,70,25750,15077
GACTTTCGAGCGGTTC-1,1,77,71,26007,15221
CCCTGGGAGGGATCCT-1,1,76,72,25753,15371
TAGTAGTTGCCGGACA-1,1,77,73,26010,15515
GCCCTAAGTGCAGGAT-1,1,76,74,25756,15665
ACTTGGGCTTTCGCCA-1,1,77,75,26013,15809
CATGATACGGTGAAAC-1,1,76,76,25759,15959
TCCTGCAGCCGCCAAT-1,1,77,77,26016,16103
GTCCGTTAGAGGGCCT-1,1,76,78,25762,16253
GCTTTATTAAGTTACC-1,1,77,79,26019,16397
AATCGAGGTCTCAAGG-1,1,76,80,25765,16547
GTGCTGTTAGAACATA-1,1,77,81,26022,16691
GGCTTCTCGTGGGTGG-1,1,76,82,25768,16840
CCTACAGTTGAGGGAG-1,1,77,83,26025,16985
TATCCCTCGATCTGCA-1,1,76,84,25771,17134
CCGGTATCTGGCGACT-1,1,77,85,26028,17279
CTCTAACACCGGCAGC-1,1,76,86,25774,17428
CTTCATCACCAGGGCT-1,1,77,87,26031,17573
GGCTGGCAATCCCACG-1,1,76,88,25777,17722
CAAACCATAAGCGTAT-1,1,77,89,26034,17866
CATGTGGGCTCATCAC-1,1,76,90,25780,18016
CCCGTGACAGTGCCTT-1,1,77,91,26037,18160
GATTATCTTGCATTAT-1,1,76,92,25783,18310
GAGTCCACCAGGTTTA-1,1,77,93,26040,18454
TGTACTATCGCTCGTT-1,1,76,94,25786,18604
TTAGCGAATAGATAGG-1,1,77,95,26043,18748
ACATACAATCAAGCGG-1,1,76,96,25789,18898
ATTCGTGTACCCATTC-1,1,77,97,26046,19042
GCTAGCAACGCACCTA-1,1,76,98,25792,19192
ACCTCAGCGAGGCGCA-1,1,77,99,26049,19336
TCCGGGCCACTAACGG-1,1,76,100,25795,19485
TCCCAATATCGACGAC-1,1,77,101,26052,19630
GGATTGAAGTAGCCTC-1,1,76,102,25798,19779
GGCGCACAGTTTACCT-1,1,77,103,26055,19924
CCCGGCACGTGTCAGG-1,1,76,104,25801,20073
AGTAAGGGACAGAATC-1,1,77,105,26058,20218
TTGCGCACAACCACGT-1,1,76,106,25804,20367
CCTGCTACAACCATAC-1,1,77,107,26061,20511
CTGGGCTACTGGAGAG-1,1,76,108,25807,20661
AGCTACGAATGGTGGT-1,1,77,109,26064,20805
ATTCGTTTATCGTATT-1,1,76,110,25810,20955
GGCATTCCCTCCCTCG-1,1,77,111,26067,21099
AGTTATTCAGACTGTG-1,1,76,112,25813,21249
CCACTTTCCTTCTAGG-1,1,77,113,26070,21393
CGCAGTTCTATCTTTC-1,1,76,114,25816,21543
AGGAGCGTTTATTATC-1,1,77,115,26073,21687
GACAGGTAATCCGTGT-1,1,76,116,25819,21837
TTCCCAAAGTACTGAT-1,1,77,117,26076,21981
CTGCAGGGTGACGCTC-1,1,76,118,25822,22130
TCATGGAGGCCTTTGT-1,1,77,119,26079,22275
ATGGCCCGAAAGGTTA-1,1,76,120,25825,22424
CGTAATATGGCCCTTG-1,1,77,121,26082,22569
AGAGTCTTAATGAAAG-1,1,76,122,25828,22718
GAACGTTTGTATCCAC-1,1,77,123,26085,22863
ATTGAATTCCCTGTAG-1,1,76,124,25831,23012
TACCTCACCAATTGTA-1,1,77,125,26088,23156
AGTCGAATTAGCGTAA-1,1,76,126,25834,23306
TTGAAGTGCATCTACA-1,1,77,127,26091,23450
