ACGCCTGACACGCGCT-1,0,0,0,5435,4347
TACCGATCCAACACTT-1,0,1,1,5677,4499
ATTAAAGCGGACGAGC-1,0,0,2,5424,4632
GATAAGGGACGATTAG-1,0,1,3,5666,4784
GTGCAAATCACCAATA-1,1,0,4,5413,4917
TGTTGGCTGGCGGAAG-1,1,1,5,5655,5069
GCATCCTCTCCTATTA-1,1,0,6,5402,5202
GCGAGGGACTGCTAGA-1,1,1,7,5644,5355
TGGTACCGGCACAGCC-1,1,0,8,5391,5488
GCGCGTTTAAATCGTA-1,1,1,9,5633,5640
TGCCTTGCCCTTACGG-1,1,0,10,5380,5773
GACGACTTTCCAAGAA-1,1,1,11,5623,5925
CCAGTGAGCTCCTTGT-1,1,0,12,5369,6058
ATACCCTGGCTCAAAT-1,1,1,13,5612,6210
GGGTTTCCGGCTTCCA-1,1,0,14,5358,6343
TAACCGTCCAGTTCAT-1,1,1,15,5601,6495
AAACAACGAATAGTTC-1,1,0,16,5347,6628
CAAGGGAGTGTATTTG-1,1,1,17,5590,6780
CCAAGCTTGATCTCCT-1,1,0,18,5336,6913
TTATTTCATCCCAAAC-1,1,1,19,5579,7066
GAGCGCTATGTCAGGC-1,1,0,20,5325,7199
TATGGCAGACTTTCGA-1,1,1,21,5568,7351
CTTCGTGCCCGCATCG-1,1,0,22,5314,7484
AAACGGGTTGGTATCC-1,1,1,23,5557,7636
TGCAAACCCACATCAA-1,1,0,24,5303,7769
GACGGGATGTCTTATG-1,1,1,25,5546,7921
GGCGAGCATCGAGGAC-1,1,0,26,5293,8054
CGCGTGCTATCAACGA-1,1,1,27,5535,8206
TGAAACCTCAACTCAC-1,1,0,28,5282,8339
CACATAAGGCGACCGT-1,1,1,29,5524,8491
TGACCCAACTCACATT-1,1,0,30,5271,8624
ATACGCCGATCTACCG-1,1,1,31,5513,8777
ACTTATCTGATCTATA-1,1,0,32,5260,8910
GTGTGAGCCGAGGTGC-1,1,1,33,5502,9062
GATGATTTGAAACTGG-1,1,0,34,5249,9195
GGGAACCACCTGTTTC-1,1,1,35,5491,9347
GTTCGTTGCGGACCAG-1,1,0,36,5238,9480
TGAGGTTGATCCCAAG-1,1,1,37,5481,9632
GATGCCACACTACAGC-1,1,0,38,5227,9765
AGGCAAAGAGGAATCA-1,1,1,39,5470,9917
AAGTAAGCTTCCAAAC-1,1,0,40,5216,10050
AACGTAGTCTACCCAT-1,1,1,41,5459,10202
GTTTGAGCGGTTATGT-1,1,0,42,5205,10335
GAAGCAAGGCAATGTT-1,1,1,43,5448,10488
TCACTCAGCGCATTAG-1,1,0,44,5194,10621
TACAATGAAACCAGCA-1,1,1,45,5437,10773
GTGCGCTTACAAATGA-1,1,0,46,5183,10906
GCACTCCCACAGTCCC-1,1,1,47,5426,11058
CGAAGACTGCCCGGGA-1,1,0,48,5172,11191
CAGGATCCGCCCGACC-1,1,1,49,5415,11343
CACGATTGGTCGTTAA-1,1,0,50,5161,11476
GGTTGTATCGTGAAAT-1,1,1,51,5404,11628
TCTTATGGGTAGTACC-1,1,0,52,5150,11761
TACAAGCTGTTCACTG-1,1,1,53,5393,11913
GTATCTTGTTGCTCAC-1,1,0,54,5140,12046
ATACCAGGTGAGCGAT-1,1,1,55,5382,12199
CCTAAACAGGGTCCGT-1,1,0,56,5129,12332
ATGGTGCTCAAAGCCA-1,1,1,57,5371,12484
CAAATGCGGAGTGTTC-1,1,0,58,5118,12617
CGTGCCCGACATTTGT-1,1,1,59,5360,12769
GTATCTCCCTAACTGT-1,1,0,60,5107,12902
ATTTGCCTAGTTACGA-1,1,1,61,5349,13054
ACGTCCTAAACGAGAT-1,1,0,62,5096,13187
CTGGGATCGCCCAGAT-1,1,1,63,5338,13339
CTGCAAATGGGCTCCA-1,1,0,64,5085,13472
CATTATAACAGGGTCC-1,1,1,65,5328,13624
ACCTTTCCTTTAGAAG-1,1,0,66,5074,13757
ATAGATTTGCAGTCGG-1,1,1,67,5317,13910
CTCGGGCATCGTCGGG-1,1,0,68,5063,14043
GTGGCGGGCCGTAGCT-1,1,1,69,5306,14195
CAACAGTGCCAAACGG-1,1,0,70,5052,14328
TGCGGGTATTGGGATC-1,1,1,71,5295,14480
GTCTCGCCAACACGCC-1,1,0,72,5041,14613
CTGGGCGGCCAAATGT-1,1,1,73,5284,14765
TAAAGGAGAAACTAGT-1,1,0,74,5030,14898
TCCCACGGAGGGAGCT-1,1,1,75,5273,15050
AGCTTCAATACTTTGA-1,1,0,76,5019,15183
TTCCACATTTCTCGTC-1,1,1,77,5262,15335
ACAAACCGACAAGGCG-1,1,0,78,5008,15468
AGACGGGATTGGTATA-1,1,1,79,5251,15621
AACCTAAAGCCGTCCG-1,1,0,80,4997,15754
TACAAATTGCGGAGGT-1,1,1,81,5240,15906
CCCGCTAGAGGGTTAA-1,1,0,82,4987,16039
CATTGCAAAGCATAAT-1,1,1,83,5229,16191
TGTACGCTATCAGCTT-1,1,0,84,4976,16324
TTCTTCGCAATAGAGC-1,1,1,85,5218,16476
TGTGATTCCAGCGCTT-1,1,0,86,4965,16609
ATTCAGGATCGCCTCT-1,1,1,87,5207,16761
GCCCATGGGTGCAATG-1,1,0,88,4954,16894
TTCCCGACGCTTCACT-1,1,1,89,5196,17046
AGCGGTTGAGATGTAC-1,1,0,90,4943,17179
GCTGTCTGTGATCGAC-1,1,1,91,5185,17332
AAAGACATGAAGTTTA-1,1,0,92,4932,17465
CAACAGAATAACGCTA-1,1,1,93,5175,17617
TGCGGTCTACGAGTAA-1,1,0,94,4921,17750
AAGACTCACGCCCACT-1,1,1,95,5164,17902
CTTTGAAACATATTCC-1,1,0,96,4910,18035
CTGGGCACTAGTCGGA-1,1,1,97,5153,18187
CGCCCTTACATCCACC-1,1,0,98,4899,18320
CACGACCACAGACTTT-1,1,1,99,5142,18472
CAATCCATTATCCGTT-1,1,0,100,4888,18605
GTGGCGTGCACCAGAG-1,1,1,101,5131,18757
CGGAGTCCTAACCTGG-1,1,0,102,4877,18890
GGTCCCATAACATAGA-1,1,1,103,5120,19043
ATCTCATAAACCTACC-1,1,0,104,4866,19176
TGCATGGCAGTCTTGC-1,1,1,105,5109,19328
TTGCAGGTCATGAAGT-1,1,0,106,4855,19461
AGCTGCATTTGAGGTG-1,1,1,107,5098,19613
TAATCAGGAATGCTGC-1,1,0,108,4845,19746
CCATCATAAGAACAGG-1,1,1,109,5087,19898
TCGTATCACCAAGCTA-1,1,0,110,4834,20031
ATTCAGATGAATCCCT-1,1,1,111,5076,20183
AAAGGTCAACGACATG-1,1,0,112,4823,20316
AGCTGCTGTGCCGAAT-1,1,1,113,5065,20468
CTAGCGCCAATCCTAC-1,1,0,114,4812,20601
GCTCGACCGAACTGAA-1,1,1,115,5054,20753
ACAGTGCAGCGCATTT-1,1,0,116,4801,20887
CGGCTGAAGGTTACGC-1,1,1,117,5043,21039
CACCTCTACGAGTGTG-1,1,0,118,4790,21172
ATACGACAGATGGGTA-1,1,1,119,5033,21324
ACTTCCTGTCGTGCGA-1,1,0,120,4779,21457
CGTAACGGAACGATCA-1,1,1,121,5022,21609
AAATCACTCCTAAACG-1,1,0,122,4768,21742
CTCCGAGTAAATCCGC-1,1,1,123,5011,21894
ACGCTAGTATCAGTGC-1,1,0,124,4757,22027
AGAGTGAACAGACACC-1,1,1,125,5000,22179
ACACCCGTAAATCTGT-1,1,0,126,4746,22312
GCTTTGCTGCCGGGTA-1,1,1,127,4989,22464
ACAGGAGGCGCAGCCG-1,0,2,0,5931,4366
AGGCAATACGGAGGAC-1,0,3,1,6173,4518
TGGTGTGACAGACGAT-1,0,2,2,5920,4651
ATCTATCGATGATCAA-1,0,3,3,6162,4803
CGGTAACAAGATACAT-1,0,2,4,5909,4936
TCGCCGGAGAGTCTTA-1,1,3,5,6152,5088
GGAGGAGTGTGTTTAT-1,1,2,6,5898,5221
TTAGGTGTGACTGGTC-1,1,3,7,6141,5374
CAGGGCTAACGAAACC-1,1,2,8,5887,5507
CCCGTGGGTTAATTGA-1,1,3,9,6130,5659
GACCGACCGCTAATAT-1,1,2,10,5876,5792
GGTATCAAGCATAGAA-1,1,3,11,6119,5944
TGCATGAGTAGATTCG-1,1,2,12,5865,6077
AATTCCAACTTGGTGA-1,1,3,13,6108,6229
TGCCGATGTCATCAAT-1,1,2,14,5854,6362
GCTGGGTCCGCTGTTA-1,1,3,15,6097,6514
TGAACACCCGAAGCAG-1,1,2,16,5843,6647
AACATTGGTCAGCCGT-1,1,3,17,6086,6799
GTGGGTCTTCTTTGCG-1,1,2,18,5832,6932
CATCGAATGGATCTCT-1,1,3,19,6075,7085
GCTACACTGTCCGAAC-1,1,2,20,5821,7218
CGGGTTGTAGCTTTGG-1,1,3,21,6064,7370
CCTAAGTGTCTAACCG-1,1,2,22,5811,7503
TCTGTGACTGACCGTT-1,1,3,23,6053,7655
TTATCATACTCGCAAA-1,1,2,24,5800,7788
AGCGTAGCGCTAGACC-1,1,3,25,6042,7940
TCCCTCCGAAATCGTT-1,1,2,26,5789,8073
AGGTCGCCACTTCGGT-1,1,3,27,6031,8225
CTAGCAACTAATTTAC-1,1,2,28,5778,8358
TTGCTAGCTACCAATC-1,1,3,29,6020,8510
GCCGGTTTGGGCGGAT-1,1,2,30,5767,8643
TGTAACTTGTCAACCT-1,1,3,31,6009,8796
CGAGATGTTGCCTATA-1,1,2,32,5756,8929
GTTACGAAATCCACGC-1,1,3,33,5999,9081
CTTGTCGTACGTGTCA-1,1,2,34,5745,9214
GCGTCCAGCTCGTGGC-1,1,3,35,5988,9366
CCCTTCTCGTACGCGA-1,1,2,36,5734,9499
CCAAAGTCCCGCTAAC-1,1,3,37,5977,9651
CCGCTTCGCGGTTAAC-1,1,2,38,5723,9784
GTTACGGCCCGACTGC-1,1,3,39,5966,9936
CCCGCTTGCCCTCGTC-1,1,2,40,5712,10069
TAGTGAGAAGTGGTTG-1,1,3,41,5955,10221
CGCTACCGCCCTATGA-1,1,2,42,5701,10354
AAACAATCTACTAGCA-1,1,3,43,5944,10507
GCGCGATGGGTCAAGT-1,1,2,44,5690,10640
ATAAACCATTGGACGG-1,1,3,45,5933,10792
TCGGGCACTTCTGGAT-1,1,2,46,5679,10925
TCTGTGGCTACATTTC-1,1,3,47,5922,11077
CTCTGTGCCTGCTATG-1,1,2,48,5669,11210
CACGACTAAAGTTCTG-1,1,3,49,5911,11362
GAGGAGTAATTCCTAC-1,1,2,50,5658,11495
AGAGGTATCTCGGTCC-1,1,3,51,5900,11647
GGCGTACCCTATATAA-1,1,2,52,5647,11780
GCCGGAAACACATCTT-1,1,3,53,5889,11932
AAATGTGGGTGCTCCT-1,1,2,54,5636,12065
ACCAGGAGTGTGATCT-1,1,3,55,5878,12218
TGTGGAGGAAGCTTAA-1,1,2,56,5625,12351
AAGGAGAACTTATAAG-1,1,3,57,5867,12503
CCCTCGGGAGCCTTGT-1,1,2,58,5614,12636
ACTGTTTAGTGTAGGC-1,1,3,59,5857,12788
CGTCAGTTTATCGTCT-1,1,2,60,5603,12921
GCGTGTATGTCGTATT-1,1,3,61,5846,13073
ACAATCGATCTTTATA-1,1,2,62,5592,13206
CAGCCCTCACAGGCAG-1,1,3,63,5835,13358
CGCGTCATATTAAACC-1,1,2,64,5581,13491
GAAGACTTCAATGCCG-1,1,3,65,5824,13643
TTGCGGCGACTCATGC-1,1,2,66,5570,13776
ACCAAACTAGAAATCC-1,1,3,67,5813,13929
TTACTGTTTCTCTACG-1,1,2,68,5559,14062
GACCAGGTCATTCATA-1,1,3,69,5802,14214
TTCTTCCCTTTGATAT-1,1,2,70,5548,14347
ACGCCCAGCTGTCGAT-1,1,3,71,5791,14499
AGTAGCGTGAACGAAC-1,1,2,72,5537,14632
CCTCGACCCACTGCCT-1,1,3,73,5780,14784
AGTTATTGAAAGGTAA-1,1,2,74,5526,14917
TCAGTTACGGAATGAT-1,1,3,75,5769,15069
GAATCTATACTCGGAC-1,1,2,76,5516,15202
TCGGCTAACTTCCCTT-1,1,3,77,5758,15354
ACGTGGTCGAATGTGC-1,1,2,78,5505,15487
ATATCGTGCCAGACCC-1,1,3,79,5747,15640
GTAGCTAGTAAGCGCG-1,1,2,80,5494,15773
ACGCTTAGTGTCTCTC-1,1,3,81,5736,15925
TCCGGCCTGCATCGAT-1,1,2,82,5483,16058
TAGTGGAACTCATACA-1,1,3,83,5725,16210
ATCATCTGCCCAGTGT-1,1,2,84,5472,16343
GTTATTAAATACGACC-1,1,3,85,5714,16495
GCGCTAAGTATGCATG-1,1,2,86,5461,16628
CCTGACGCAACCTTTA-1,1,3,87,5704,16780
CCCAAGAATGCACGGT-1,1,2,88,5450,16913
AACTGGGTTCGAGCCG-1,1,3,89,5693,17065
GGTTCCACCCGCTTCT-1,1,2,90,5439,17198
CATGCACGTGTTACTG-1,1,3,91,5682,17351
AGCGTTCCGATTTAAA-1,1,2,92,5428,17484
CCTACGCGACCTTACA-1,1,3,93,5671,17636
CGAATTACATGGTGTT-1,1,2,94,5417,17769
GAGGTCTTAGTGGGTC-1,1,3,95,5660,17921
GCCGCTAGATACGCAG-1,1,2,96,5406,18054
GTCACCTGTCTATGTC-1,1,3,97,5649,18206
CCGATTGGTCAATGAA-1,1,2,98,5395,18339
CCTGTGCGGATTGTAA-1,1,3,99,5638,18491
TTACGTAGCGCGTGCT-1,1,2,100,5384,18624
GGAGGCGAAGAACCGC-1,1,3,101,5627,18776
GGGTCACGTGCTTATG-1,1,2,102,5373,18909
GCTCCGGACGTTGATA-1,1,3,103,5616,19062
ATGTTTGTAAGATCAT-1,1,2,104,5363,19195
TGACCCAGCATTCCCG-1,1,3,105,5605,19347
TGGTCGTTTGATAGAT-1,1,2,106,5352,19480
TGTAATGCCTTCGGAC-1,1,3,107,5594,19632
TGCTCACACAACAACC-1,1,2,108,5341,19765
TACGATCCAAGCCACT-1,1,3,109,5583,19917
TTGTAACTTCATAGCG-1,1,2,110,5330,20050
AGATTCAAGCGGGTCG-1,1,3,111,5572,20202
CTCAGCAGACTGCCGA-1,1,2,112,5319,20335
GTAACATCAGCTCATC-1,1,3,113,5561,20487
ATGGAACAGAATAAAC-1,1,2,114,5308,20620
GGGCCTATACAACCGG-1,1,3,115,5551,20773
TCAAACAATTAGGACA-1,1,2,116,5297,20906
AAACCACTACACAGAT-1,1,3,117,5540,21058
AAACGACAGTCTTGCC-1,1,2,118,5286,21191
TTGAGGGTCGAACGCG-1,1,3,119,5529,21343
TGTTGATCACTGTTTA-1,1,2,120,5275,21476
AGGGTGTGCTACACGC-1,1,3,121,5518,21628
GTAGTTAGACAATATA-1,1,2,122,5264,21761
AATGGCCGCCAATGCG-1,1,3,123,5507,21913
TCGGCGGTATTAGATT-1,1,2,124,5253,22046
GGGTCACTGAGTAGTG-1,1,3,125,5496,22198
GAATTATGCAACCTAC-1,1,2,126,5242,22331
GATCTTAGTGAACGTG-1,1,3,127,5485,22484
CTAATGCGCCCAACAA-1,0,4,0,6427,4385
GCCACCCATTCCACTT-1,0,5,1,6670,4537
TACTCACAACGTAGTA-1,0,4,2,6416,4670
GTTCGGTGTGGATTTA-1,0,5,3,6659,4822
TCTTTCGGCGGGACAC-1,0,4,4,6405,4955
GGAGACATTCACGGGC-1,0,5,5,6648,5107
GGGATTATCTCACAAC-1,1,4,6,6394,5241
TAGAACGCCAGTAACG-1,1,5,7,6637,5393
ACGAGTCGCCGGCGTT-1,1,4,8,6383,5526
TGATGGGACTAAGTCA-1,1,5,9,6626,5678
TGCGAGAAACGTTACG-1,1,4,10,6372,5811
TCGCCTCGACCTGTTG-1,1,5,11,6615,5963
AACTCGATAAACACGT-1,1,4,12,6361,6096
AGGAAAGCCTCTGATG-1,0,5,13,6604,6248
GAAGGACTAAATTGAA-1,1,4,14,6350,6381
GTATCGGGACGAGCTG-1,0,5,15,6593,6533
CCTGTGCATAGGAGAC-1,1,4,16,6340,6666
CATACGGGTGCATGAT-1,0,5,17,6582,6818
CCACTAAACTGAATCG-1,1,4,18,6329,6951
AAATTGCGGCGGTTCT-1,1,5,19,6571,7104
AGTCCAGCGGGTACGT-1,1,4,20,6318,7237
CATTCAGGTCAGTGCG-1,1,5,21,6560,7389
CTAAAGTCCGAAGCTA-1,1,4,22,6307,7522
AATCAGACTGCAGGAC-1,1,5,23,6549,7674
AGTATCCATAATAACG-1,1,4,24,6296,7807
CTGGCTGCTAACGTAA-1,1,5,25,6538,7959
GTTCCAAGACAGCGAC-1,1,4,26,6285,8092
AAGACTAACCCGTTGT-1,1,5,27,6528,8244
GATTAATCCTGGCTCA-1,1,4,28,6274,8377
CGCGCAAGGAACTACA-1,1,5,29,6517,8529
CAGTAGCGAGGTAGTA-1,1,4,30,6263,8662
ACGGCGGGTTGCCCTG-1,1,5,31,6506,8815
CTAGGCGGCAGAGAAT-1,1,4,32,6252,8948
GTGCGCAGCTTGCTCC-1,1,5,33,6495,9100
TCACTATCGTGCAATC-1,1,4,34,6241,9233
TATGATTCTGCTTGGT-1,1,5,35,6484,9385
TAAGATTTAGCGGGAG-1,1,4,36,6230,9518
TTACGGTGTCACCGAG-1,1,5,37,6473,9670
CTACACTAGCTTGTTC-1,1,4,38,6219,9803
TGAGCAGTCGTGAAGT-1,1,5,39,6462,9955
CGCTGAGGACGTCCAA-1,1,4,40,6208,10088
GTGTATGACTTTAAAG-1,1,5,41,6451,10240
CTAAACGGGTGTAATC-1,1,4,42,6197,10373
TGTACTGTGCCAAAGT-1,1,5,43,6440,10526
GGCCACAAGCGATGGC-1,1,4,44,6187,10659
GTCAATTGTACTGAAG-1,1,5,45,6429,10811
AGGGACAGCACGGCGG-1,1,4,46,6176,10944
AGCTTATAGAGACCTG-1,1,5,47,6418,11096
AACTAGCGTATCGCAC-1,1,4,48,6165,11229
AACTTTAGCTGCTGAG-1,1,5,49,6407,11381
CCCAAGACAGAGTATG-1,1,4,50,6154,11514
GGCATCAACGAGCACG-1,1,5,51,6396,11666
ATGCATTCCGTGATGG-1,1,4,52,6143,11799
TTATAGATGCACATTA-1,1,5,53,6385,11951
GAACCATCTGGGAGAC-1,1,4,54,6132,12084
TGCTATACAAACGGAC-1,1,5,55,6375,12237
ACTTGCCATATTGTAC-1,1,4,56,6121,12370
TATTCCGGCAGTCCTA-1,1,5,57,6364,12522
GACGGACCGCGTTCCT-1,1,4,58,6110,12655
ATGTGTAGTTTAGTCA-1,1,5,59,6353,12807
ATACCAGCAAATTGCT-1,1,4,60,6099,12940
AAGTTTACTAATGGCA-1,1,5,61,6342,13092
CTCTCGATGTGCGCCT-1,1,4,62,6088,13225
GATTGACACTCTGCTC-1,1,5,63,6331,13377
TATCACAGCACGGGCA-1,1,4,64,6077,13510
ACCGTTCCCGCTCTGA-1,1,5,65,6320,13662
CCGCCACCACAATCCA-1,1,4,66,6066,13795
CATTCACTGACAGCTA-1,1,5,67,6309,13948
CGGCTGCAAGATTAAG-1,1,4,68,6055,14081
CATGAACCTCTTATCA-1,1,5,69,6298,14233
TTAATGCGAGGTAACT-1,1,4,70,6045,14366
AATAAGTCCTCGAGAC-1,1,5,71,6287,14518
ACCAGCCCGGTCTTTG-1,1,4,72,6034,14651
CTACGAACTAGGTCGA-1,1,5,73,6276,14803
ACATCTCAACGCGTAA-1,1,4,74,6023,14936
CACTACTCAGTTCTGT-1,1,5,75,6265,15088
CCGACTCGCATAGTCT-1,1,4,76,6012,15221
CATTTATCGTTCAAGA-1,1,5,77,6254,15373
CAAACGTGGTCTTGCG-1,1,4,78,6001,15506
TAGAAACCACTAAGTA-1,1,5,79,6243,15659
ACTGATTTAGTGATTC-1,1,4,80,5990,15792
TCGTATTTCGTCCGGA-1,1,5,81,6233,15944
CGGAAATTTCACATCC-1,1,4,82,5979,16077
ATCCACGCTAAATGTT-1,1,5,83,6222,16229
GTTCAATCTATGTCAA-1,1,4,84,5968,16362
ATAAAGGTCAAGTACG-1,1,5,85,6211,16514
CAACTCCAACGTTTAG-1,1,4,86,5957,16647
TAGGAACAGCCTCCAG-1,1,5,87,6200,16799
ATGGGAACGGAAGCGG-1,1,4,88,5946,16932
CACACGTTTCAATGGG-1,1,5,89,6189,17084
GGTGTTCTGTTTCTAC-1,1,4,90,5935,17217
AGTAACGTTCATCCTG-1,1,5,91,6178,17370
GTATAGTGGCCCATGT-1,1,4,92,5924,17503
TCTACACGTTCATGCA-1,1,5,93,6167,17655
AATCTGGGTAGACCCT-1,1,4,94,5913,17788
TCGGTTAGCCATGTAG-1,1,5,95,6156,17940
TGCCATGGCTTATAAG-1,1,4,96,5902,18073
TAAGTAAATGTGCCGC-1,1,5,97,6145,18225
GTGTCCGATAAGGCAT-1,1,4,98,5892,18358
TGGCACGAGCTCGAGT-1,1,5,99,6134,18510
ACCGGTCTGAGTACGG-1,1,4,100,5881,18643
GAACTTAGCGCCCGGT-1,1,5,101,6123,18795
AGTAGCTAGACGCCGA-1,1,4,102,5870,18928
ATAGGAATCTAAGCTT-1,1,5,103,6112,19081
CTTCCTGCATATTTAC-1,1,4,104,5859,19214
CAATATGTAGATTTAC-1,1,5,105,6101,19366
ACAAGGCCTACCAGCC-1,1,4,106,5848,19499
TTATAGTCCAAGGTGC-1,1,5,107,6090,19651
AAACGCCCGAGATCGG-1,1,4,108,5837,19784
CCTCGTTACGCCTGTT-1,1,5,109,6080,19936
GAACGGTGTAAAGCAG-1,1,4,110,5826,20069
ACGCATAAATGACATG-1,1,5,111,6069,20221
GGTTCGATGCTGAGTT-1,1,4,112,5815,20354
CTTTGGCAGACAGAGT-1,1,5,113,6058,20506
TTCGTGGGCTGGAAGC-1,1,4,114,5804,20639
CAAAGGTTAAATTCAG-1,1,5,115,6047,20792
GTTTGGCGTCAGGCAC-1,1,4,116,5793,20925
GCTTTCTATCTCAACT-1,1,5,117,6036,21077
TGCATCTCCGGATCTT-1,1,4,118,5782,21210
CTGAAACGGCCCTCAG-1,1,5,119,6025,21362
TAGCAGTAAATACGCG-1,1,4,120,5771,21495
CGGGCTACTTAAATTG-1,1,5,121,6014,21647
ATTATGCTCAGTATTG-1,1,4,122,5760,21780
TGATGCTCACGTAGTC-1,1,5,123,6003,21932
GTCTAAGATGCCCAGC-1,1,4,124,5749,22065
AACCCGATAGGGCTTC-1,1,5,125,5992,22217
CGCTATCGTGGCTTTA-1,1,4,126,5739,22350
CGTCTCTCGCCGAGGC-1,1,5,127,5981,22503
AGTGGGAGTATACACG-1,0,6,0,6923,4404
GGTCTTGGTGTTAACT-1,0,7,1,7166,4556
GGCTGGCAGCTTTATG-1,0,6,2,6912,4689
CGCCAATTATTGCGTT-1,0,7,3,7155,4841
GGTAACCGGCAAAGGT-1,0,6,4,6901,4974
TGGGACCATTGGGAGT-1,1,7,5,7144,5126
CTGCAGGTGCTCGGCC-1,1,6,6,6890,5260
CCGGTGCGAGTGATAG-1,1,7,7,7133,5412
GGGTACACTCTGGAGG-1,1,6,8,6879,5545
TAGCCAGAGGGTCCGG-1,1,7,9,7122,5697
CTTGTGAGGACAGCGG-1,1,6,10,6868,5830
GAAGGGCATAACCATG-1,1,7,11,7111,5982
CAACATGGCCTGATAA-1,1,6,12,6858,6115
CAATTTGACCGGGAAG-1,1,7,13,7100,6267
TCTGACTGTAATGGTT-1,1,6,14,6847,6400
TTCATAGCCTTGTAAC-1,1,7,15,7089,6552
TGGAAACGGAGTGAAC-1,0,6,16,6836,6685
ATCGCACGATTGTTCA-1,1,7,17,7078,6837
CGCCACCCGCATTAAC-1,0,6,18,6825,6971
TGGACCACGGCGTTGA-1,1,7,19,7067,7123
GTATATGTTACGGCGG-1,0,6,20,6814,7256
GTATTCTTACCGTGCT-1,1,7,21,7056,7408
TTCAGAGTAACCTGAC-1,1,6,22,6803,7541
GCGGTAACCCAAATGA-1,1,7,23,7046,7693
CTACGTGTTGCCACCA-1,1,6,24,6792,7826
CTAGATAAACTCCTCG-1,1,7,25,7035,7978
TCCATTAGTTGGATAG-1,1,6,26,6781,8111
CTGGCTCCTGCGGGAT-1,1,7,27,7024,8263
CAGTCTCTCGGCTAAT-1,1,6,28,6770,8396
GTATGACGTGGGAAAC-1,1,7,29,7013,8548
AGTCACTCCGCCTCAT-1,1,6,30,6759,8682
GCAGCGGTGGGCATTA-1,1,7,31,7002,8834
TATGGAGTTTCTCGTT-1,1,6,32,6748,8967
ACTCAACGAATGTATT-1,1,7,33,6991,9119
AACACGCGGCCGCGAA-1,1,6,34,6737,9252
CGATATTAGCCGCAGG-1,1,7,35,6980,9404
AGCGTCTGAACCCGCA-1,1,6,36,6726,9537
GATGTCCGGATCACAT-1,1,7,37,6969,9689
GGTCACGTTAGATTCA-1,1,6,38,6716,9822
TTAAGGATACGGAGGT-1,1,7,39,6958,9974
GTGCGGGACCATCGGC-1,1,6,40,6705,10107
CCATCTTGTTCACAAT-1,1,7,41,6947,10259
TCCGAGAAGGCTAAGC-1,1,6,42,6694,10392
TGGCGGTGTGCGATTG-1,1,7,43,6936,10545
ATCCTGCTGCAGATAG-1,1,6,44,6683,10678
TTATGCGTCCCGGTCC-1,1,7,45,6925,10830
CATAATGAGCGGGCGA-1,1,6,46,6672,10963
AGACATAGATCCTTCC-1,1,7,47,6914,11115
GGTGAAACCGGGAATG-1,1,6,48,6661,11248
AACTGGTGTGGGCCTT-1,1,7,49,6904,11400
GTAGCGCTGTTGTAGT-1,1,6,50,6650,11533
TTGTTTGTGTAAATTC-1,1,7,51,6893,11685
GGATCAAAGGACGAGG-1,1,6,52,6639,11818
CGTAGCGCCGACGTTG-1,1,7,53,6882,11970
CAAGTGAACTTTGGTT-1,1,6,54,6628,12103
GTAGACAACCGATGAA-1,1,7,55,6871,12256
CAATGGTCGGCCTGGG-1,1,6,56,6617,12389
ACAGATTAGGTTAGTG-1,1,7,57,6860,12541
GTTATCACCTTCTGAA-1,1,6,58,6606,12674
TGGTATCGGTCTGTAT-1,1,7,59,6849,12826
GGAATAACCTCAAGAA-1,1,6,60,6595,12959
ATTATCTCGACAGATC-1,1,7,61,6838,13111
CCGAGGGATGTTAGGC-1,1,6,62,6584,13244
TGAGATCAAATACTCA-1,1,7,63,6827,13396
AAACGAAGAACATACC-1,1,6,64,6573,13529
CTGGTCCTAACTTGGC-1,1,7,65,6816,13681
TGCACGAGTCGGCAGC-1,1,6,66,6563,13814
ATAGTCTTTGACGTGC-1,1,7,67,6805,13967
TGGAGCTAAAGTTCCC-1,1,6,68,6552,14100
GGGTGGTCCAGCCTGT-1,1,7,69,6794,14252
CATGCATGGAGACCCT-1,1,6,70,6541,14385
ACACGGCACTATGCAT-1,1,7,71,6783,14537
CCCTGGTATGGGCGGC-1,1,6,72,6530,14670
GGAGGATTGAAAGGAG-1,1,7,73,6772,14822
CCGCTGGTGCCATTCA-1,1,6,74,6519,14955
GTTAGAGTGTGCCGCT-1,1,7,75,6761,15107
TCGGAATGACCATCAA-1,1,6,76,6508,15240
TTCAATTAGCCATAAT-1,1,7,77,6751,15392
GATGTGTTGTCACAAG-1,1,6,78,6497,15525
TCTTTCTCTTAAGGAG-1,1,7,79,6740,15678
ACCCTTTAGTTCTCCA-1,1,6,80,6486,15811
ACCACAACTCAGAACA-1,1,7,81,6729,15963
TATGATAAATCTAACG-1,1,6,82,6475,16096
GATCCTCTTGCGCTTA-1,1,7,83,6718,16248
TTCTACCTTTATGTTG-1,1,6,84,6464,16381
GAAATACCTGCTGGCT-1,1,7,85,6707,16533
ATTCTGAGTATGAACT-1,1,6,86,6453,16666
GGATTAAGCTAAGGTC-1,1,7,87,6696,16818
AGTACGTGGCCTGTCT-1,1,6,88,6442,16951
TCAGGGTGCACGAAAC-1,1,7,89,6685,17103
AAATTTACCGAAATCC-1,1,6,90,6431,17236
TTGAGGCATTTAACTC-1,1,7,91,6674,17389
AACCAGTATCACTCTT-1,1,6,92,6420,17522
CACCGGAGATATCTCC-1,1,7,93,6663,17674
GACTGGGCGCCGCAAC-1,1,6,94,6410,17807
CACGTCTATGATGTGG-1,1,7,95,6652,17959
TTAAGACGAACGAACC-1,1,6,96,6399,18092
TGACCAGCTTCAAAGT-1,1,7,97,6641,18244
AGAGTTAGAGACCGAT-1,1,6,98,6388,18377
TTCGGACTGATGCCTT-1,1,7,99,6630,18529
CTCGAATGGAACGTAT-1,1,6,100,6377,18662
GGACGGCTTGCGCAAC-1,1,7,101,6619,18814
CTAAGTACAGGGCTAC-1,1,6,102,6366,18947
ACAAATTCAGATCTGA-1,1,7,103,6608,19100
CATGGAAATGGGACCA-1,1,6,104,6355,19233
GGTGGACCACGTGTTA-1,1,7,105,6598,19385
CACGACGTAATAGTAA-1,1,6,106,6344,19518
CGGGTTCGGCACGTAT-1,1,7,107,6587,19670
CTGGGCTATCCTTTGG-1,1,6,108,6333,19803
GTATTAGGGTTCGCGT-1,1,7,109,6576,19955
TCATTCGTATAATTTG-1,1,6,110,6322,20088
AATAGCAAGCCTCCTG-1,1,7,111,6565,20240
CATCTACCCGAGAACG-1,1,6,112,6311,20373
GCTTCAGTGGGATTAC-1,1,7,113,6554,20525
TCTGTGATGGAGGTTG-1,1,6,114,6300,20658
ATCCACTTTCAGACTA-1,1,7,115,6543,20811
ATGGTTACGAAACATG-1,1,6,116,6289,20944
GGCCCAATCTAGAGGG-1,1,7,117,6532,21096
GATGGTGAAATAACCC-1,1,6,118,6278,21229
AGAGGGACAATTGTCC-1,1,7,119,6521,21381
CGCGTACATTCTGGAA-1,1,6,120,6268,21514
CAAGAAACCCTAAACT-1,1,7,121,6510,21666
TTGGTGCGGTGTTGAA-1,1,6,122,6257,21799
GGTTCCCTAGTGTCTC-1,1,7,123,6499,21951
CGATAACCAATTTGAG-1,1,6,124,6246,22084
GCCCACTGGTCCACAA-1,1,7,125,6488,22236
GAGGGCCGGCAGAGTC-1,1,6,126,6235,22369
CGACACGGATGCCCAC-1,1,7,127,6477,22522
CTGTCTGTGGCTGGCT-1,0,8,0,7419,4423
ATATTATCCCGTATTT-1,0,9,1,7662,4575
GCGCTGGCGGAAAGTC-1,0,8,2,7408,4708
ATCTAACGTCCCTATG-1,0,9,3,7651,4860
GTCAGACAGCGTTGGA-1,0,8,4,7397,4993
GCCAGGCTTAGTGGTA-1,1,9,5,7640,5145
ATTCAAAGTACCTGTT-1,1,8,6,7387,5279
TGGACGTAGGCGAATC-1,1,9,7,7629,5431
ACACATTGACGCAACA-1,1,8,8,7376,5564
GATATCAGTATGTATC-1,1,9,9,7618,5716
TGGGCCTTGCCTGCAT-1,1,8,10,7365,5849
CAAAGTCAGGTTAGCT-1,1,9,11,7607,6001
GGATCCCTACCAGCTA-1,1,8,12,7354,6134
ATCGTCCAATCGAGTC-1,1,9,13,7596,6286
ACATGGCTCAATTTAG-1,1,8,14,7343,6419
AGGCCCAGTGACTGGT-1,1,9,15,7585,6571
GCTTCCAGCTTAGATT-1,1,8,16,7332,6704
TGCTTGAAACCATGCA-1,1,9,17,7575,6856
CAATATTGGACTAGTG-1,1,8,18,7321,6990
CGTGCTGGCCTAGTCG-1,1,9,19,7564,7142
CCTGCGATAGAACTGT-1,1,8,20,7310,7275
GGGTAATGCTGTGTTT-1,1,9,21,7553,7427
AACGCGAACGGCAACA-1,1,8,22,7299,7560
TGTCGGCATGGTGGAA-1,1,9,23,7542,7712
AGCGTACGAGAGCTAG-1,1,8,24,7288,7845
ATACTCTCGCCACTCT-1,1,9,25,7531,7997
AATCCATGCAAGGGTG-1,1,8,26,7277,8130
TTAAACAGAGTCCCGC-1,1,9,27,7520,8282
CCACAGCTGAAATCAT-1,1,8,28,7266,8415
CGGTTCCGGCTTCTTG-1,1,9,29,7509,8567
GACGTGAGACTCCATG-1,1,8,30,7255,8701
TCGTTGGCTCGTCAAT-1,1,9,31,7498,8853
GGTGAACGGGCTAGCC-1,1,8,32,7244,8986
GCACTGTGCAAATGTA-1,1,9,33,7487,9138
ACGAGAACCCATCACG-1,1,8,34,7234,9271
CCAGCTACGCCTCATA-1,1,9,35,7476,9423
TCCCGGTCAGGAATTT-1,1,8,36,7223,9556
TCGCATTCAATGACTT-1,1,9,37,7465,9708
CTGGTTCAACGCATCA-1,1,8,38,7212,9841
GGTGATTTCATCTTGT-1,1,9,39,7454,9993
CACCCTTTCCTCGCTC-1,1,8,40,7201,10126
CAACTTGTAGTGGGCA-1,1,9,41,7443,10278
AATATCAAGGTCGGAT-1,1,8,42,7190,10412
ACTCAGACCTGCTTCT-1,1,9,43,7432,10564
TTGGAGTCTCCCTTCT-1,1,8,44,7179,10697
GGATACTCATGAATTG-1,1,9,45,7422,10849
TGGGCACAAACAGAAC-1,1,8,46,7168,10982
GAGCCACGGTAGTAGG-1,1,9,47,7411,11134
TCGATAGGCTAGTCGC-1,1,8,48,7157,11267
TAACCGCCCGCAGTGC-1,1,9,49,7400,11419
GCCTATTTGCTACACA-1,1,8,50,7146,11552
TTGACGATTCAGCACG-1,1,9,51,7389,11704
TTAAACCGGTAGCGAC-1,1,8,52,7135,11837
ACCGAAAGGGCCCTGC-1,1,9,53,7378,11989
ACGTTCCGCGCTCCGT-1,1,8,54,7124,12122
ATACCAGGCTAATAGA-1,1,9,55,7367,12275
CGGCTTTGTATGATAA-1,1,8,56,7113,12408
CTTGACCCGAAAGATA-1,1,9,57,7356,12560
CGCAGAAACATTTGCG-1,1,8,58,7102,12693
GACCCGTCGCCGGCTA-1,1,9,59,7345,12845
AATCGGGACACTACGA-1,1,8,60,7092,12978
GTCACAAAGTTTCCAA-1,1,9,61,7334,13130
TATATTCGCGTCGATA-1,1,8,62,7081,13263
CCTCCCGACAATCCCT-1,1,9,63,7323,13415
CGACATGCGATCTTCT-1,1,8,64,7070,13548
AACACGACTGTACTGA-1,1,9,65,7312,13700
CCCAACCACACTAACA-1,1,8,66,7059,13833
CACCGCCGACCAGCGA-1,1,9,67,7301,13986
TGGTATCGCATCCCAA-1,1,8,68,7048,14119
CAGAGTGATTTAACGT-1,1,9,69,7290,14271
AACCCTGGTGGAACCA-1,1,8,70,7037,14404
GTCAGTTGTGCTCGTT-1,1,9,71,7280,14556
ATTGACGTAACTCGGT-1,1,8,72,7026,14689
GATGTCGGTCAACTGC-1,1,9,73,7269,14841
AGGGCAGCGGCGTGGT-1,1,8,74,7015,14974
ACATCGTTAACCTAGT-1,1,9,75,7258,15126
TCCATTGTGACCTCGT-1,1,8,76,7004,15259
TGTTTAATACTTCATC-1,0,9,77,7247,15411
TTGCTGGCCGGGCTTC-1,1,8,78,6993,15544
CATATTATTTGCCCTA-1,1,9,79,7236,15697
CTGCCTAGCCACCAAG-1,1,8,80,6982,15830
ACGAGATATTTGCTTA-1,1,9,81,7225,15982
GACTACAATTGCTCGT-1,1,8,82,6971,16115
AACGTGATGAAGGACA-1,1,9,83,7214,16267
ACTCTCTTATACACGA-1,1,8,84,6960,16400
CGCATCATGGCTTCAG-1,1,9,85,7203,16552
CGGCTCTTCGTCGAAC-1,1,8,86,6949,16685
ATTCTTCGTACTTATG-1,1,9,87,7192,16837
AGTGAGGGTTTCTGAC-1,1,8,88,6939,16970
GCCAGGCGTTCGCATG-1,1,9,89,7181,17122
GACTAACACAGCACCT-1,1,8,90,6928,17255
CAATGGAATCTACATA-1,1,9,91,7170,17408
GTGGTCAGCGAAGTAT-1,1,8,92,6917,17541
ATGGCTGGAAATGGCC-1,1,9,93,7159,17693
ATCAGGTCGCCATTGC-1,1,8,94,6906,17826
TATCACCATGTAAAGT-1,1,9,95,7148,17978
AGCGCTTATGGGCAAG-1,1,8,96,6895,18111
AAGCGGCGTCATGGGT-1,1,9,97,7137,18263
ACTAATACGTCAGGCG-1,1,8,98,6884,18396
GGCTGAGCATCGTAAG-1,1,9,99,7127,18548
CGGTTGGGTTCAAGTT-1,1,8,100,6873,18681
GACTGATTGGTCACAA-1,1,9,101,7116,18833
AGACGGGCCGATTTAA-1,1,8,102,6862,18966
ACCAGTGCCCGGTCAA-1,1,9,103,7105,19119
GTCCTTTAATGACTTC-1,1,8,104,6851,19252
CCTACAAGTCCGGAAT-1,1,9,105,7094,19404
GCCTGCTACACTGAGA-1,1,8,106,6840,19537
GACTCGGTCGGCGGAT-1,1,9,107,7083,19689
CTAGACATATATGTAG-1,1,8,108,6829,19822
TCGCCCAACTGACTCC-1,1,9,109,7072,19974
AAACTAACGTGGCGAC-1,1,8,110,6818,20107
AACTGAGGTCAGCGTC-1,1,9,111,7061,20259
ACAATGATTCTTCTAC-1,1,8,112,6807,20392
ATAAGTACCCGATTGT-1,1,9,113,7050,20544
ATTGGGAGTTCTGTAA-1,1,8,114,6796,20677
CGAACATAGTCAGAAA-1,1,9,115,7039,20830
TAGCTCAGATCCTAGT-1,1,8,116,6786,20963
GTGTCGTATTCACCTT-1,1,9,117,7028,21115
CTCACCGATCCAAACT-1,1,8,118,6775,21248
ATATGTGCACAAACCA-1,1,9,119,7017,21400
CAGTCCAACGCCTTCT-1,1,8,120,6764,21533
TCGTCCGGGTACACTC-1,1,9,121,7006,21685
GCAGAAACGTAATCCA-1,1,8,122,6753,21818
TTCGAGCCGGCGCTAC-1,1,9,123,6995,21970
GGAAGATAAGACTGTA-1,1,8,124,6742,22103
ATAAGCAAACACCGAG-1,1,9,125,6984,22255
GCATAAATTGAACGCC-1,1,8,126,6731,22388
CGCCGGTGTCGCAGTA-1,1,9,127,6974,22541
GACCTGGTCTGGGCGT-1,0,10,0,7915,4442
AGCCGCTTGATTAGCG-1,0,11,1,8158,4594
CCCGGCTAGGTGAGAA-1,0,10,2,7905,4727
CGAGCCGAGCACTCGA-1,0,11,3,8147,4879
TAGTGCTTGAATCCTT-1,1,10,4,7894,5012
CAACCGCACCTAGACA-1,1,11,5,8136,5164
ACCACTGTTCAAGAAG-1,1,10,6,7883,5298
AGATGCTATAACGAGC-1,1,11,7,8125,5450
AATTACTCGTACGCTC-1,1,10,8,7872,5583
CGTCAATCTTTAACAT-1,1,11,9,8114,5735
CCAAAGCAGTTGGTTG-1,1,10,10,7861,5868
CCATATTGGATCATGA-1,1,11,11,8103,6020
CGTACCGAAAGTCTAG-1,1,10,12,7850,6153
CTCGAGATCCAAAGCA-1,1,11,13,8093,6305
TGGATAGAGTAACAGA-1,1,10,14,7839,6438
TCACAGATCCTCAAAC-1,1,11,15,8082,6590
AGAGCTACGAAAGCAT-1,1,10,16,7828,6723
TGCGTGATTGGGTGTC-1,1,11,17,8071,6875
CACATGTTTGGACATG-1,1,10,18,7817,7009
TTCGCATCCGGAAGCA-1,0,11,19,8060,7161
CCCTAGTGTCAGGTGT-1,1,10,20,7806,7294
TTACCGCCTTAGGGAA-1,0,11,21,8049,7446
CCAGTCCATTATTCGA-1,1,10,22,7795,7579
CGTAAACGCTTGAGTG-1,0,11,23,8038,7731
ATTCCTTCCAGGCGGT-1,1,10,24,7784,7864
TTCCTTTCTGTGTTGC-1,1,11,25,8027,8016
AGTTGACATCGGCTGG-1,1,10,26,7773,8149
AACTCGATGGCGCAGT-1,1,11,27,8016,8301
GATAAGGCAGATGCAA-1,1,10,28,7763,8434
GGCTGGCTAGCTTAAA-1,1,11,29,8005,8586
CCTCATGCAGCTACGA-1,1,10,30,7752,8720
GACGCCTGTTGCAGGG-1,1,11,31,7994,8872
TAATTAGATGGATATG-1,1,10,32,7741,9005
GAGGGCATCGCGTATC-1,1,11,33,7983,9157
CTTGTGAGTCTTTGAC-1,1,10,34,7730,9290
TCAACACATTGGGTAA-1,1,11,35,7972,9442
ACTGTATACGCGAGCA-1,1,10,36,7719,9575
GTGAAACGTGCTCCAC-1,1,11,37,7961,9727
CGAGTGCTATAGTTCG-1,1,10,38,7708,9860
GTACTGCATGAAGCGT-1,1,11,39,7951,10012
GTAACTTGCGGCAGTC-1,1,10,40,7697,10145
GAATCGCCGGACACGG-1,1,11,41,7940,10297
GGGAGTAATGGCTGGC-1,1,10,42,7686,10431
CATGAACCGACATTTG-1,1,11,43,7929,10583
TCTGTCATACAAGAGC-1,1,10,44,7675,10716
GTCGTCAATTATAAGG-1,1,11,45,7918,10868
TAAAGAGCCCGAAACC-1,1,10,46,7664,11001
GTACTGAGGTCGTAAC-1,1,11,47,7907,11153
AAAGACCCAAGTCGCG-1,1,10,48,7653,11286
CGTCAGTGCGCACAAG-1,1,11,49,7896,11438
TGTATCCTTATTCCAT-1,1,10,50,7642,11571
ATTCTCGTCTCTTTAG-1,1,11,51,7885,11723
AAAGTCACTGATGTAA-1,1,10,52,7631,11856
TGTCTACAGTTTCTGT-1,1,11,53,7874,12008
TTAACGTCGCAAGACC-1,1,10,54,7620,12142
CTATGTCTATTGAAAC-1,1,11,55,7863,12294
TCGGGTGAAACTGCTA-1,1,10,56,7610,12427
TGTCCCGACATAGCAC-1,1,11,57,7852,12579
ACAGCATAGAGCCAGT-1,1,10,58,7599,12712
ATATTCCCACAGGTCA-1,1,11,59,7841,12864
TTGGATCGACTTCTGG-1,1,10,60,7588,12997
CACCATCGGAGGAGAC-1,1,11,61,7830,13149
TCGTTCGTTATTATGT-1,1,10,62,7577,13282
CTTAACTTCGAAGTAC-1,1,11,63,7819,13434
GCACAAGTGTCGGAAG-1,1,10,64,7566,13567
TACCAGCTAGGTTTAA-1,1,11,65,7808,13719
ACGTACAGATTTCTCT-1,1,10,66,7555,13853
AATTTGGTTCCAAAGA-1,1,11,67,7798,14005
GTAAGGATTTGTCGGA-1,1,10,68,7544,14138
CATCATCTACCCGGAC-1,1,11,69,7787,14290
ACGATGGATCCGATGC-1,1,10,70,7533,14423
CACTCAGCTCTTGAGG-1,1,11,71,7776,14575
TAGATCCGAAGTCGCA-1,1,10,72,7522,14708
TGAAACTTATGCAAGC-1,1,11,73,7765,14860
GCGATTCTGGAAGCAG-1,1,10,74,7511,14993
CAAACTATTGAGCTTC-1,1,11,75,7754,15145
TAGAATTAAGGGCAAC-1,1,10,76,7500,15278
CGAAACATAGATGGCA-1,1,11,77,7743,15430
GATGGTGCCCTAGGCA-1,0,10,78,7489,15563
CCCGCAGGGCCCAAAG-1,1,11,79,7732,15716
ACAGCGCACCCGCAGC-1,0,10,80,7478,15849
GGTAAATGTGCGTTAC-1,1,11,81,7721,16001
GTCCTTCTAGTGGGTT-1,0,10,82,7468,16134
GGAAGCTCGCTTACAG-1,1,11,83,7710,16286
CACCGATACACCGAGC-1,1,10,84,7457,16419
CAGCCGGGCCCTCTAT-1,1,11,85,7699,16571
CGGAGCTTATAACACC-1,1,10,86,7446,16704
ATTACAACTACCGGCC-1,1,11,87,7688,16856
TCCTCTGGCCCATTAG-1,1,10,88,7435,16989
CGGCACCGTTAGCGCC-1,1,11,89,7677,17141
TCGGTCCCTGACTCCA-1,1,10,90,7424,17274
TGGTTGGAGGATCCTG-1,1,11,91,7666,17427
CTGCGGTAGTCACGTG-1,1,10,92,7413,17560
GTGCCTCAGTGTACGG-1,1,11,93,7656,17712
ATCGTTCACTTTCGCC-1,1,10,94,7402,17845
ACTTACCGGGCGCGCA-1,1,11,95,7645,17997
CTAGACTGCATTTCGT-1,1,10,96,7391,18130
TTGCCGGTGATCCCTC-1,1,11,97,7634,18282
CTGTCACGCCAGGCGC-1,1,10,98,7380,18415
CGGTATAGGTATTAGC-1,1,11,99,7623,18567
CCAACGCTTGCCAGGG-1,1,10,100,7369,18700
CGTTGAGTAATTGCGT-1,1,11,101,7612,18852
TGTATTTACCTAATGC-1,1,10,102,7358,18985
TAAATGCCGTCTCATG-1,1,11,103,7601,19138
CGGTTTATGAAGGAAC-1,1,10,104,7347,19271
GCAAGATGTGTTCGCG-1,1,11,105,7590,19423
AAAGGTAAGCTGTACC-1,1,10,106,7336,19556
GTACGTCACGTATTAA-1,1,11,107,7579,19708
AGTACCTTCGAGTGCT-1,1,10,108,7325,19841
ATTGTGACTTCGCTGC-1,1,11,109,7568,19993
TGTATCAGACTGAAGC-1,1,10,110,7315,20126
GAGACCCTGCAACGCC-1,1,11,111,7557,20278
TGGGTGGGATGTCATT-1,1,10,112,7304,20411
GGCTAATGATTGAAAT-1,1,11,113,7546,20563
ATAACGTTACCTCCAC-1,1,10,114,7293,20696
TGCGAGATGGCGGCCA-1,1,11,115,7535,20849
CACACTTGTATTGCGA-1,1,10,116,7282,20982
GCTGGTGACTCGTAGT-1,1,11,117,7524,21134
CGACACCGCTTAAGGA-1,1,10,118,7271,21267
GTAACAACTGACCTTG-1,1,11,119,7513,21419
CAACTGAGGGTATGAC-1,1,10,120,7260,21552
CTAATTATGAAGCGTA-1,1,11,121,7503,21704
CCGATCTTAAGAGGCT-1,1,10,122,7249,21837
CGACTCGGTACACGGT-1,1,11,123,7492,21989
TGCTGCGTCAGAGTTA-1,1,10,124,7238,22122
AGAGTTGCAGGCCTCC-1,1,11,125,7481,22274
ACTGGCGAACCTGCGT-1,1,10,126,7227,22407
ACTAAGGACGCACACC-1,1,11,127,7470,22560
CGTCCAGATGGCTCCA-1,0,12,0,8412,4461
ACTATCGCCGGCTAAA-1,0,13,1,8654,4613
GATAGCGTACCACGCG-1,0,12,2,8401,4746
AGGACTTATAGGAGAA-1,0,13,3,8643,4898
TAGTCGGGATTCTTCG-1,1,12,4,8390,5031
ACCATTAAGGGTGTCA-1,1,13,5,8632,5183
TTAATGTGTTTGCAGG-1,1,12,6,8379,5317
TCCGCAGCCACCTAGC-1,1,13,7,8622,5469
GAGGAGATCCTCATGC-1,1,12,8,8368,5602
GGTCCTTCATACGACT-1,1,13,9,8611,5754
CCCTGTTGGCAAAGAC-1,1,12,10,8357,5887
GTGCCTAGCTATGCTT-1,1,13,11,8600,6039
GTCATCTCCTACAGCT-1,1,12,12,8346,6172
GCGAGAAACGGGAGTT-1,1,13,13,8589,6324
CGTCGCGGCGGGATTT-1,1,12,14,8335,6457
CATTGTGTGCTAGATC-1,1,13,15,8578,6609
CGCGGCAGTATTACGG-1,1,12,16,8324,6742
GAAATGGGATGTAAAC-1,1,13,17,8567,6894
CATTCCCTAAGTACAA-1,1,12,18,8313,7028
AGTTCTGCGTTGTATC-1,1,13,19,8556,7180
ACCCTATAGGACTGAG-1,0,12,20,8302,7313
TTAGATAGGTCGATAC-1,0,13,21,8545,7465
ATTGATAGCAACGAGA-1,0,12,22,8291,7598
TCTCGGCTCCAGGACT-1,0,13,23,8534,7750
CTTGAGGTTATCCCGA-1,0,12,24,8281,7883
AAGAAGGATCAGTTAG-1,1,13,25,8523,8035
GTACGACGGCGCTGCG-1,1,12,26,8270,8168
CTTATGTTGACTACCA-1,1,13,27,8512,8320
CGGCACTCAAGAAAGT-1,1,12,28,8259,8453
GTCAAAGTTTACATAG-1,1,13,29,8501,8605
CTCCTAAGTTATGTCT-1,1,12,30,8248,8739
ACTGTGCTAGTAGATC-1,1,13,31,8490,8891
GTTTGGCCGCTCAGCG-1,1,12,32,8237,9024
TTATCCAATCGAACTC-1,1,13,33,8479,9176
CCGTACCCAAGCGCCA-1,1,12,34,8226,9309
CATACAAAGCCGAACC-1,1,13,35,8469,9461
GGTCGGTAATTAGACA-1,1,12,36,8215,9594
AGCGGGAAGGGTCCAT-1,1,13,37,8458,9746
GCCCACCAAGGCTGTC-1,1,12,38,8204,9879
GTAGACGTCGTTACAT-1,1,13,39,8447,10031
GAGCATCATCCCTGGG-1,1,12,40,8193,10164
AGGTAACCTCCTATTC-1,1,13,41,8436,10316
GGTTTGAGTGCTGGAA-1,1,12,42,8182,10450
GCACTAGTCGCGCTAT-1,1,13,43,8425,10602
GGTAACTATGTATCTG-1,1,12,44,8171,10735
GCGGTCCCTAGACGCA-1,1,13,45,8414,10887
CGAGCGTTGATCAGCC-1,1,12,46,8160,11020
AATCCAAGGGCCTGAG-1,1,13,47,8403,11172
CCGTGCCCATGACGGC-1,1,12,48,8149,11305
GAAATTCACATCGCTG-1,1,13,49,8392,11457
CTCTGCGAAGCAAGCA-1,1,12,50,8139,11590
AGTAGGTAACATACAT-1,1,13,51,8381,11742
ATTGGGAATATCTTGG-1,1,12,52,8128,11875
TAGAGCTACGAAGAAC-1,1,13,53,8370,12027
TGCGGCATAGTTCAAC-1,1,12,54,8117,12161
CCGCCGGTCAACACAC-1,1,13,55,8359,12313
TCGTATAGTGCAATTA-1,1,12,56,8106,12446
TAGTTTATTCTTGCTT-1,1,13,57,8348,12598
GATATCTCATGCAATA-1,1,12,58,8095,12731
CGTTTAAGCGGAGCAC-1,1,13,59,8337,12883
CATGCTGGCTCCAATT-1,1,12,60,8084,13016
GAAACAGCCATGCAGT-1,1,13,61,8327,13168
AGTTTCGCAGGTCGGA-1,1,12,62,8073,13301
CTCATGGCTCACAATC-1,1,13,63,8316,13453
AACCGTTGTGTTTGCT-1,1,12,64,8062,13586
ACCCTTCATCTGCGAA-1,1,13,65,8305,13738
TGCGGTGAAATTTCAT-1,1,12,66,8051,13872
CAAATTGTCAGCAAGC-1,1,13,67,8294,14024
GAGGTACATCCATCTT-1,1,12,68,8040,14157
AAATGGCATGTCTTGT-1,1,13,69,8283,14309
TCATCCCAGAGGGTGG-1,1,12,70,8029,14442
CGTAGCGAATTGTCAG-1,1,13,71,8272,14594
CCTAGTTAGTCGCATG-1,1,12,72,8018,14727
GAAACTCTAATGAAGG-1,1,13,73,8261,14879
TTGTATCACACAGAAT-1,1,12,74,8007,15012
TTCAAGCCGAGCTGAG-1,1,13,75,8250,15164
AGGTACGATATTGCCA-1,1,12,76,7996,15297
TTAAGCCGACAACTTC-1,1,13,77,8239,15449
GTCTTAGTACAGCCGG-1,1,12,78,7986,15583
TGGGTAAGGTTCCCGC-1,1,13,79,8228,15735
CTACGCCATTTCCGAT-1,1,12,80,7975,15868
GACCGTCAGGTCGTGA-1,1,13,81,8217,16020
TAGTTAAGATAGGATA-1,1,12,82,7964,16153
GAATATTCGGAGTCCC-1,1,13,83,8206,16305
CAAACTACGATAGAGA-1,1,12,84,7953,16438
CAGGAAGACTTTATAT-1,1,13,85,8195,16590
TTCGTAATCCCAGCGG-1,1,12,86,7942,16723
GTGAGGAGCGGTTGAG-1,1,13,87,8184,16875
CAATCCCTATACCAGC-1,1,12,88,7931,17008
AGGGAAACGAGGTACT-1,1,13,89,8174,17160
TCCTGCCAACTGGAGA-1,1,12,90,7920,17294
AATTTGGGACATAGTA-1,1,13,91,8163,17446
AACTCCTAATCCCATG-1,1,12,92,7909,17579
GCTCATTACTGCATGT-1,1,13,93,8152,17731
TCTCGAACGAGGTCAC-1,1,12,94,7898,17864
TCACTACGACCAATGC-1,1,13,95,8141,18016
GTGATGCACAACATCT-1,1,12,96,7887,18149
CCGACGTAAACACAAC-1,1,13,97,8130,18301
TGGGATGCACTCATTC-1,1,12,98,7876,18434
TTCCATCATGCGGTGA-1,1,13,99,8119,18586
TGCACAGTGAAGTTAT-1,1,12,100,7865,18719
CTATTGTGTTTGGTCA-1,1,13,101,8108,18871
TGCGAGCCCTTCCGCG-1,1,12,102,7854,19004
TTGAAAGGTGTAAAGG-1,1,13,103,8097,19157
GGTGCAGAGCCTATCG-1,1,12,104,7844,19290
ACTATATGCTGTGTTC-1,1,13,105,8086,19442
TCCTGGCGCTGCCTGG-1,1,12,106,7833,19575
GAGCCGAGCGTTTATT-1,1,13,107,8075,19727
AGAATGCGGGTTCGGA-1,1,12,108,7822,19860
ATGCGACAATTGGTCC-1,1,13,109,8064,20012
TTCCGGCTCGACTTCT-1,1,12,110,7811,20145
TGATTATGGCACGCAG-1,1,13,111,8053,20297
GGTTTGACAAGAAGCT-1,1,12,112,7800,20430
GCAGCTATGGACAGGT-1,1,13,113,8042,20582
CACCATGATCGCAAAG-1,1,12,114,7789,20715
GTCGGAAGGATACCAG-1,1,13,115,8031,20868
GGCCCAGTTATCAGCA-1,1,12,116,7778,21001
GGGCCTATTTAAGTAT-1,1,13,117,8021,21153
GTTGTTACATTGCGCT-1,1,12,118,7767,21286
CAACTCCGTAACTTGC-1,1,13,119,8010,21438
GATCTTTGCTCAAAGA-1,1,12,120,7756,21571
TCGCTTAATTACGAAG-1,1,13,121,7999,21723
CGATCATTAGAGGCAC-1,1,12,122,7745,21856
TGTTCTCTACTCCCTA-1,1,13,123,7988,22008
GCTTAGGGAAGCGGTA-1,1,12,124,7734,22141
CAGGTTTAGTACTACA-1,1,13,125,7977,22293
AAGCGGAGTGCGCGCA-1,1,12,126,7723,22426
TCAGATGGAGACGTAG-1,1,13,127,7966,22579
TCGCACTAACGTTTGT-1,0,14,0,8908,4480
CACGTCGGGTTCTAGA-1,0,15,1,9151,4632
GGAGTACACATGAGCT-1,0,14,2,8897,4765
GTGTGTCGACGTCGCT-1,1,15,3,9140,4917
GAAGCTCTTTGCTTAG-1,1,14,4,8886,5050
ACACCGAGCGCTCTTT-1,1,15,5,9129,5202
CGTAATAATTACGAGT-1,1,14,6,8875,5336
CATCAACACCTACTAA-1,1,15,7,9118,5488
CCAAGTTTCTACAGAT-1,1,14,8,8864,5621
ACGGGTCATGTGACTT-1,1,15,9,9107,5773
AGTGTGCTAAGATCGC-1,1,14,10,8853,5906
GGCGGTTTGCCGGTGC-1,1,15,11,9096,6058
GTATAATCTCCCGGAT-1,1,14,12,8842,6191
TAGTCCGTATGCATAA-1,1,15,13,9085,6343
CACTTCGTCTTATCTC-1,1,14,14,8831,6476
CATCCGCAGGCCCGAA-1,1,15,15,9074,6628
CCCTGATGTAACTCGT-1,1,14,16,8820,6761
CCATAGTCAGTAACCC-1,1,15,17,9063,6913
CGGGCCATAGCCGCAC-1,1,14,18,8810,7047
CTCCGGCTTGTAGACA-1,1,15,19,9052,7199
AACTTGCGTTCTCGCG-1,1,14,20,8799,7332
AATGAGTTCGCATATG-1,0,15,21,9041,7484
CGAGGCCAGGCATTGG-1,0,14,22,8788,7617
TCTGCGTCCGGTTTCT-1,0,15,23,9030,7769
CAATCCTGCCGTGGAG-1,0,14,24,8777,7902
CTGAGCAAGTAACAAG-1,1,15,25,9019,8054
GGGTACCCACGGTCCT-1,1,14,26,8766,8187
ACGGAATTTAGCAAAT-1,1,15,27,9008,8339
GGGCGGTCCTATTGTC-1,1,14,28,8755,8472
ATGTTACGAGCAATAC-1,1,15,29,8998,8624
AACCATGGGATCGCTA-1,1,14,30,8744,8758
TCGCATCCCTAAGTGT-1,1,15,31,8987,8910
ACTTAGTACGACAAGA-1,1,14,32,8733,9043
GAGCTCTCGGACCTAA-1,1,15,33,8976,9195
TCTATTACGCTGGCGA-1,1,14,34,8722,9328
AGATACGACTTCATAT-1,1,15,35,8965,9480
CGCTATACCGCCCACT-1,1,14,36,8711,9613
CAGTGTCCGCAGAATG-1,1,15,37,8954,9765
CCATCCATACCAAGTC-1,1,14,38,8700,9898
AACCCAGAGACGGAGA-1,1,15,39,8943,10050
GAAGAACGGTGCAGGT-1,1,14,40,8689,10183
GATAAATCGGTGGATG-1,1,15,41,8932,10335
CAGCTCGTGCTTGTGT-1,1,14,42,8678,10469
GAGTACGGGTATACAA-1,1,15,43,8921,10621
CATCGCCCGCGGCCAA-1,1,14,44,8667,10754
TCTTACAGAGGTACCG-1,1,15,45,8910,10906
TGGAAGACGAACACCA-1,1,14,46,8657,11039
GTTGTCGTGTTAGTTG-1,1,15,47,8899,11191
CCAAGGAACAGAGAGG-1,1,14,48,8646,11324
CTGCACCTGGAACCGC-1,1,15,49,8888,11476
CGCTTTCATACCGGTG-1,1,14,50,8635,11609
GTTCTTCCCTCGATGT-1,1,15,51,8877,11761
ATTTAACTCGTATTAC-1,1,14,52,8624,11894
AACGATAGAAGGGCCG-1,1,15,53,8866,12046
TATCCTGCATGGGAAT-1,1,14,54,8613,12180
AGGCCCATTGTACAGG-1,1,15,55,8855,12332
CCGGCGCATATTGGAT-1,1,14,56,8602,12465
ATCTGTAATTGTACCC-1,1,15,57,8845,12617
GAGCGAGGGAGTACCG-1,1,14,58,8591,12750
TTATTAGGGAAGCATC-1,1,15,59,8834,12902
CTTCTTACGTCGTATA-1,1,14,60,8580,13035
GAAGTGCTGGATAGCT-1,1,15,61,8823,13187
GTGCAACAAATGTGGC-1,1,14,62,8569,13320
CATGCGTTAGACAGAA-1,1,15,63,8812,13472
ACACACTTTCTACACG-1,1,14,64,8558,13605
AGCCCTAAGCGAAGTT-1,1,15,65,8801,13757
ATTAATTCGGTCACTC-1,1,14,66,8547,13891
AACAGGAAATCGAATA-1,1,15,67,8790,14043
ACGTTTAGTTGTGATC-1,1,14,68,8536,14176
TCCTTCAGTGGTCGAA-1,1,15,69,8779,14328
CGAACGCCCAGTGCCG-1,1,14,70,8525,14461
CCTCGAAGTGGACGGG-1,1,15,71,8768,14613
CTCTGTTTGAGGATTC-1,1,14,72,8515,14746
TGGGCACGTTCTATGG-1,1,15,73,8757,14898
ACTATTCGTCCGTGGT-1,1,14,74,8504,15031
CCTCTGGCCTAGACGG-1,1,15,75,8746,15183
CCATAAACAACCCGAC-1,1,14,76,8493,15316
CATAGTACATTGAGAG-1,1,15,77,8735,15468
ATTTCATTATTTCGCG-1,1,14,78,8482,15602
CAACTATATCGAATGC-1,1,15,79,8724,15754
CTAGTATTCGGAATTA-1,1,14,80,8471,15887
GTGGAACCTACATGCG-1,1,15,81,8713,16039
CCTAAAGGCTGACGCT-1,1,14,82,8460,16172
CGTGACATTGGGTCGT-1,1,15,83,8703,16324
CCAATCGGTAGATCGA-1,1,14,84,8449,16457
ATTGTCGCAATACCTT-1,1,15,85,8692,16609
AAATTACACGACTCTG-1,1,14,86,8438,16742
CACTCCTCTCGGTCGG-1,1,15,87,8681,16894
AAATAACCATACGGGA-1,1,14,88,8427,17027
AGTTACTCTATCGTGG-1,1,15,89,8670,17179
CGTTAGCTCACAACTG-1,1,14,90,8416,17313
GAATGTATGGCAGGTC-1,1,15,91,8659,17465
GCAACCACCAGACCGG-1,1,14,92,8405,17598
TCACTCGTGCAACGGC-1,1,15,93,8648,17750
AAACAGAGCGACTCCT-1,1,14,94,8394,17883
CAGCCTCTCCTCAAGA-1,1,15,95,8637,18035
TTGCGTGAACGCTTAG-1,1,14,96,8383,18168
CCGCCTGCGAATTGGT-1,1,15,97,8626,18320
AGATGAGGGTTGCGAT-1,1,14,98,8372,18453
CGGTGGGCTCCAGCCT-1,1,15,99,8615,18605
GGCAGCGGTAATCCTA-1,1,14,100,8362,18738
GCTAGCAGGGAGTGGG-1,1,15,101,8604,18890
CTCAAGACATTAGCGC-1,1,14,102,8351,19024
CACGGCGCGCCAAAGG-1,1,15,103,8593,19176
TGCAATTTGGGCACGG-1,1,14,104,8340,19309
ATGCCAATCGCTCTGC-1,1,15,105,8582,19461
GCTGGACCCAAAGTGG-1,1,14,106,8329,19594
ATTCCTAAGACGTGGA-1,1,15,107,8571,19746
TCCGGAGGAAGGGCTG-1,1,14,108,8318,19879
TCGGTGACCGCTCCGG-1,1,15,109,8560,20031
TCCGAAGTAGTCACCA-1,1,14,110,8307,20164
CATGTAGGAGCGCCAA-1,1,15,111,8550,20316
CACAAGAAAGATATTA-1,1,14,112,8296,20449
AGGGTCAGTAACCCTA-1,1,15,113,8539,20601
TAAGCCCTTACGACCA-1,1,14,114,8285,20734
ATACCGTCATCCATAA-1,1,15,115,8528,20887
GGACGTCCATAGTTGG-1,1,14,116,8274,21020
CATCAAACTGGCGCCC-1,1,15,117,8517,21172
AAACGTGTTCGCCCTA-1,1,14,118,8263,21305
AAATTGGTGAGAAGCA-1,1,15,119,8506,21457
GGTCATTGTAGTCATA-1,1,14,120,8252,21590
TGCAGTGAGGCTCGGG-1,1,15,121,8495,21742
GAACATTAGTATGTTA-1,1,14,122,8241,21875
GGTTTGCGAACACGTA-1,1,15,123,8484,22027
ACACAAATATTCCTAG-1,1,14,124,8230,22160
TTGGGTTTATTCAGCG-1,1,15,125,8473,22312
ATTCGCAGAGGACACT-1,1,14,126,8219,22445
GATTTAGTGCGTACTG-1,1,15,127,8462,22598
TAGAAACACAATAGTG-1,0,16,0,9404,4499
CAGTAGATGATGTCCG-1,0,17,1,9647,4651
TCTTAACTCGGATGTA-1,1,16,2,9393,4784
TACATCTTGTTTCTTG-1,1,17,3,9636,4936
TTCATAGGGTGTCCAT-1,1,16,4,9382,5069
TGAAGTAGCTTACGGA-1,1,17,5,9625,5222
GCACAAGTGGATCATA-1,1,16,6,9371,5355
GGGCGAATTTCTCCAC-1,1,17,7,9614,5507
ATGTTCCTGCCCACCT-1,1,16,8,9360,5640
GCTCAACCTCTTAGAG-1,1,17,9,9603,5792
ATAGCTGCTCTTGTTA-1,1,16,10,9349,5925
CGTCAGCTATTTACTC-1,1,17,11,9592,6077
ATCTGATAGTGTCTTA-1,1,16,12,9338,6210
TGCACTATGTGAGTGC-1,1,17,13,9581,6362
CCGACAAACACATGAG-1,1,16,14,9328,6495
GCCTTGTATATGCAGT-1,1,17,15,9570,6647
ATAATACCGTTAGCCG-1,1,16,16,9317,6780
ACACTCCAATGTCACT-1,1,17,17,9559,6932
AGTTGCTGACTGATAT-1,1,16,18,9306,7066
GGCGCTCCTCATCAAT-1,1,17,19,9548,7218
TGCCTGACATCGGTCA-1,1,16,20,9295,7351
TTGGCCATCTTGCGCT-1,0,17,21,9537,7503
CAGTGGTTGCACATGA-1,0,16,22,9284,7636
AGAATTGTTTGACATA-1,1,17,23,9526,7788
AAATGCTCGTTACGTT-1,1,16,24,9273,7921
CACCTAATAGAGTCGT-1,1,17,25,9516,8073
CATTTCTAGCAGACTA-1,1,16,26,9262,8206
CCGAAAGTGGTGAGCA-1,1,17,27,9505,8358
AGTCAGCCACCGCCTG-1,1,16,28,9251,8491
TCATCACTCGAGCTCG-1,1,17,29,9494,8643
CTCAGGACTCACCTGT-1,1,16,30,9240,8777
CGGTGTACTTGATCCC-1,1,17,31,9483,8929
CCTACGGCTCAGTCGA-1,1,16,32,9229,9062
GTACTTGGGCACTTCT-1,1,17,33,9472,9214
TGATTTCCTCCTGACG-1,1,16,34,9218,9347
CCTCACCAATCTTGAC-1,1,17,35,9461,9499
GGTGAGATGCAGATAA-1,1,16,36,9207,9632
GCTAGTTTCATTGAGG-1,1,17,37,9450,9784
AGGACATCGCACGTCG-1,1,16,38,9196,9917
GTGGACGTGCTGAGAC-1,1,17,39,9439,10069
TAAGGAACTTGTGGGA-1,1,16,40,9186,10202
TCGCTGTGCGTAAATC-1,1,17,41,9428,10354
GCATCCCTAACTTTGA-1,1,16,42,9175,10488
CACCCACACGTCACCC-1,1,17,43,9417,10640
CCCTCATTCTGGAATT-1,1,16,44,9164,10773
AGGGCGTGATCGGCTA-1,1,17,45,9406,10925
GGTGCGGATAAGTGGC-1,1,16,46,9153,11058
TAATATTGAAATTCGC-1,1,17,47,9395,11210
CTTACACTGGGAAATA-1,1,16,48,9142,11343
ACCAAGAACGCGTGTC-1,1,17,49,9384,11495
GCCTTCAGCCCTACCG-1,1,16,50,9131,11628
GATGCTACAAGCGCCT-1,1,17,51,9374,11780
CCGGGACCCGCAGAGA-1,1,16,52,9120,11913
GTTCCAGTCTGACCAT-1,1,17,53,9363,12065
ATGATCGGGAATAGAC-1,1,16,54,9109,12199
TTGGATTGGGTACCAC-1,1,17,55,9352,12351
TACCTCACGCTTGTAC-1,1,16,56,9098,12484
CATGGCAGGAAGATCG-1,1,17,57,9341,12636
ATGACGCCGGCTCTAA-1,1,16,58,9087,12769
AGCGACATCCCATTCA-1,1,17,59,9330,12921
AGTAATGTCTTGCCGC-1,1,16,60,9076,13054
TTCTTAGTGGCTCAGA-1,1,17,61,9319,13206
CGTCTGGAAGGGCCCG-1,1,16,62,9065,13339
ACGTGCGCCTCGTGCA-1,1,17,63,9308,13491
AGAGCGGGCTAATCAT-1,1,16,64,9054,13624
GCGTCGAAATGTCGGT-1,1,17,65,9297,13776
AACTGATATTAGGCCT-1,1,16,66,9043,13910
CGAGCTGGGCTTTAGG-1,1,17,67,9286,14062
GGGTGTTTCAGCTATG-1,1,16,68,9033,14195
TTAATTTCAGACGCGG-1,1,17,69,9275,14347
ACTGCCGTCGTAACTC-1,1,16,70,9022,14480
GTGCACGAAAGTGACT-1,1,17,71,9264,14632
ATCTCCCTGCAATCTA-1,1,16,72,9011,14765
ACGCCAGATGATTTCT-1,1,17,73,9253,14917
AGCTATTTAATCCAAC-1,1,16,74,9000,15050
CCACGAGAAGAGAATC-1,1,17,75,9242,15202
GATTCCGCGTTTCCGT-1,1,16,76,8989,15335
GTCGGATGTAGCGCGC-1,1,17,77,9231,15487
TATTTATACCGAGTAG-1,1,16,78,8978,15621
GTAGGTGATCCGTGTA-1,1,17,79,9221,15773
AGTTAAGCGGTCCCGG-1,1,16,80,8967,15906
CTGGCGACATAAGTCC-1,1,17,81,9210,16058
TTGGCCTAGAATTTCG-1,1,16,82,8956,16191
GGCATATCGGTTCTGC-1,1,17,83,9199,16343
GGGCGTCCACTGGCTC-1,1,16,84,8945,16476
TTACCCATTGCCGGGT-1,1,17,85,9188,16628
TTAGACACGATCGTTG-1,1,16,86,8934,16761
GCGCTGATCCAGACTC-1,1,17,87,9177,16913
TTCGGCAACCCGCTGA-1,1,16,88,8923,17046
GATATTTCCTACATGG-1,1,17,89,9166,17198
CTGCGTTACGATATAA-1,1,16,90,8912,17332
TAATAAACAAGGAGAT-1,1,17,91,9155,17484
AACCTTTACGACGTCT-1,1,16,92,8901,17617
AGTCCCGCCTTTAATT-1,1,17,93,9144,17769
TGAGATTAGGCCCTAA-1,1,16,94,8891,17902
AGTGTATTGCGCATTG-1,1,17,95,9133,18054
GTTGGATTCAGTGGCT-1,1,16,96,8880,18187
TAAAGCTGCAATAGGG-1,1,17,97,9122,18339
AGTAGGAAGGAAGTTG-1,1,16,98,8869,18472
TATCACTTCGAGTAAC-1,1,17,99,9111,18624
TGATCTACGCTGATCT-1,1,16,100,8858,18757
GGATCATCCCGTACGC-1,1,17,101,9100,18909
TGACACTTCTCTTTGC-1,1,16,102,8847,19043
AGCCCTTCTAATCCGA-1,1,17,103,9089,19195
CACCGCGTCCACTCTA-1,1,16,104,8836,19328
TAATTGGAATCGGGAA-1,1,17,105,9079,19480
TCGTAAGCTCCGAGGA-1,1,16,106,8825,19613
TATATTACAAATGTCG-1,1,17,107,9068,19765
CGCGAGAGGGACTTGT-1,1,16,108,8814,19898
GGACCTACGGTAACGT-1,1,17,109,9057,20050
GAAATATGCTTGAATG-1,1,16,110,8803,20183
CCGTATTAGCGCAGTT-1,1,17,111,9046,20335
AGGCGTCTATGGACGG-1,1,16,112,8792,20468
AACATCGATACGTCTA-1,1,17,113,9035,20620
TGAATATGCTATAAAC-1,1,16,114,8781,20754
ACCAAACACCCAGCGA-1,1,17,115,9024,20906
TGGCTTGTACAAGCTT-1,1,16,116,8770,21039
GAATGAAGGTCTTCAG-1,1,17,117,9013,21191
AGATACCAGCACTTCA-1,1,16,118,8759,21324
GCGGTCCCGGTGAAGG-1,1,17,119,9002,21476
GAGGCATTTGCAGCAG-1,1,16,120,8748,21609
GGCAAGCCAGGGATAG-1,1,17,121,8991,21761
TCTACGGGCTCAGTTG-1,1,16,122,8738,21894
TCTGCGAATCGTTCGC-1,1,17,123,8980,22046
AGCTCGTTGATGGAAA-1,1,16,124,8727,22179
TGAATGAGATACAGCA-1,1,17,125,8969,22331
ACCCTTGCCTGGGTCG-1,1,16,126,8716,22465
GGCGAACCGTTCTGAT-1,1,17,127,8958,22617
GCGATGTCTGTGCTTG-1,0,18,0,9900,4518
ATTAACACCTGAGATA-1,0,19,1,10143,4670
GAAATCTGACCAAGTT-1,1,18,2,9889,4803
CCTGACAAACTCGCGC-1,1,19,3,10132,4955
ATGTCATTTCCCATTG-1,1,18,4,9878,5088
GCGGTGCGGAGCATCG-1,1,19,5,10121,5241
CGGAAAGCAAATGTGC-1,1,18,6,9867,5374
GCTGAGCAACGGTTCT-1,1,19,7,10110,5526
TCACTCTTCGTCTGTC-1,1,18,8,9857,5659
GATCTTCATTGTCCTC-1,1,19,9,10099,5811
ACTCGATGTATTTCAT-1,1,18,10,9846,5944
TGAAGAGCGGTCCTAG-1,1,19,11,10088,6096
TAAACGTCGTCAATGA-1,1,18,12,9835,6229
ACGTTATTGGTCACTC-1,1,19,13,10077,6381
ATAGCCTCAGTACCCA-1,1,18,14,9824,6514
CGGGAGTATACCGCCG-1,1,19,15,10066,6666
GTCCTACAGGCGGCTC-1,1,18,16,9813,6799
CGGATAAGCGGACATG-1,1,19,17,10055,6952
AACTTCTGCGTCTATC-1,1,18,18,9802,7085
GGGTTCAGACGAACAA-1,0,19,19,10045,7237
AGTCTGGACATCCTTG-1,0,18,20,9791,7370
TTGAACGAATCCTTTG-1,1,19,21,10034,7522
GAAATACTAAACGTTT-1,1,18,22,9780,7655
CCCGCGCAATGCACCC-1,1,19,23,10023,7807
TTCGGCTAGAGATGGT-1,1,18,24,9769,7940
GACACGAGTTAGAGGA-1,1,19,25,10012,8092
GAGGTCCCAAAGATCT-1,1,18,26,9758,8225
TAACTCCATGGAGGCT-1,1,19,27,10001,8377
CTTGTTTATGTAGCCA-1,1,18,28,9747,8510
GATGGCGCACACATTA-1,1,19,29,9990,8663
ATAATAGTGTAGGGAC-1,1,18,30,9736,8796
CGCTATTCAATGTATG-1,1,19,31,9979,8948
ATATTGCTGTCAAAGT-1,1,18,32,9725,9081
GGATTCAGTACGGTGG-1,1,19,33,9968,9233
TTCTTAGTGAACGGTG-1,1,18,34,9714,9366
AATGGTTCTCACAAGC-1,1,19,35,9957,9518
TATACACGCAAAGTAT-1,1,18,36,9704,9651
CTTCATAGCTCAAGAA-1,1,19,37,9946,9803
CAACGGTTCTTGATAC-1,1,18,38,9693,9936
ACACCCGAGAAATCCG-1,1,19,39,9935,10088
TCTATCATGCAGTTAC-1,1,18,40,9682,10221
CCCGCCATGCTCCCGT-1,1,19,41,9924,10373
CGCTTCCACTGAAATC-1,1,18,42,9671,10507
CACTGTCCAAGTGAGA-1,1,19,43,9913,10659
ATTACTAGCCTCTTGC-1,1,18,44,9660,10792
CATAGTAGCATAGTAG-1,1,19,45,9902,10944
CAACTCCTTGATCCCG-1,1,18,46,9649,11077
AAGTAGAAGACCGGGT-1,1,19,47,9892,11229
GCGGGAACCAGGCCCT-1,1,18,48,9638,11362
ATTAGATTGATAGCGG-1,1,19,49,9881,11514
CTCGGTCCGTAGCCTG-1,1,18,50,9627,11647
TGGCTTTGGGTAGACA-1,1,19,51,9870,11799
TATCCATATCATGCGA-1,1,18,52,9616,11932
GGAGTGCCGCCCTGGA-1,1,19,53,9859,12084
TGAGAATGCTTTACCG-1,1,18,54,9605,12218
TTAACCAACCCTCCCT-1,1,19,55,9848,12370
TGTTTCGGTACTTCTC-1,1,18,56,9594,12503
TTGCTGAAGGAACCAC-1,1,19,57,9837,12655
TATTTAGTCTAGATCG-1,1,18,58,9583,12788
CTCCGGCCTAATATGC-1,1,19,59,9826,12940
TTGTGGCCCTGACAGT-1,1,18,60,9572,13073
TCGCCGGTCGATCCGT-1,1,19,61,9815,13225
CCATAGGTTGGCGTGG-1,1,18,62,9562,13358
GAACGACCGAATGATA-1,1,19,63,9804,13510
TCCGATAATTGCCATA-1,1,18,64,9551,13643
CATTACGTCGGCCCGT-1,1,19,65,9793,13795
CAAGCACCAAATGCCT-1,1,18,66,9540,13929
TGCATGGATCGGATCT-1,1,19,67,9782,14081
GAAATCGCGCGCAACT-1,1,18,68,9529,14214
CTGAAAGAGATCCGAC-1,1,19,69,9771,14366
CACCTCGATGGTGGAC-1,1,18,70,9518,14499
ATTTGTTCCAGGGCTC-1,1,19,71,9760,14651
TGGGCCACAAGAGCGC-1,1,18,72,9507,14784
CCTTCTTGATCCAGTG-1,1,19,73,9750,14936
CCTCGCCAGCAAATTA-1,1,18,74,9496,15069
TTCATGGCGCAACAGG-1,1,19,75,9739,15221
TTAATCAGTACGTCAG-1,1,18,76,9485,15354
CCTATCTATATCGGAA-1,1,19,77,9728,15506
ATTATACTTTGCTCGT-1,1,18,78,9474,15640
ATGGATCCGGCGTCCG-1,1,19,79,9717,15792
CGCCCGCTTCCGTACA-1,1,18,80,9463,15925
GGATTCCGCTATACCC-1,1,19,81,9706,16077
CGGTCTATCAACCCGT-1,1,18,82,9452,16210
ATGCCGGTTGATGGGA-1,1,19,83,9695,16362
TCATGCAGGTTCTCAT-1,1,18,84,9441,16495
TGAGCTTTAATGACGC-1,1,19,85,9684,16647
TCCCTTAGATTACTCG-1,1,18,86,9430,16780
ATATCTCCCTCGTTAA-1,1,19,87,9673,16932
AGCTCTTCCCAGTGCA-1,1,18,88,9419,17065
TCGCTAAACCGCTATC-1,1,19,89,9662,17217
CACATTCTTTCGATGG-1,1,18,90,9409,17351
GATATGCGGTAGCCAA-1,1,19,91,9651,17503
CGTTTCACTTCGGGCG-1,1,18,92,9398,17636
CCAATTACGGGTCGAG-1,1,19,93,9640,17788
GCAGGTAGAGTATGGT-1,1,18,94,9387,17921
GTCGTATTGGCGTACA-1,1,19,95,9629,18073
GAAATTAGCACGGATA-1,1,18,96,9376,18206
AATGCACCAAGCAATG-1,1,19,97,9618,18358
AGGACGCTCGATGTTG-1,1,18,98,9365,18491
GGCTAAAGGGCGGGTC-1,1,19,99,9607,18643
CATCTATCCCGTGTCT-1,1,18,100,9354,18776
CAGTAACTATTTATTG-1,1,19,101,9597,18928
CATATACTACTGATAA-1,1,18,102,9343,19062
GCGTTCGGAGACCGGG-1,1,19,103,9586,19214
AAGTTCAGTCTGCGTA-1,1,18,104,9332,19347
CGAAGCTATAAATTCA-1,1,19,105,9575,19499
CGCGGTCACAAACCAA-1,1,18,106,9321,19632
GGGAATGAGCCCTCAC-1,1,19,107,9564,19784
ACGGAGCGCAAATTAC-1,1,18,108,9310,19917
CGTTCTTCGCACACCT-1,1,19,109,9553,20069
GAATAGCCCTGCGGTC-1,1,18,110,9299,20202
AATAGCTACCGCGTGC-1,1,19,111,9542,20354
CCGAGCTGTGCTTGTC-1,1,18,112,9288,20487
GATGACGATGATCGCG-1,1,19,113,9531,20639
GCCTATGCTGGGCCTT-1,1,18,114,9277,20773
TTACTGTCTAGAGCTC-1,1,19,115,9520,20925
AGCGGTTGCCGCTCTG-1,1,18,116,9267,21058
GCTTGCAGCACAATTG-1,1,19,117,9509,21210
CCGGAGGTCTTATGGT-1,1,18,118,9256,21343
ACAGTATACCGTGGGA-1,1,19,119,9498,21495
GGGATCCCAATACAAA-1,1,18,120,9245,21628
ATTACGACTCCACAGT-1,1,19,121,9487,21780
CTCACACGCAAGCCTA-1,1,18,122,9234,21913
CCAGATGTAAATGGGT-1,1,19,123,9476,22065
GAACTTGTGCACGGGA-1,1,18,124,9223,22198
AAGCCGCTTTACCTTG-1,1,19,125,9465,22350
TCCATTCCCACTAGAG-1,1,18,126,9212,22484
AGAGCGCTTGTAACGG-1,1,19,127,9455,22636
TGGGTTCCCGGACGGA-1,0,20,0,10396,4537
GCTGCGCCTCCCACGT-1,0,21,1,10639,4689
CTGTTGGCTCTTCTGA-1,1,20,2,10386,4822
TTGTTCTAGATACGCT-1,1,21,3,10628,4974
CCCTCAAGCTCTTAGT-1,1,20,4,10375,5107
TGGTCTAGCTTACATG-1,1,21,5,10617,5260
ATGCACCTTCCTTAAT-1,1,20,6,10364,5393
GGGATACGGTAATAAT-1,1,21,7,10606,5545
AGTTCACCGGTTGGAC-1,1,20,8,10353,5678
GACATACTGTCGCAGA-1,1,21,9,10595,5830
TGGACACCGTTGCTTG-1,1,20,10,10342,5963
TGCGATGCTAATGGCT-1,1,21,11,10584,6115
TTCTGTTTCCTGTCGC-1,1,20,12,10331,6248
CGTTGTAAACGTCAGG-1,1,21,13,10574,6400
GATCGGCGATAAGTCG-1,1,20,14,10320,6533
AGCCTTAAAGCGGAAG-1,1,21,15,10563,6685
TCCGTAACCACAATCC-1,1,20,16,10309,6818
GAATGCCGAAATGACC-1,0,21,17,10552,6971
TATACTCATGCGGCAA-1,0,20,18,10298,7104
TAGTGTCAGAAACGGC-1,1,21,19,10541,7256
CGTCATACCATATCCA-1,1,20,20,10287,7389
TAGTACCTTAGTGGTC-1,1,21,21,10530,7541
CTGGCGGGAATAAGTA-1,1,20,22,10276,7674
AGTGTGGTCTATTGTG-1,1,21,23,10519,7826
GCTATCGCGGCGCAAC-1,1,20,24,10265,7959
CAGTAATCCCTCCCAG-1,1,21,25,10508,8111
GTATTAAGGCGTCTAA-1,1,20,26,10254,8244
CTAATTTCAACAACAC-1,1,21,27,10497,8396
TTAGCAACATGGATGT-1,1,20,28,10243,8529
ATGCTCAGTGTTGCAT-1,1,21,29,10486,8682
GATGTTTGTGCGAGAT-1,1,20,30,10233,8815
CACTTCGCCACAGGCT-1,1,21,31,10475,8967
CTGTATGGTGTAGAAA-1,1,20,32,10222,9100
TACGTGCACTATGCTG-1,1,21,33,10464,9252
GTATCAGCTTGGGTTC-1,1,20,34,10211,9385
TAACAAAGGGAGAAGC-1,1,21,35,10453,9537
TTACATCGTGGCCTGG-1,1,20,36,10200,9670
TCTGAACCGGTCGGCT-1,1,21,37,10442,9822
GGCTCGTGCCACCAGC-1,1,20,38,10189,9955
TATAAGTGAGGATAGC-1,1,21,39,10431,10107
GCCCGCGCGTTTGACA-1,1,20,40,10178,10240
TGCTGGTTGGACAATT-1,1,21,41,10421,10393
GCCTAGCGATCTGACC-1,1,20,42,10167,10526
CCATGCTCTGCAGGAA-1,1,21,43,10410,10678
TATAAATCCACAAGCT-1,1,20,44,10156,10811
CGCTCGACATAATGAT-1,1,21,45,10399,10963
CCAATTGAATGTTAAT-1,1,20,46,10145,11096
GCTAATACCGAATGCC-1,1,21,47,10388,11248
TTCAACGACCCGACCG-1,1,20,48,10134,11381
TTCCTCGAGGGTGTCT-1,1,21,49,10377,11533
CAACGACCCGTTTACA-1,1,20,50,10123,11666
CTTGTACTTGTTGACT-1,1,21,51,10366,11818
TCTCTAATAGCTGGTA-1,1,20,52,10112,11951
ATTATGCCATAGGGAG-1,1,21,53,10355,12103
GACAACGCAGCTTACG-1,1,20,54,10101,12237
AGATGACTCGCCCACG-1,1,21,55,10344,12389
GTGCGGGTCTCCAAAT-1,1,20,56,10090,12522
GTACGAGATTGCGACA-1,1,21,57,10333,12674
GTATAGGACTCAGTAG-1,1,20,58,10080,12807
TTGCACGGAGCAGCAC-1,1,21,59,10322,12959
CACAGCTAGGGAGTGA-1,1,20,60,10069,13092
ATACTAGCATGACCCT-1,1,21,61,10311,13244
CCAAGACTTCTGCGAA-1,1,20,62,10058,13377
ACATAATAAGGCGGTG-1,1,21,63,10300,13529
TAATACACAGTAGTAT-1,1,20,64,10047,13662
TCTTGGTAACACCAAA-1,1,21,65,10289,13814
AACTGGGTCCCGACGT-1,1,20,66,10036,13948
ATCACTTCATCCTCGC-1,1,21,67,10278,14100
TGGAAGGATAAAGATG-1,1,20,68,10025,14233
CATGATGCACAATTCT-1,1,21,69,10268,14385
TGCCTGATCAAACGAT-1,1,20,70,10014,14518
ATAGGGATATCCTTGA-1,1,21,71,10257,14670
CACCTAATCAGTTTAC-1,1,20,72,10003,14803
TGTGACTACGCCAGTC-1,1,21,73,10246,14955
CCCGACCATAGTCCGC-1,1,20,74,9992,15088
CGCGCCCGACTTAATA-1,1,21,75,10235,15240
TGCCACCTGGCGAAAC-1,1,20,76,9981,15373
CTGCCAAGGTTGGAAG-1,1,21,77,10224,15525
TCTCCAACGTAGGTTA-1,1,20,78,9970,15659
TTCTTGGAGTAATGAG-1,1,21,79,10213,15811
GTCTCGATCTGCTTTC-1,1,20,80,9959,15944
TACTCTCCGAACAAAT-1,1,21,81,10202,16096
ATCACATTAGAATATC-1,1,20,82,9948,16229
TACGGGATGCTAGCAG-1,1,21,83,10191,16381
AGCTGAAGTAAACCAA-1,1,20,84,9938,16514
CATGGGTCGGGTGTGG-1,1,21,85,10180,16666
CACCCACGAGGCAATT-1,1,20,86,9927,16799
TGCCATTACTAAAGAA-1,1,21,87,10169,16951
CCGTTACGTTAGAACA-1,1,20,88,9916,17084
GCCAGGAGTAACCGAT-1,1,21,89,10158,17236
GGAAAGTGCCCATGCC-1,1,20,90,9905,17370
TCTTACCGGAACTCGT-1,1,21,91,10147,17522
TATGTCAAGACCGACT-1,1,20,92,9894,17655
CCTAACTAAGGCTCTA-1,1,21,93,10136,17807
GCGGTGAACTGCGCTC-1,1,20,94,9883,17940
CCTCGCGCGATATAGG-1,1,21,95,10126,18092
ATCGGCAAGCAGTCCA-1,1,20,96,9872,18225
AGATCGTGCATAAGAT-1,1,21,97,10115,18377
ATTCAGGACCTATTTC-1,1,20,98,9861,18510
AGCTAGAAGCAGAAGT-1,1,21,99,10104,18662
TTCGCTATCTGACGTG-1,1,20,100,9850,18795
TTCCGCAGAGAAATAT-1,1,21,101,10093,18947
CAGTACATTCTCTAAA-1,1,20,102,9839,19081
GTGAAGATTTCAAGTG-1,1,21,103,10082,19233
AACGCATGATCTGGGT-1,1,20,104,9828,19366
CCCAGAGGAGGGCGTA-1,1,21,105,10071,19518
GGAAACCTTGTTGAAT-1,1,20,106,9817,19651
GTGAAGCCGTATAGTC-1,1,21,107,10060,19803
GAGCTGTCGTCTCGGA-1,1,20,108,9806,19936
TGTCATTTGTTGGGAA-1,1,21,109,10049,20088
ACCAACACCACACACT-1,1,20,110,9795,20221
AAATGATTCGATCAGC-1,1,21,111,10038,20373
CTGCTTTATGTCCGCG-1,1,20,112,9785,20506
GCGAGAGGCCATGTAA-1,1,21,113,10027,20658
ATTGACCGGCGATGAC-1,1,20,114,9774,20792
ACCCTGGTAACGCCCT-1,1,21,115,10016,20944
GTTGGACCGCATCAGG-1,1,20,116,9763,21077
CGTTTACAAGGCAGCT-1,1,21,117,10005,21229
CGGTCCATGAGACTCC-1,1,20,118,9752,21362
GTTCGTCTGGGTCCCT-1,0,21,119,9994,21514
TGTACTACTCTCACGG-1,1,20,120,9741,21647
AGTGAAGATGGTGTCC-1,0,21,121,9983,21799
GAGGGCCATAATATTA-1,1,20,122,9730,21932
ACTCCCGTAGACTAGG-1,0,21,123,9973,22084
CGTCAAATGGTCGCAG-1,1,20,124,9719,22217
AAGTCTAGTAGCTGCC-1,1,21,125,9962,22369
AAGAAATCACCAGATT-1,1,20,126,9708,22503
GAGTGCACGGACAACA-1,1,21,127,9951,22655
GTTCAAATCAGATGTC-1,0,22,0,10893,4556
CATGGCTCCCTATGTC-1,0,23,1,11135,4708
GGCCACACGAAAGCCT-1,0,22,2,10882,4841
GAAGCCGGGTAAGCTC-1,1,23,3,11124,4993
TTGCGCTCTCTCGCTT-1,1,22,4,10871,5126
TACATGACCTTATCCG-1,1,23,5,11113,5279
GTCCTTCTACAACCCA-1,1,22,6,10860,5412
TATATGCTGGGTTGCC-1,1,23,7,11102,5564
GTTTATGGGATTTAGA-1,1,22,8,10849,5697
GGAACCCGAACAAGAA-1,1,23,9,11092,5849
AACGTTATCAGCACCT-1,1,22,10,10838,5982
CATCGTCCGGTTACTA-1,1,23,11,11081,6134
AGACAGCTCAGAATCC-1,1,22,12,10827,6267
GCAGATCCTCGCAAAT-1,1,23,13,11070,6419
GGGTCATGCGTACCAT-1,1,22,14,10816,6552
CTGGTCATTCCAATCC-1,1,23,15,11059,6704
TCAGGGCGCAAACTCG-1,1,22,16,10805,6837
GATGCCAGCAGAAGGC-1,0,23,17,11048,6990
GTTATTAACGTGGGAG-1,0,22,18,10794,7123
AATACAATGTTTCAGG-1,1,23,19,11037,7275
TTGCTGCACCTATCCA-1,1,22,20,10783,7408
CCAGAGACAAAGCCGG-1,1,23,21,11026,7560
CCGAAGTATATTGTTC-1,1,22,22,10772,7693
GCTAAACCTGAGGTGA-1,1,23,23,11015,7845
TCATACTTACAGATCC-1,1,22,24,10762,7978
CGAGCACTTCAAGTTT-1,1,23,25,11004,8130
TAGCAACCTGTCACAA-1,1,22,26,10751,8263
TGGGAAATGCCTTTCC-1,1,23,27,10993,8415
AGACCATGGGATACAA-1,1,22,28,10740,8548
TAAATGAATCCGTTTC-1,1,23,29,10982,8701
ACAACGGTCCCTGCGA-1,1,22,30,10729,8834
GTCACTCTCCAAATCT-1,1,23,31,10971,8986
TTCTACTTGCGAGGGC-1,1,22,32,10718,9119
CGCAATTACTTTCGGT-1,1,23,33,10960,9271
CTGTTCATCTCACGGG-1,1,22,34,10707,9404
TTCTTGTAACCTAATG-1,1,23,35,10950,9556
GCTTGATGATAATCAG-1,1,22,36,10696,9689
TTGGCTCGCATGAGAC-1,1,23,37,10939,9841
GCCCAGTTGGTATGCC-1,1,22,38,10685,9974
ATTCCTCCGCCAGTGC-1,1,23,39,10928,10126
TCGTCCGCTGGCGTCT-1,1,22,40,10674,10259
GGAGAAGTCATTGGCA-1,1,23,41,10917,10412
TTGTTAGCAAATTCGA-1,1,22,42,10663,10545
TCTAGCATCTTCGATG-1,1,23,43,10906,10697
TTCTAGGCCAATTGTG-1,1,22,44,10652,10830
TCACGGTCATCGCACA-1,1,23,45,10895,10982
ATGAAGCCAAGGAGCC-1,1,22,46,10641,11115
AATGACTGTCAGCCGG-1,1,23,47,10884,11267
CCAAACAGAACCCTCG-1,1,22,48,10630,11400
TATCGATGATTAAACG-1,1,23,49,10873,11552
GAACACACATCAACCA-1,1,22,50,10619,11685
CCCGTCAGCGTCTGAC-1,1,23,51,10862,11837
AGCATCGTCGATAATT-1,1,22,52,10609,11970
GACTAAGATCATGCAC-1,1,23,53,10851,12123
TAGGGTGTTTCAAGAG-1,1,22,54,10598,12256
TGGTTCGTAGCAAAGG-1,1,23,55,10840,12408
CTGTTCACTGCCTGTG-1,1,22,56,10587,12541
ATGTGCATCCGACGCA-1,1,23,57,10829,12693
TTGTCGTTCAGTTACC-1,1,22,58,10576,12826
CGGGATCAATGTAAGA-1,1,23,59,10818,12978
TTATCTGTATCATAAC-1,1,22,60,10565,13111
ATCGACTCTTTCCGTT-1,1,23,61,10807,13263
CTCATTTGATGGGCGG-1,1,22,62,10554,13396
GTAAGCGGGCAGTCAG-1,1,23,63,10797,13548
TCTATCGGTCGCAACA-1,1,22,64,10543,13681
AACGCGGTCTCCAGCC-1,1,23,65,10786,13834
ATTAATACTACGCGGG-1,1,22,66,10532,13967
CTTTAACTTTCAAAGG-1,1,23,67,10775,14119
CGTACCTGATAGGCCT-1,1,22,68,10521,14252
GAATGTTGGGTAATCT-1,1,23,69,10764,14404
TGCGGAGTAAAGGTGC-1,1,22,70,10510,14537
CCTGAATATTTACATA-1,1,23,71,10753,14689
TTGCTCCCATACCGGA-1,1,22,72,10499,14822
CCTCTAATCTGCCAAG-1,1,23,73,10742,14974
AGGTTGAGGCACGCTT-1,1,22,74,10488,15107
TCCCGTCAGTCCCGCA-1,1,23,75,10731,15259
TCCGATGACTGAGCTC-1,1,22,76,10477,15392
CAGCCTCCTGCAGAGG-1,1,23,77,10720,15544
CTTAGCCTTCCACATG-1,1,22,78,10466,15678
ATTAATGAACCAGTCG-1,1,23,79,10709,15830
ACGATACATAGAACTA-1,1,22,80,10456,15963
AGCCACTCCCGTGCTT-1,1,23,81,10698,16115
ATACGGGTTTCGATTG-1,1,22,82,10445,16248
CTGTCAAATGGCTCGG-1,1,23,83,10687,16400
GCTCGGAATTTAAAGC-1,1,22,84,10434,16533
TAGGCATGTTACGCCA-1,1,23,85,10676,16685
TGGCAACTCGCGCGCC-1,1,22,86,10423,16818
ATCAGTAGGCAGGGAT-1,1,23,87,10665,16970
TATCGATCTATGCATA-1,1,22,88,10412,17103
CGACTCAGGATGTTAT-1,1,23,89,10654,17255
GCCATATTGCACACAG-1,1,22,90,10401,17389
AATTCATAAGGGATCT-1,1,23,91,10644,17541
CGGTAGAGGTGCAGGT-1,1,22,92,10390,17674
AATGATGATACGCTAT-1,1,23,93,10633,17826
CTTGTGCTCACCGATT-1,1,22,94,10379,17959
TTCCAATCAGAGCTAG-1,1,23,95,10622,18111
CGATGGACCCTACGCC-1,1,22,96,10368,18244
GGTCGGATAAACGGCG-1,1,23,97,10611,18396
TTAGCTAATACGATCT-1,1,22,98,10357,18529
CTCGATATTTGCGAGC-1,1,23,99,10600,18681
ATTACTTACTGGGCAT-1,1,22,100,10346,18814
CTAGCCGATGTTATGA-1,1,23,101,10589,18966
TACTGCAATCAATTAC-1,1,22,102,10335,19100
TAGTCTGTGACGTTGC-1,1,23,103,10578,19252
CTCGTTTCTAATGTTT-1,1,22,104,10324,19385
TTCGTTCAACGAAGTT-1,1,23,105,10567,19537
CTGAATTTATTGCCAG-1,1,22,106,10314,19670
TGGAATATCCTTGACC-1,1,23,107,10556,19822
CAGATCATTTAAAGTC-1,1,22,108,10303,19955
CTCCTTTACGCAAGTC-1,1,23,109,10545,20107
TCCCAAACAGACAACG-1,1,22,110,10292,20240
ATCGCTGCGTGCAGCA-1,1,23,111,10534,20392
TTAGTTCAAGTGTTCG-1,1,22,112,10281,20525
AAACTCGTGATATAAG-1,1,23,113,10523,20677
TTAACGAACAAGCAGT-1,1,22,114,10270,20811
GTTATATCAGGAGCCA-1,1,23,115,10512,20963
CAAATTGGATTATGCC-1,1,22,116,10259,21096
CGAGGAGCTTCCATAT-1,1,23,117,10502,21248
GGAGACCAATGTGCTT-1,1,22,118,10248,21381
CATTGATGAACACGCC-1,1,23,119,10491,21533
GTCAATGCTATAATTT-1,1,22,120,10237,21666
ACCACCCTCTCTTCTA-1,1,23,121,10480,21818
TGGAGGGAAACACCTC-1,0,22,122,10226,21951
CACGGACGTGGATGGC-1,0,23,123,10469,22103
AACTTTCTCGATCATG-1,0,22,124,10215,22236
CGTATTGTTTCCTAAT-1,0,23,125,10458,22388
CCTACTGCGGCGGCCA-1,0,22,126,10204,22522
CTTAGGTCCCAATCGT-1,0,23,127,10447,22674
CGCAATCGATCATTAG-1,0,24,0,11389,4575
TGGTTATGCTTGCGGT-1,1,25,1,11631,4727
GGCTTGGCTCTCACCT-1,1,24,2,11378,4860
ATTGGTAGGATCCGCT-1,1,25,3,11621,5012
TCAGGGCGACTTCCTT-1,1,24,4,11367,5145
TCTGCAGATTCGAGTC-1,1,25,5,11610,5298
CTCTCGCTGTACTATG-1,1,24,6,11356,5431
AATAGTCGCGAGTCGG-1,1,25,7,11599,5583
AGTTACCCTTAAGACT-1,1,24,8,11345,5716
CTTAAATAAGACCCAT-1,1,25,9,11588,5868
GGTTGTGCTCTTGTCC-1,1,24,10,11334,6001
GTGAGTCTAAGACGGA-1,1,25,11,11577,6153
CGCGACACTGCGCAGC-1,1,24,12,11323,6286
GCTCGCGGTTCCGCTC-1,1,25,13,11566,6438
TTAACTCACGCGTGGA-1,1,24,14,11312,6571
GGAACGGCCTGCAGCC-1,1,25,15,11555,6723
GTAGAAACGGGTGGAG-1,0,24,16,11301,6856
TAATGAAAGACCCTTG-1,0,25,17,11544,7009
AGGCTTGCTAGACACC-1,0,24,18,11290,7142
TTGCGTAGTTTGAGGA-1,1,25,19,11533,7294
CGCCCTTGAAGGCTGA-1,1,24,20,11280,7427
CCCGGTGGAAGAACCT-1,1,25,21,11522,7579
TTAACACCTCGAACAT-1,1,24,22,11269,7712
GATTCCTATACGGCGC-1,1,25,23,11511,7864
TTACCCTAACAGTCCT-1,1,24,24,11258,7997
ACCCACCTACATGCTC-1,1,25,25,11500,8149
AAAGGGCAGCTTGAAT-1,1,24,26,11247,8282
CACACAGGGATAGATT-1,1,25,27,11489,8434
AGAGCGTACAAGCTCG-1,1,24,28,11236,8567
TCTTACGGCATCCGAC-1,1,25,29,11478,8720
GCCTATTCCGATATAG-1,1,24,30,11225,8853
GAAAGTGACTAACTGC-1,1,25,31,11468,9005
CCGGAATGGTTTCAGT-1,1,24,32,11214,9138
AGTATAATACTAGGCA-1,1,25,33,11457,9290
TAACTATCGAAGGTCC-1,1,24,34,11203,9423
ATGAGGAGTGTTAATC-1,1,25,35,11446,9575
TGTGTCGCGAGTTGCA-1,1,24,36,11192,9708
ATCCAACGCAGTCATA-1,1,25,37,11435,9860
AAGGCGCGTAAAGCTT-1,1,24,38,11181,9993
AGTCGGCCCAAACGAC-1,1,25,39,11424,10145
AACGTCAGACTAGTGG-1,1,24,40,11170,10278
ACTACCAGCTCTCTGG-1,1,25,41,11413,10431
GCAAGTGCACAGAGAA-1,1,24,42,11159,10564
ACACCTTAAGTAGGGC-1,1,25,43,11402,10716
TTCGACGGGAAGGGCG-1,1,24,44,11148,10849
TTCGCACTCGCGTGCT-1,1,25,45,11391,11001
TATTTGTTACCCTTTA-1,1,24,46,11137,11134
CGCTGTGACGCCGCAC-1,1,25,47,11380,11286
GTTGCACGGAGTTTCG-1,1,24,48,11127,11419
GTTTCCTGGAGGGTGA-1,1,25,49,11369,11571
ACACCCAGCATGCAGC-1,1,24,50,11116,11704
TCAACCATGTTCGGGC-1,1,25,51,11358,11856
TTACAACTACGCATCC-1,1,24,52,11105,11989
TCCGATGGTGCGACAT-1,1,25,53,11347,12142
GGGCGTACATTTATAT-1,1,24,54,11094,12275
AGCGACCAACGATATT-1,1,25,55,11336,12427
ACACAAAGACGGGTGG-1,1,24,56,11083,12560
ATCGCACGCCGGGAGA-1,1,25,57,11325,12712
GCTCTAAACCCTGACG-1,1,24,58,11072,12845
AATGCAACCGGGTACC-1,1,25,59,11315,12997
TCAAACAACCGCGTCG-1,1,24,60,11061,13130
TATGCTCCCTACTTAC-1,1,25,61,11304,13282
AAAGGGATGTAGCAAG-1,1,24,62,11050,13415
ACGATCATACATAGAG-1,1,25,63,11293,13567
TTGTTCAGTGTGCTAC-1,1,24,64,11039,13700
ATGCATGATCCAGGAT-1,1,25,65,11282,13853
AGTCTTCTCCTCAAAT-1,1,24,66,11028,13986
GATTCCCTTGTCGCAG-1,1,25,67,11271,14138
CTCGCACCTATATAGT-1,1,24,68,11017,14271
ACTCAATAAAGGCACG-1,1,25,69,11260,14423
AACCGAGCTTGGTCAT-1,1,24,70,11006,14556
TAAGGCAACATAAGAT-1,1,25,71,11249,14708
CACGCACAGCGCAGCT-1,1,24,72,10995,14841
GGTTTACAATCTCAAT-1,1,25,73,11238,14993
TGCAGGATCGGCAAAG-1,1,24,74,10985,15126
ATAACGGAGTCCAACG-1,1,25,75,11227,15278
AACGATATGTCAACTG-1,1,24,76,10974,15411
GACAACGACCATTGAA-1,1,25,77,11216,15564
TTGACCATGTTCTCCG-1,1,24,78,10963,15697
AGTACGGGCACCTGGC-1,1,25,79,11205,15849
CGCCATCCGATTATGA-1,1,24,80,10952,15982
AAGGTATCCTAATATA-1,1,25,81,11194,16134
TGTTGTCAAGAAGTCT-1,1,24,82,10941,16267
CAGTGAATAAATGACT-1,1,25,83,11183,16419
CACCTTGCGAAACTCG-1,1,24,84,10930,16552
CATTTAGCGGACCATG-1,1,25,85,11173,16704
CCAGTCTAGACGGCGC-1,1,24,86,10919,16837
TCGCTTTAAACGTTTG-1,1,25,87,11162,16989
GTGAAACGGCGCCACC-1,1,24,88,10908,17122
GGGCTCATCGAACCCA-1,1,25,89,11151,17274
TTGATGTGTAGTCCCG-1,1,24,90,10897,17408
CAGTAGCCCACGCGGT-1,1,25,91,11140,17560
AGCGCGGGTGCCAATG-1,1,24,92,10886,17693
TAATCGATCCGTACGT-1,1,25,93,11129,17845
AGTGGCGGCAATTTGA-1,1,24,94,10875,17978
CCTTTCAATGAAGAAA-1,1,25,95,11118,18130
CTCAGTCACGACAAAT-1,1,24,96,10864,18263
ATAGGCTAGCTTCGCA-1,1,25,97,11107,18415
CGGTTCAAGTAGGTGT-1,1,24,98,10853,18548
CAGTCGAGGATGCAAT-1,1,25,99,11096,18700
TATCACCCAACCGACC-1,1,24,100,10842,18833
AATGATGCGACTCCTG-1,1,25,101,11085,18985
TGGAACCACTGACACA-1,1,24,102,10832,19119
GCCAATAGGGCATCTC-1,1,25,103,11074,19271
TTCTTTGGTCGCGACG-1,1,24,104,10821,19404
ATTAGATTCCTCAGCA-1,1,25,105,11063,19556
CCGTGGAACGATCCAA-1,1,24,106,10810,19689
GGGTCGTGGCAAGTGT-1,1,25,107,11052,19841
TCGCTCGGCACCAGCG-1,1,24,108,10799,19974
ACGCAATCACTACAGC-1,1,25,109,11041,20126
CTCTAATGCATTGATC-1,1,24,110,10788,20259
GTCTCGACTAAGTTTG-1,1,25,111,11030,20411
TGGTTTAAACGTGGGT-1,1,24,112,10777,20544
CGCAGATCTTCACCCG-1,1,25,113,11020,20696
TCCAGATGTACGCCAA-1,1,24,114,10766,20830
CATTGCGGGTCAATTC-1,1,25,115,11009,20982
GACGTTCGTAAATACA-1,1,24,116,10755,21115
TACACCGTCGTTAGTC-1,1,25,117,10998,21267
ACGGGCGTATGCGACA-1,1,24,118,10744,21400
GAAGGCTACCATTGTT-1,1,25,119,10987,21552
TAAATCTTTACACCTC-1,1,24,120,10733,21685
AGTTTATGTAAAGACA-1,1,25,121,10976,21837
AGGAGACATCCACAGT-1,1,24,122,10722,21970
CAACCTGAACCTGCCA-1,1,25,123,10965,22122
AGTCCCTCGCAGAAAG-1,0,24,124,10711,22255
TGTATACGGATGATGA-1,1,25,125,10954,22407
TTGTGGTATAGGTATG-1,0,24,126,10700,22541
TCTGCACCATTAGTAA-1,1,25,127,10943,22693
AAATGTATCTTATCCC-1,1,26,0,11885,4594
ACTCTAAACCTGGGAT-1,1,27,1,12128,4746
GCTGGCAGGTGCCGTG-1,1,26,2,11874,4879
CTCATTCGTGAACATC-1,1,27,3,12117,5031
TCGCCGGATGGGCAAG-1,1,26,4,11863,5164
GGACTAAGTCAGGAGT-1,1,27,5,12106,5317
TATCAAAGGTCTGTAA-1,1,26,6,11852,5450
TTCAGTTTGTGGCAGC-1,1,27,7,12095,5602
TGTTCATAAATGTGCT-1,1,26,8,11841,5735
CTTAGCCCGGATAGTG-1,1,27,9,12084,5887
GATGCGAATGGTATTA-1,1,26,10,11830,6020
TCTAACTGTATGTAAA-1,1,27,11,12073,6172
TTAAACCTGGTTCCTT-1,1,26,12,11819,6305
GCTAAGTAAAGGCGAT-1,1,27,13,12062,6457
AGTTACCGCACATGGT-1,0,26,14,11809,6590
GACTGCGGCACGTGTA-1,0,27,15,12051,6742
TGGTGATCGTATTTGT-1,0,26,16,11798,6875
TTATCGCCTGCGAAGC-1,0,27,17,12040,7028
TGGAATTAGACGCTTT-1,1,26,18,11787,7161
TCGTCACACTGTTAGC-1,1,27,19,12029,7313
TTATGTTTGCGATAGA-1,1,26,20,11776,7446
GGTGCTGATCACAAAG-1,1,27,21,12018,7598
CATAGCCGCCCGGGAT-1,1,26,22,11765,7731
GGTTAGTTACGGCGCC-1,1,27,23,12007,7883
ATTCCCACATAAACAA-1,1,26,24,11754,8016
ATTCAGTAGCAGGGTC-1,1,27,25,11997,8168
CAGTTCCGCGGGTCGA-1,1,26,26,11743,8301
AAGAGATGAATCGGTA-1,1,27,27,11986,8453
CGCAATTCTACAATAA-1,1,26,28,11732,8586
TAACGCTTTGAGAGCG-1,1,27,29,11975,8739
AGGCTATGGTTAGCTT-1,1,26,30,11721,8872
GAGGAATGGAGAGGTT-1,1,27,31,11964,9024
TCCTCTACGAGATGGC-1,1,26,32,11710,9157
TTGATTATGCAGATGA-1,1,27,33,11953,9309
TCAGTACTGACCCGCG-1,1,26,34,11699,9442
TTATGACAAACTGGAT-1,1,27,35,11942,9594
GTAAGTAGGGTATACC-1,1,26,36,11688,9727
CGCAAACACGAGTTAC-1,1,27,37,11931,9879
TGGCCGTATATTGACC-1,1,26,38,11677,10012
ACTGTAGCACTTTGGA-1,1,27,39,11920,10164
GCTCTATGTTACGTGC-1,1,26,40,11666,10297
TGCGCGATTAACGGAG-1,1,27,41,11909,10450
GAATCGACATGGTCAC-1,1,26,42,11656,10583
GACTAAGTAGGCTCAC-1,1,27,43,11898,10735
ATCTTGACCTGCAACG-1,1,26,44,11645,10868
ATGCACTACCGCATTG-1,1,27,45,11887,11020
CAGATACTAACATAGT-1,1,26,46,11634,11153
GATCGACACTATCTGA-1,1,27,47,11876,11305
ATAGAGTACTGGGACA-1,1,26,48,11623,11438
CCTACTGCTTACACTT-1,1,27,49,11865,11590
CCTGCTATTTGAGAAG-1,1,26,50,11612,11723
CGCGTTCATGAAATAC-1,1,27,51,11854,11875
CATTATGCTTGTTGTG-1,1,26,52,11601,12008
CCAGGGACGTGGCCTC-1,1,27,53,11844,12161
TATGGATGTGCTACGC-1,1,26,54,11590,12294
GTACTAAGATTTGGAG-1,1,27,55,11833,12446
AGACCCGCCCTCCTCG-1,1,26,56,11579,12579
CGCATTAGCTAATAGG-1,1,27,57,11822,12731
GCTCTCGGGTACCGAA-1,1,26,58,11568,12864
CACCGCCAGAAGGTTT-1,1,27,59,11811,13016
TCCCAAAGACGAAGGA-1,1,26,60,11557,13149
ATGGATTGACCAAACG-1,1,27,61,11800,13301
GTCATGGACATGACTA-1,1,26,62,11546,13434
CTACTGCCACCTGACC-1,1,27,63,11789,13586
TTATATTTGGCAATCC-1,1,26,64,11535,13719
AGCACCAGTACTCACG-1,1,27,65,11778,13872
CATGGTCTAGATACCG-1,1,26,66,11524,14005
TCTACCGTCCACAAGC-1,1,27,67,11767,14157
CTAGTTGGGCCCGGTA-1,1,26,68,11513,14290
TCCCGCGTACTCCTGG-1,1,27,69,11756,14442
CAGAGCATGAGCTTGC-1,1,26,70,11503,14575
ACACGGGAACTTAGGG-1,1,27,71,11745,14727
GGCTCTGCTCCAACGC-1,1,26,72,11492,14860
AGAACGTGGTACATTC-1,1,27,73,11734,15012
CAATAAACCTTGGCCC-1,1,26,74,11481,15145
ACTTCGCCATACGCAC-1,1,27,75,11723,15297
ATCTGGTTAAGACTGT-1,1,26,76,11470,15430
TCGTAAGACGACATTG-1,1,27,77,11712,15583
GTGTACCTTGGCTACG-1,1,26,78,11459,15716
GCCCGTAATACCTTCT-1,1,27,79,11701,15868
CGGTCAAGTGGGAACC-1,1,26,80,11448,16001
TTGTAAGGCCAGTTGG-1,1,27,81,11691,16153
GGAGCACCAAGAACTA-1,1,26,82,11437,16286
TAATAGTGACGACCAG-1,1,27,83,11680,16438
CTAAATCCTATTCCGG-1,1,26,84,11426,16571
CGAGTTCTGTCCCACC-1,1,27,85,11669,16723
AGGCAGATGCGTAAAC-1,1,26,86,11415,16856
AAGGATGAGGGACCTC-1,1,27,87,11658,17008
AGAGAACCGTCTAGGA-1,1,26,88,11404,17141
GAGGGCGCAGCTCTGC-1,1,27,89,11647,17294
AAGATTGGCGGAACGT-1,1,26,90,11393,17427
CCAGTAGTCTGATCCA-1,1,27,91,11636,17579
AAGGGACAGATTCTGT-1,1,26,92,11382,17712
ATAGAGTTATCAACTT-1,1,27,93,11625,17864
AAATTACCTATCGATG-1,1,26,94,11371,17997
GATCCTAAATCGGGAC-1,1,27,95,11614,18149
TTACAGACCTAAATGA-1,1,26,96,11361,18282
CCTCACCTTAGCATCG-1,1,27,97,11603,18434
CATGCGACCAGTTTAA-1,1,26,98,11350,18567
AACATATCAACTGGTG-1,1,27,99,11592,18719
CTATAAGAGCCAATCG-1,1,26,100,11339,18852
AATATCGAGGGTTCTC-1,1,27,101,11581,19005
GTACTCCTGGGTATGC-1,1,26,102,11328,19138
ATAAGTAGGATTCAGA-1,1,27,103,11570,19290
AGGTCGCGGAGTTACT-1,1,26,104,11317,19423
CTAATTCTCAGATATT-1,1,27,105,11559,19575
GCCAACCATTTCCGGA-1,1,26,106,11306,19708
TGATCCCAGCATTAGT-1,1,27,107,11549,19860
CGTTGTAAGATTGATT-1,1,26,108,11295,19993
GAAACCATGGTGCGCT-1,1,27,109,11538,20145
AATCTATGCCGGAGCC-1,1,26,110,11284,20278
GACTCCCAGAATAAGG-1,1,27,111,11527,20430
TATGATCCGGCACGCC-1,1,26,112,11273,20563
CCGCTTGCTGACATGG-1,1,27,113,11516,20715
TGGTTAAGGGCGCTGG-1,1,26,114,11262,20849
TTGATAGTCAATACAT-1,1,27,115,11505,21001
GGTTTAATTGAGCAGG-1,1,26,116,11251,21134
CATTACATAGATTGTG-1,1,27,117,11494,21286
GGTACACCAGATTTAT-1,1,26,118,11240,21419
GGCCCGTATACCATGC-1,1,27,119,11483,21571
ATCTTTCGTATAACCA-1,1,26,120,11229,21704
GAGATGACAATCCTTA-1,1,27,121,11472,21856
AAAGCTTGCCTACATA-1,1,26,122,11218,21989
GAACGATAAGTTAAAG-1,1,27,123,11461,22141
TAATAGCTAAATGATG-1,1,26,124,11208,22274
TATGGCTAGGCTAATT-1,1,27,125,11450,22426
AGGAGAGTCTGGCTAC-1,1,26,126,11197,22560
TGCTCTGCCGGTTCAC-1,1,27,127,11439,22712
CCAATAGATTTCATCT-1,1,28,0,12381,4613
GGGCACGAATTGGCCG-1,1,29,1,12624,4765
TCGTTGACAGGGTCCC-1,1,28,2,12370,4898
ATCGTATTCCGAGAAC-1,1,29,3,12613,5050
GGGAATTCTGTCCAGT-1,1,28,4,12359,5183
ACGCGTTTCTTAAGAG-1,1,29,5,12602,5336
GAGAGCGCAGTCCCTG-1,1,28,6,12348,5469
GTCCTATTGTTGTGGT-1,1,29,7,12591,5621
CATCTGCAGGATCATT-1,1,28,8,12337,5754
GAGTCGACAGACCCTC-1,1,29,9,12580,5906
AAGTGCAAAGGTAGAC-1,1,28,10,12327,6039
AGGGTGGATAGTGCAT-1,1,29,11,12569,6191
TGATAGCGGGATTCTA-1,1,28,12,12316,6324
GTCAGTTTGGTAGTCG-1,1,29,13,12558,6476
GCATTCGAAATGAACA-1,1,28,14,12305,6609
AAAGACTGGGCGCTTT-1,1,29,15,12547,6761
TAACAATATTTGTTGC-1,0,28,16,12294,6894
CCAGCTTCCGCCCGCA-1,1,29,17,12536,7047
GATATGGATTACGCGG-1,1,28,18,12283,7180
AGAGCAGTTATGAGAC-1,1,29,19,12525,7332
TCACATCTTATCTGAT-1,1,28,20,12272,7465
TATGAAGACAGGTGCG-1,1,29,21,12515,7617
TACCTGCTGCACTGTG-1,1,28,22,12261,7750
TAGGTCCAAGTAAGGA-1,1,29,23,12504,7902
GAAACTCGTGCGATGC-1,1,28,24,12250,8035
AACAATTACTCTACGC-1,1,29,25,12493,8187
CCGCACGTGACCTCGG-1,1,28,26,12239,8320
AACTTGCCCGTATGCA-1,1,29,27,12482,8472
GGGTATGTATGCACTT-1,1,28,28,12228,8605
TTCGTACTCCAGAACG-1,1,29,29,12471,8758
GAATTTCTCGCTGCAG-1,1,28,30,12217,8891
AACAGGATGGGCCGCG-1,1,29,31,12460,9043
GACGTGTAGGGATTAT-1,1,28,32,12206,9176
TAGGTGAGCCCTACTC-1,1,29,33,12449,9328
CTAATTCGCACGCGCT-1,1,28,34,12195,9461
GAAGCTTGCTGACCGC-1,1,29,35,12438,9613
GGTTAGGCTTGGAGAA-1,1,28,36,12185,9746
ACAAGGACAAGAGGTT-1,1,29,37,12427,9898
AGGCCACCCGTTATGA-1,1,28,38,12174,10031
GTGGGCTTAGACACAC-1,1,29,39,12416,10183
CGTGTCCCATTCGCGA-1,1,28,40,12163,10316
TGGAGTGATGCGATGA-1,1,29,41,12405,10469
AACAACTGGTAGTTGC-1,1,28,42,12152,10602
CCTGGCTAGACCCGCC-1,1,29,43,12394,10754
CGCAATTAGGGTAATA-1,1,28,44,12141,10887
TCGAAATTTAGGACCA-1,1,29,45,12383,11039
AGACTAGCCTTCCAGA-1,1,28,46,12130,11172
TTGATCTAACTTTGTC-1,1,29,47,12373,11324
AAGGAGCGGTTGGTGC-1,1,28,48,12119,11457
ACTTGGGACCCGGTGG-1,1,29,49,12362,11609
TGATCTCCGGCGCCAG-1,1,28,50,12108,11742
CAGTTCAAATTGACAC-1,1,29,51,12351,11894
GTCCGGCTGAATTGCG-1,1,28,52,12097,12027
CTGGAAATGGATGCTT-1,1,29,53,12340,12180
TGATCGGTTTGACCCT-1,1,28,54,12086,12313
TAGAGTCTAAGCGAAC-1,1,29,55,12329,12465
GAGACTGATGGGTAGA-1,1,28,56,12075,12598
TAGCTAAGTCCGGGAG-1,1,29,57,12318,12750
GGGCGATATGTGTGAA-1,1,28,58,12064,12883
CTCGAGGTCGAACAGT-1,1,29,59,12307,13035
GATCCCTTTATACTGC-1,1,28,60,12053,13168
GTCATGCACCTCCGTT-1,1,29,61,12296,13320
ACTTTCCTATAGCTTC-1,1,28,62,12042,13453
TCGCTCGATATATTCC-1,1,29,63,12285,13605
ATAGGTTGGGCAGATG-1,1,28,64,12032,13738
CAATTAAGGGTGATGA-1,1,29,65,12274,13891
ACCGACTGAGTCCCAC-1,1,28,66,12021,14024
CCTGTCACCCGGGCTC-1,1,29,67,12263,14176
GATCGGTGGCCATAAC-1,1,28,68,12010,14309
CCTATGGGTTACCGTC-1,1,29,69,12252,14461
TTGGGACACTGCCCGC-1,1,28,70,11999,14594
CGAGGCTAAATATGGC-1,1,29,71,12241,14746
TCAGGGTGTAACGTAA-1,1,28,72,11988,14879
CGAGAGATGTGAACCT-1,1,29,73,12230,15031
TCGCTGGGCGGATTGT-1,1,28,74,11977,15164
AGATCTCAGGTGTGAT-1,1,29,75,12220,15316
TGGCCAAACTGAAGTA-1,1,28,76,11966,15449
GCTTCCGTCCCTAGAC-1,1,29,77,12209,15602
CAGCAGCCCGTTCCTT-1,1,28,78,11955,15735
TGTATAACAGATCCTG-1,1,29,79,12198,15887
CGCGGGAATTAGGCAG-1,1,28,80,11944,16020
TGCATGTGGTAATCTA-1,1,29,81,12187,16172
ACAATTTGAGCAGTGG-1,1,28,82,11933,16305
GAGCTAAGGGCATATC-1,1,29,83,12176,16457
CCAGATAGTTGAGTGA-1,1,28,84,11922,16590
CCACAATGTACGTCTT-1,1,29,85,12165,16742
CAATGGATCTCTACCA-1,1,28,86,11911,16875
TGTGGCAAAGCGTATG-1,1,29,87,12154,17027
TAAAGCGTTAGGAGAA-1,1,28,88,11900,17160
TCCGTTTAGCCTTGAA-1,1,29,89,12143,17313
CAGCTCGACAAGTTAA-1,1,28,90,11889,17446
GCCTATAGTGTCAGGG-1,1,29,91,12132,17598
ATAGACAACGGGACCT-1,1,28,92,11879,17731
CTACTATCTTTCAGAG-1,1,29,93,12121,17883
GCGCTGCTTTGCATTT-1,1,28,94,11868,18016
GCGCATCCAGTCAGCA-1,1,29,95,12110,18168
GACTCGCGGGAATGAC-1,1,28,96,11857,18301
CTGGTAACGAGCTCTT-1,1,29,97,12099,18453
TCCGGCCTAGCGTACA-1,1,28,98,11846,18586
TCTAGGTGGCGACGCT-1,1,29,99,12088,18738
ACGCTAGTGATACACT-1,1,28,100,11835,18871
ATCTGCACCTCTGCGA-1,1,29,101,12077,19024
CCTCACCTGAGGGAGC-1,1,28,102,11824,19157
AGTGAGCCTCGCCGCC-1,1,29,103,12067,19309
ACGAGTACGGATGCCC-1,1,28,104,11813,19442
GGTACCATTAAGACGG-1,1,29,105,12056,19594
TTCTGCTAGACTCCAA-1,1,28,106,11802,19727
TAACTATTACGCCAAA-1,1,29,107,12045,19879
GCATTCAAGGCAACGC-1,1,28,108,11791,20012
AGTACATCATTTATCA-1,1,29,109,12034,20164
GTCGTGTCTGGTCATC-1,1,28,110,11780,20297
AGTCTAAAGTATACTC-1,1,29,111,12023,20449
CGGCCCAACCTGTAGT-1,1,28,112,11769,20582
AGGGAGACATACTTCG-1,1,29,113,12012,20735
TCCCTAGATCAATAGG-1,1,28,114,11758,20868
TCCCGTCGCGTCATAG-1,1,29,115,12001,21020
CGCATCCATCAGCCAG-1,1,28,116,11747,21153
CTGCACCTAGTCCACA-1,1,29,117,11990,21305
CGAGGATCGGGAACGA-1,1,28,118,11737,21438
CAATGAGGTTCGACTA-1,1,29,119,11979,21590
TCTGACGGGCTAACCC-1,1,28,120,11726,21723
TTCTATGCCTTTCGCA-1,1,29,121,11968,21875
AGAGTATAGTGTTACG-1,1,28,122,11715,22008
CCATTGTTTCCTCCAT-1,1,29,123,11957,22160
CTCATCACTTAGTGAT-1,1,28,124,11704,22293
CCGAAGGGCGTACCGC-1,1,29,125,11946,22445
TCAAGCTGCCTTGAAA-1,1,28,126,11693,22579
CTCATTAACGTTGCCC-1,1,29,127,11935,22731
GTCTTCCTCACCTAAG-1,1,30,0,12877,4632
GGTGATGAAGGAAGTG-1,1,31,1,13120,4784
TCAATACAATTGCTGC-1,1,30,2,12866,4917
GCAACCCAAGTTGTTT-1,1,31,3,13109,5069
ATGAAGTGGACCCAGC-1,1,30,4,12856,5203
GAGAATCTCACGATCA-1,1,31,5,13098,5355
TATATCATTGATCAGT-1,1,30,6,12845,5488
AACTTTACGGGAGCTT-1,1,31,7,13087,5640
TTCTTGTGTCCATCAG-1,1,30,8,12834,5773
ACAATTTAGGAGGCTC-1,1,31,9,13076,5925
ATACTTGTTCTCGAGC-1,1,30,10,12823,6058
CACGGGATTGAGGGTT-1,1,31,11,13065,6210
GTTAATGTCTATCTTA-1,1,30,12,12812,6343
GCGTTATATTTGGAAC-1,1,31,13,13054,6495
CGTCAAGGCTATAAAT-1,1,30,14,12801,6628
TTAGCTCTGTAATCCG-1,1,31,15,13044,6780
AATGGTCCACCGTTCA-1,1,30,16,12790,6913
GTCATTGCATTGACCC-1,1,31,17,13033,7066
TGTCCGTGGCGCCTTT-1,1,30,18,12779,7199
TCAACTAACGTATAAC-1,1,31,19,13022,7351
TCCTCTCCAGTTGTCC-1,1,30,20,12768,7484
TGTGTTCGTATCCAAG-1,1,31,21,13011,7636
CCGCGTAGGTAAGGGC-1,1,30,22,12757,7769
CTGCGGGTGAAATGTT-1,1,31,23,13000,7921
TATCTACAGAGGTAAT-1,1,30,24,12746,8054
CTACTCTAGGCCCGGC-1,1,31,25,12989,8206
ACAAGCAGTGCCTAGC-1,1,30,26,12735,8339
TACAAGTCTCGTGCAT-1,1,31,27,12978,8491
TCGGAATGCGCTCTGA-1,1,30,28,12724,8624
TCGCGTCCAGAAGGTC-1,1,31,29,12967,8777
TATGGCCCGGCCTCGC-1,1,30,30,12713,8910
GCTGGCATATTCACCT-1,1,31,31,12956,9062
GTCAGAATAGTCTATG-1,1,30,32,12703,9195
GGCGTCCTATCCGCTG-1,1,31,33,12945,9347
CGGAGTTTGAGAGACA-1,1,30,34,12692,9480
AGCACTTAAGGACGCC-1,1,31,35,12934,9632
TCCACAATGGTTTACG-1,1,30,36,12681,9765
CCAACGATGCACTGAT-1,1,31,37,12923,9917
ATTTACAGTTTACTGG-1,1,30,38,12670,10050
CCCTGAAATGAGTTGA-1,1,31,39,12912,10202
CAAACGGTCGCACTTT-1,1,30,40,12659,10335
TGATTCGTCTATCACT-1,1,31,41,12901,10488
TCAGGTTCTTTGAGAA-1,1,30,42,12648,10621
CACGCAGCGAGGCTTT-1,1,31,43,12891,10773
TTAAGCGCCTGACCCA-1,1,30,44,12637,10906
CTTACACGGTATTCCA-1,1,31,45,12880,11058
AAGGCTGTGCTCATCG-1,1,30,46,12626,11191
GACCAGAGCCCTGTAG-1,1,31,47,12869,11343
TCCCAGGCTTAGCTAA-1,1,30,48,12615,11476
ATTGAAGATCTTAGTG-1,1,31,49,12858,11628
AGTTCCTACAGAATTA-1,1,30,50,12604,11761
GGGCTGGTTAGTCGCG-1,1,31,51,12847,11913
GAAATGGCGGTGTTAG-1,1,30,52,12593,12046
TACGAACACGACTTCA-1,1,31,53,12836,12199
ACCACAAGTTTCTATC-1,1,30,54,12582,12332
ATATTTAACCCTCAAG-1,1,31,55,12825,12484
GATCATTCCAAACATT-1,1,30,56,12571,12617
TCCAGGCGAGTACGGT-1,1,31,57,12814,12769
GTTTGACCAAATCCTA-1,1,30,58,12561,12902
CACAGCACCCACGGCA-1,1,31,59,12803,13054
TGCAAGAATGACGTAA-1,1,30,60,12550,13187
GCGAAGCCATACCCGT-1,1,31,61,12792,13339
TCCTTTCTTACGCTTA-1,1,30,62,12539,13472
GCTGCTCTCCGGACAC-1,1,31,63,12781,13624
ACTGTCTTCTTTAGAA-1,1,30,64,12528,13757
TCAAACTTAGATTGTT-1,1,31,65,12770,13910
CTATGTCACTAGCCCA-1,1,30,66,12517,14043
TGCGCAAAGCATTTGG-1,1,31,67,12759,14195
TTAATGTAGACCAGGT-1,1,30,68,12506,14328
GGCGGTAGGATCATTG-1,1,31,69,12748,14480
GGCAATAGTCAATGAG-1,1,30,70,12495,14613
ACACGAGACTCCTTCT-1,1,31,71,12738,14765
GACACAAGGGAAGAAA-1,1,30,72,12484,14898
TCAGCAAATGCATCTC-1,1,31,73,12727,15050
GAGATCTGTCACTCCG-1,1,30,74,12473,15183
ATGCCGGTCTTGCATA-1,1,31,75,12716,15335
TTGGGCGGCGGTTGCC-1,1,30,76,12462,15468
TTGTTGTGTGTCAAGA-1,1,31,77,12705,15621
ACTGTACGATACACAT-1,1,30,78,12451,15754
TCCACTTTATCTAGGT-1,1,31,79,12694,15906
GGTCTGAGAATCTGGA-1,1,30,80,12440,16039
TAGAAAGGTGGCGCTA-1,1,31,81,12683,16191
TATGTCTCATTGTGCC-1,1,30,82,12429,16324
GGATTTCACTTCTATA-1,1,31,83,12672,16476
TGAGTGGTCCGTGACG-1,1,30,84,12418,16609
CGCTTTCTTGCATTCG-1,1,31,85,12661,16761
ACCCAACGCCCGTGGC-1,1,30,86,12408,16894
GAACGTCTCATGGTCG-1,1,31,87,12650,17046
AGGGTTCCCTTTGGTT-1,1,30,88,12397,17179
GTAGCTTCCTCTTGTT-1,1,31,89,12639,17332
GCATGAGGGACGCGGC-1,1,30,90,12386,17465
CTACCCTAAGGTCATA-1,1,31,91,12628,17617
TCACCGCTCGGCACTC-1,1,30,92,12375,17750
GGCTCGCGTTGAGGTA-1,1,31,93,12617,17902
CTAACGAAACTTGCTG-1,1,30,94,12364,18035
TTAAACTCGAATTCAT-1,1,31,95,12606,18187
TACTTTACTGAGCCGG-1,1,30,96,12353,18320
GCTTGGATCGATTAGG-1,1,31,97,12596,18472
CGGTTATCCAACAGTG-1,1,30,98,12342,18605
CAGACCTGTAAGTGTT-1,1,31,99,12585,18757
GACGGTCAATAGAAGC-1,1,30,100,12331,18890
CTGACTGCGCAGCTCG-1,1,31,101,12574,19043
CCATACCTTTACTTGT-1,1,30,102,12320,19176
GTAATAAAGGGCTCCC-1,1,31,103,12563,19328
GTGAACTCCCATTCGA-1,1,30,104,12309,19461
GTGGTTACTTCTTTCG-1,1,31,105,12552,19613
TCAGAACCTCCACAGG-1,1,30,106,12298,19746
TCCCACTCTCTTCCGG-1,1,31,107,12541,19898
ATCTTGACTTGTCCAA-1,1,30,108,12287,20031
TCGGGAACGTGCCTAG-1,1,31,109,12530,20183
GTTAGCCGTAAATCAA-1,1,30,110,12276,20316
ATTTACTAAGTCCATT-1,1,31,111,12519,20468
GGGTGCATATGAAAGC-1,1,30,112,12265,20601
TCCGAATGGTCCTGAG-1,1,31,113,12508,20754
TGATGGCTGTTTCTGA-1,1,30,114,12255,20887
AAATAAGGTAGTGCCC-1,1,31,115,12497,21039
CCACTATCCGGGTCAC-1,1,30,116,12244,21172
ACACCACATAATTAGC-1,1,31,117,12486,21324
CGCGGTAAGTCTAGCT-1,1,30,118,12233,21457
GCGGGCATTACGATGC-1,1,31,119,12475,21609
AGGATTGCTTACGACA-1,1,30,120,12222,21742
CTCGGGATAACACCTA-1,1,31,121,12464,21894
GTCGTCTGGTTGGCTA-1,1,30,122,12211,22027
GCAATTAGTCGCACCG-1,1,31,123,12453,22179
GTGACCTAAAGAATAA-1,1,30,124,12200,22312
CTGAGCGAGACTTATT-1,1,31,125,12443,22465
CAAGACTCAGAAGCGC-1,1,30,126,12189,22598
ACTTCGCTAGCGAGTG-1,1,31,127,12432,22750
CCATACTCGCCTCTCC-1,1,32,0,13374,4651
ACGATACCTATCCTGA-1,1,33,1,13616,4803
CTCACCAGTACAAGTG-1,1,32,2,13363,4936
CGAAGACGGTGAGTGC-1,1,33,3,13605,5088
AAATTAATAAGCGCGA-1,1,32,4,13352,5222
GGGCCCTTATCTATAC-1,1,33,5,13594,5374
CTGCCCACGAAGCGTT-1,1,32,6,13341,5507
GGACAAGTTGCAGTGA-1,1,33,7,13583,5659
GTCCGAGAGCAATCAT-1,1,32,8,13330,5792
ATGGCAGCCGAGAAAC-1,1,33,9,13572,5944
CCTCGGATGCTACCTG-1,1,32,10,13319,6077
ATACGGTGAAGATGCA-1,1,33,11,13562,6229
ACATCAGCTGGGACGC-1,1,32,12,13308,6362
GGTTGTGTAGCCTGGC-1,1,33,13,13551,6514
CCTGCGTTCTACGCTT-1,1,32,14,13297,6647
GAACGTTAGGAAGACG-1,1,33,15,13540,6799
CTGATAGTGTATCTCA-1,1,32,16,13286,6933
TTCTGCGAGCGCCCTT-1,1,33,17,13529,7085
CTTTGGCGCTTTATAC-1,1,32,18,13275,7218
TCCGAACTTGGCTTAC-1,1,33,19,13518,7370
TAGATTCCTGGTTATT-1,1,32,20,13264,7503
CCGACAAAGGGAGTGC-1,1,33,21,13507,7655
CCATGGCCCTTGTACC-1,1,32,22,13253,7788
GAAATATCACCATCAG-1,1,33,23,13496,7940
ACGAAATGGGCGGCAC-1,1,32,24,13242,8073
GTGAGCGTGCTGCACT-1,1,33,25,13485,8225
CCGCGGGTACGAAGAA-1,1,32,26,13232,8358
TCCCTGGCTCGCTGGA-1,1,33,27,13474,8510
CAGCTTAGTAGGTAGC-1,1,32,28,13221,8643
CACGAAAGTTAGTCCC-1,1,33,29,13463,8796
ACCTAATCGACTTCCT-1,1,32,30,13210,8929
AAGTAGTGACGCGAGG-1,1,33,31,13452,9081
TCCGATTACATTGCCG-1,1,32,32,13199,9214
CCTCCGACAATTCAAG-1,1,33,33,13441,9366
GTTCACAGGAGTCTAG-1,1,32,34,13188,9499
CGAAGTTGCTCTGTGT-1,1,33,35,13430,9651
GTCGGATATCTCAGAC-1,1,32,36,13177,9784
CGCTCTCCGTAGATTA-1,1,33,37,13420,9936
CAAGCAACGTCGGAGT-1,1,32,38,13166,10069
CCATTCCCTGCCCACA-1,1,33,39,13409,10221
CTTTGGCTTTAGTAAA-1,1,32,40,13155,10354
GGCTATTAAGTTGTAT-1,1,33,41,13398,10507
CCATTAGCGATAATCC-1,1,32,42,13144,10640
TGTTCTTCCATTGACT-1,1,33,43,13387,10792
AGATAACTTCAGGGCC-1,1,32,44,13133,10925
ATAGACGAAGAGAAAG-1,1,33,45,13376,11077
GGCGGAGTAATATTAG-1,1,32,46,13122,11210
TGACCCACGTTAGACA-1,1,33,47,13365,11362
TCACAGGTTATTGGGC-1,1,32,48,13111,11495
TCACGCATTGTAGATC-1,1,33,49,13354,11647
TTGAAGAATTCCCAGG-1,1,32,50,13100,11780
AAATGGTCAATGTGCC-1,1,33,51,13343,11932
TAGTGCCCTCCAGAGT-1,1,32,52,13089,12065
GGTATTGCCGAGTTTA-1,1,33,53,13332,12218
CGTATTAAGAGATCTA-1,1,32,54,13079,12351
ACTGTCCAGGATTATA-1,1,33,55,13321,12503
CGGGCAGCTAAACCGC-1,1,32,56,13068,12636
TTGCTGATCATGTTCG-1,1,33,57,13310,12788
TATGGGTACGTATCGT-1,1,32,58,13057,12921
CAGCTCACTGAGACAT-1,1,33,59,13299,13073
GGGACTGCATAGATAG-1,1,32,60,13046,13206
ACGCATTCGTGAGTAC-1,1,33,61,13288,13358
CTCTGGACGCCTGGTG-1,1,32,62,13035,13491
AGGGTTTAGTTCGGGA-1,1,33,63,13277,13643
GGGAGAACTCACAGTA-1,1,32,64,13024,13776
ATCAATCTGGGCTGCA-1,1,33,65,13267,13929
TCTTCGATACCAATAA-1,1,32,66,13013,14062
ACGTAGATTGCTGATG-1,1,33,67,13256,14214
TCTTGATGCGTAGCGA-1,1,32,68,13002,14347
GGGCTGCCTAGGGCGA-1,1,33,69,13245,14499
CTCTCACAATCGATGA-1,1,32,70,12991,14632
CCAAGCGTAACTCGTA-1,1,33,71,13234,14784
ACAACAGCATGAGCTA-1,1,32,72,12980,14917
GTCCCAACGTAAAGTA-1,1,33,73,13223,15069
TCGGAGTACATGAGTA-1,1,32,74,12969,15202
GGGAGTTAATGAGGCG-1,1,33,75,13212,15354
CCGGGCGGTCTCGTCA-1,1,32,76,12958,15487
CCGTAAGTTGGTCCCA-1,1,33,77,13201,15640
GGAGGGCTTGGTTGGC-1,1,32,78,12947,15773
TCGGACGCCCAGCCCA-1,1,33,79,13190,15925
TCTGTGCCATCATAGT-1,1,32,80,12936,16058
GTACTGGAGTTAGACC-1,1,33,81,13179,16210
GGAATGCGCTAGCGTG-1,1,32,82,12926,16343
GTGTGAATAACTTAGG-1,1,33,83,13168,16495
GGTCGGCCAGGAGCTT-1,1,32,84,12915,16628
TAGCCGGCGGTCAGCG-1,1,33,85,13157,16780
CGGGTGTACCCATTTA-1,1,32,86,12904,16913
AGTGATTCAAGCAGGA-1,1,33,87,13146,17065
GTTGGATTGAGAACAC-1,1,32,88,12893,17198
CACACGCGCTGTCTTA-1,1,33,89,13135,17351
TAGACGCCCGTACCGG-1,1,32,90,12882,17484
GGTTTCAATCGGTCAG-1,1,33,91,13124,17636
AATCTGCGTTGGGACG-1,1,32,92,12871,17769
TTACGGATGGTTCGAG-1,1,33,93,13114,17921
CGGCAGGGTCGGGTTG-1,1,32,94,12860,18054
GCTTTCAGAGGAGGTG-1,1,33,95,13103,18206
TCTTCCCATGGGCACA-1,1,32,96,12849,18339
TACCGCGGACTTGCAG-1,1,33,97,13092,18491
AGAATTATGGATTCGA-1,1,32,98,12838,18624
ATTGATGAGTCCTAAC-1,1,33,99,13081,18776
TAGGTCGCCGGAACTG-1,1,32,100,12827,18909
TAACCTACCGTCCGAG-1,1,33,101,13070,19062
CTTAGTAGGCCTACAG-1,1,32,102,12816,19195
CTAGATGTGAGTGTAA-1,1,33,103,13059,19347
ACTCCCGAATTCGTTT-1,1,32,104,12805,19480
GTTCATCGTTTGGCTG-1,1,33,105,13048,19632
ACTTTACCCTCATGAA-1,1,32,106,12794,19765
GCGAGAGTTGCGTCCA-1,1,33,107,13037,19917
GTTCGGGCGTACCATT-1,1,32,108,12784,20050
CGACTTTGTATAGCCT-1,1,33,109,13026,20202
GCCATCGATGCTGCAT-1,1,32,110,12773,20335
GCATTTCCAAGGCTCC-1,1,33,111,13015,20487
ATGTAAGGCTGCTCTT-1,1,32,112,12762,20620
ACGTTCGCAATCAATT-1,1,33,113,13004,20773
GTGACGAGGGTGACCC-1,1,32,114,12751,20906
ATTATAGCTACTTTAC-1,1,33,115,12993,21058
CGTGTGTTAAACCCTG-1,1,32,116,12740,21191
TTGGTATGGCTTGTGT-1,1,33,117,12982,21343
CATTCCCATTCCGTCG-1,1,32,118,12729,21476
TGCCGAAAGCGTATTC-1,1,33,119,12972,21628
CAACACATCTCCTGCC-1,1,32,120,12718,21761
CTGCCTCATATGCAAC-1,1,33,121,12961,21913
TCCCGCCTATGTGCGT-1,1,32,122,12707,22046
GGTTACCCGACACTTT-1,1,33,123,12950,22198
CCAGCGGGATCACCAG-1,1,32,124,12696,22331
ATGTTTCGGCCCGGAG-1,1,33,125,12939,22484
GCGTCTAACCTCCTAA-1,1,32,126,12685,22617
ATCAGGTAGCTGACAG-1,1,33,127,12928,22769
GGTATGAAAGAACTGA-1,1,34,0,13870,4670
GTGGCCTAATATCATT-1,1,35,1,14112,4822
CCTGTGAAACCGTAAC-1,1,34,2,13859,4955
GGCAGAGAGATCGGGA-1,1,35,3,14101,5107
TAGCGTCGAATATTGA-1,1,34,4,13848,5241
CGCCGACTATTCGCTA-1,1,35,5,14091,5393
TCTGGCGCAAGCCGGG-1,1,34,6,13837,5526
AGTGGTTGCGTATAGG-1,1,35,7,14080,5678
ATCGGTTACCTAGTAA-1,1,34,8,13826,5811
CCTGCCCGTTGTCTAG-1,1,35,9,14069,5963
GCACACGCCCATGGTC-1,1,34,10,13815,6096
AGTACGGCCCGTATCG-1,1,35,11,14058,6248
TATCTAGCCTAAAGGA-1,0,34,12,13804,6381
CACTCGGTTAGGAGGA-1,1,35,13,14047,6533
ATGTTCGTCGACCCAC-1,1,34,14,13793,6666
TTCCTCTGCCCGAATA-1,1,35,15,14036,6818
TTACTATCGGCTTCTC-1,1,34,16,13782,6952
GCCGCATTAGTCCGGC-1,1,35,17,14025,7104
TAAGGGCTGGGAGAGG-1,1,34,18,13771,7237
TAAGCAGGCGACACGC-1,1,35,19,14014,7389
AGCACTACCGGCCTGT-1,1,34,20,13760,7522
GAAAGCCCTTTGGACC-1,1,35,21,14003,7674
GACCGACTGAAGCGTC-1,1,34,22,13750,7807
CGGTGAAGACTAAAGT-1,1,35,23,13992,7959
CCCTGCGCTACGCATA-1,1,34,24,13739,8092
TACTGGACAGCTCGGC-1,1,35,25,13981,8244
TTAGTAGGGCGGCGGG-1,1,34,26,13728,8377
GAGGCTATCAAAGTCG-1,1,35,27,13970,8529
TTACCATTGATTACCC-1,1,34,28,13717,8663
ATACCACGGGCAACTT-1,1,35,29,13959,8815
TGTCCTAAGTCACCGC-1,1,34,30,13706,8948
AGGTAGGTACAAAGCT-1,1,35,31,13948,9100
GGCATACAGGTAGCGG-1,1,34,32,13695,9233
TGTAGTGATCTATAAT-1,1,35,33,13938,9385
TCCCGGGTGTGCTGCT-1,1,34,34,13684,9518
TACGATGTTGATCATC-1,1,35,35,13927,9670
CCTCTCTCCCATCTAG-1,1,34,36,13673,9803
GCAGGACTATAGAATA-1,1,35,37,13916,9955
CTAGTGAAGGACAGGA-1,1,34,38,13662,10088
TACGAGAACTTCACGT-1,1,35,39,13905,10240
CGTTGTTTCAATTCCC-1,1,34,40,13651,10374
GCAAATATTACGCTTT-1,1,35,41,13894,10526
CCAATAGTGCCGTCGA-1,1,34,42,13640,10659
ATTGCTGCTCCTCCAT-1,1,35,43,13883,10811
GAGATCTGCTTGGCAT-1,1,34,44,13629,10944
GCCGAAATTCCTACGT-1,1,35,45,13872,11096
GGCACTCCACTGGGCA-1,1,34,46,13618,11229
GGGTCACCGTGACGGT-1,1,35,47,13861,11381
CACTTAATCAGACGGA-1,1,34,48,13608,11514
CGTTTCGCTCATTACA-1,1,35,49,13850,11666
ATAAAGGCTCGGTCGT-1,1,34,50,13597,11799
CACTAAAGTTGCCTAT-1,1,35,51,13839,11951
GTGCTCAAGTACTGTC-1,1,34,52,13586,12084
CCATGCCTGTTTAGTA-1,1,35,53,13828,12237
TCTAGTTATCAGAAGA-1,1,34,54,13575,12370
TTGTAATCCGTACTCG-1,1,35,55,13817,12522
TCCCAGCTTTAGTCTG-1,1,34,56,13564,12655
CTACGCACGGAGTACC-1,1,35,57,13806,12807
AAATTAACGGGTAGCT-1,1,34,58,13553,12940
CGGCCACGCACAAAGT-1,1,35,59,13796,13092
GAAGCGTGAGGAATTT-1,1,34,60,13542,13225
ATATCTTAGGGCCTTC-1,1,35,61,13785,13377
ACGCGGGCCAAGGACA-1,1,34,62,13531,13510
GCGAGTTCTGCAAAGA-1,1,35,63,13774,13662
TATTCGTGCCAGAATA-1,1,34,64,13520,13795
AGGGCTGCAGTTACAG-1,1,35,65,13763,13948
CTAGCATAGTATAATG-1,1,34,66,13509,14081
TAGGTTCGAGTTCGTC-1,1,35,67,13752,14233
GAATTATAGTGAAAGG-1,1,34,68,13498,14366
CTATCGGGTCTCAACA-1,1,35,69,13741,14518
GCGCTAATTGAATAGA-1,1,34,70,13487,14651
ATGCGACAGTCCCATT-1,1,35,71,13730,14803
GGTAGTGCTCGCACCA-1,1,34,72,13476,14936
AAGCTCGTGCCAAGTC-1,1,35,73,13719,15088
TATTCAATTCTAATCC-1,1,34,74,13465,15221
TTCAAAGTCTCTAGCC-1,1,35,75,13708,15373
TTGAATATGGACTTTC-1,1,34,76,13455,15506
AAGAGCTCTTTATCGG-1,1,35,77,13697,15659
TTACTCCGGCCGGGAA-1,1,34,78,13444,15792
AAACGAGACGGTTGAT-1,1,35,79,13686,15944
GCTAAGTAGTTTCTCT-1,1,34,80,13433,16077
ATAACGCCGGAGGGTC-1,1,35,81,13675,16229
GGATCCGGAATATACT-1,1,34,82,13422,16362
TGAAAGGACCTGACTC-1,1,35,83,13664,16514
TCCGCGGCAGCATCTG-1,1,34,84,13411,16647
TGCATATGTCTGTCAC-1,1,35,85,13653,16799
TGTAGGAGAAATTTCC-1,1,34,86,13400,16932
AGTGAGACTTCCAGTA-1,1,35,87,13643,17084
CCCAAACATGCTGCTC-1,1,34,88,13389,17217
GCTTATGAAGCAGGAA-1,1,35,89,13632,17370
TTCTAACCGAAGCTTA-1,1,34,90,13378,17503
GGATGTCCTTACCGCA-1,1,35,91,13621,17655
AGGGTGCTCTCGAGGG-1,1,34,92,13367,17788
AACTCTCAATAGAGCG-1,1,35,93,13610,17940
TCTGAATTCCGTACAA-1,1,34,94,13356,18073
GCGTGGTACTGGGTTA-1,1,35,95,13599,18225
CGTCGGATAGTGTTGA-1,1,34,96,13345,18358
ATATGTCTCCCTAGCC-1,1,35,97,13588,18510
TCTTTAAGACTATGAA-1,1,34,98,13334,18643
TCATTTAAGTCTCCGA-1,1,35,99,13577,18795
GATATTGAGATTGGCG-1,1,34,100,13323,18928
TGACATCGAGCGGACC-1,1,35,101,13566,19081
GCGTAAATGGCCATAA-1,1,34,102,13312,19214
ATTGTACAACTCGGCT-1,1,35,103,13555,19366
TACGCTATAGAAACCT-1,1,34,104,13302,19499
CACCCAAATCTTATGT-1,1,35,105,13544,19651
AGATGATGGAGTCTGG-1,1,34,106,13291,19784
CCACGGTGCCCGGTAG-1,1,35,107,13533,19936
TCAAGAAATACTAGCT-1,1,34,108,13280,20069
AGGTATAATTGATAGT-1,1,35,109,13522,20221
CAAGGTCCTATAGGCT-1,1,34,110,13269,20354
CCGGCACGACCGTTTC-1,1,35,111,13511,20506
ACCTCCGTTATTCACC-1,1,34,112,13258,20639
GCAGCCTATATCACAT-1,1,35,113,13500,20792
GGTATAGTGACACATA-1,1,34,114,13247,20925
AAATTCCAGGTCCAAA-1,1,35,115,13490,21077
TCTTTAGCAGGCGAAC-1,1,34,116,13236,21210
TATTGACATTTCTGCC-1,1,35,117,13479,21362
TCTGATCGGGTGCTAG-1,1,34,118,13225,21495
GGCCCGGAGCATGTCT-1,1,35,119,13468,21647
GGGCGCAGCGTTACTC-1,1,34,120,13214,21780
TTGGCGATCCGAATAT-1,1,35,121,13457,21932
CCACGTAAATTAGACT-1,1,34,122,13203,22065
TCTGATTGGAAATGGA-1,1,35,123,13446,22217
ATGGCGGAATAGTCGC-1,1,34,124,13192,22350
ATCGCTTTACGTCTCA-1,1,35,125,13435,22503
TACGTGCAAGGTTCCT-1,1,34,126,13181,22636
CAGGACAGCTGCCCTT-1,1,35,127,13424,22788
CAAACCAGGTCTGCAT-1,1,36,0,14366,4689
ACAAGCTATATGGAAG-1,1,37,1,14609,4841
TCGCCCACTGCGAGAG-1,1,36,2,14355,4974
AGCCGCAAATTCAAAT-1,1,37,3,14598,5126
TTAACGTTAAAGCCTG-1,1,36,4,14344,5260
CAGCGCCAACACGATA-1,1,37,5,14587,5412
ATCCAATGGTACCGAA-1,1,36,6,14333,5545
GTGCTGCAGATAAGGA-1,1,37,7,14576,5697
GGCCTTTGCAACTGGC-1,1,36,8,14322,5830
GTCGTACCTACGATTG-1,1,37,9,14565,5982
TAGAAATTCACGTATA-1,1,36,10,14311,6115
AGAATAAATCTTCAGG-1,0,37,11,14554,6267
CATTGCGAAATGGGCG-1,0,36,12,14300,6400
GTCTACTCAATTACAA-1,1,37,13,14543,6552
TGTAATGACCACAATA-1,1,36,14,14289,6685
AAAGTCGACCCTCAGT-1,1,37,15,14532,6837
TACTCGGCACGCCGGG-1,1,36,16,14279,6971
AGGTGTATCGCCATGA-1,1,37,17,14521,7123
TGTGCTTTACGTAAGA-1,1,36,18,14268,7256
AAACCTCATGAAGTTG-1,0,37,19,14510,7408
TATAGGGTACTCATGA-1,1,36,20,14257,7541
CCAGCTGATGGTACTT-1,0,37,21,14499,7693
AATATTGGAGTATTGA-1,0,36,22,14246,7826
GGCCCTCACCCACTTA-1,0,37,23,14488,7978
AACCAAGACTTCTCTG-1,0,36,24,14235,8111
TCGTATTACCCATTGC-1,0,37,25,14477,8263
ATTCGACGCCGGGCCT-1,1,36,26,14224,8396
GGCGCAGGACATCTTC-1,1,37,27,14467,8548
GTACTCCCTTATCGCT-1,1,36,28,14213,8682
TGGTCTGTTGGGCGTA-1,1,37,29,14456,8834
AATAACAACGCTCGGC-1,1,36,30,14202,8967
CATACCCGTACCCAGT-1,1,37,31,14445,9119
ACAATCCATTTAAACC-1,1,36,32,14191,9252
GTTACAATTGGTGACG-1,1,37,33,14434,9404
TTGCCCTGATCACGGG-1,1,36,34,14180,9537
CTAACCGCGCGCCCGT-1,1,37,35,14423,9689
CTAAAGAATGCCTACT-1,1,36,36,14169,9822
ACCCATCTTGAGGGTA-1,1,37,37,14412,9974
GATCTTTGCAGGGTAT-1,1,36,38,14158,10107
GGGTACTTCATGAACT-1,1,37,39,14401,10259
GCCGCTTGTGAGAAAC-1,1,36,40,14147,10393
CCTGTAAGACATGATA-1,1,37,41,14390,10545
CGACAGTTCGCGTTAT-1,1,36,42,14136,10678
ACGATGCATATGTTAT-1,1,37,43,14379,10830
TGTTCCGCTTCCATGA-1,1,36,44,14126,10963
GGATGACGCGAGTTTA-1,1,37,45,14368,11115
GAAGTTTCCACTCAAT-1,1,36,46,14115,11248
GCGAGGCCCGAGCAGA-1,1,37,47,14357,11400
CATACTATGTAATTGT-1,1,36,48,14104,11533
CCAATGTCACAGCAAG-1,1,37,49,14346,11685
GTTGGATTTGCGTTGG-1,1,36,50,14093,11818
GGGAGGATGCCCGAAA-1,1,37,51,14335,11970
GATCGCGGGCTCTCCA-1,1,36,52,14082,12104
GTTCGCCATAAGTGCC-1,1,37,53,14324,12256
AGATTATAGGACGTTT-1,1,36,54,14071,12389
TCGAGACCAACACCGT-1,1,37,55,14314,12541
TATGGGACCGAGCAGG-1,1,36,56,14060,12674
GATGCGTCCTGCATTC-1,1,37,57,14303,12826
TATGGTCTGAGTAACA-1,1,36,58,14049,12959
GCATAGAGCACTCAGG-1,1,37,59,14292,13111
CTTCATTGTCAGTGGA-1,1,36,60,14038,13244
GCAGATTAGGGATATC-1,1,37,61,14281,13396
CCTGTCGCCCGTAAAT-1,1,36,62,14027,13529
CAATTTCGTATAAGGG-1,1,37,63,14270,13681
GTACACTTACCTGAAG-1,1,36,64,14016,13814
CCAGCCTGGACCAATA-1,1,37,65,14259,13967
ATGGAGCAGGCCGTGA-1,1,36,66,14005,14100
GTCATTAGAGCGAACG-1,1,37,67,14248,14252
AAGACTGCAAGCTACT-1,1,36,68,13994,14385
CTAGTCACGTCTTAAG-1,1,37,69,14237,14537
ACTCTTGTATAGTAAC-1,1,36,70,13984,14670
ATTAGGCGATGCTTTC-1,1,37,71,14226,14822
TTCGGGACTAATCGCG-1,1,36,72,13973,14955
TGGACTGTTCGCTCAA-1,1,37,73,14215,15107
AACGTGCGAAAGTCTC-1,1,36,74,13962,15240
CCACCCAAGGAAAGTG-1,1,37,75,14204,15392
CCGCACAAAGACCAAC-1,1,36,76,13951,15525
GCGATTGTTAACGTTA-1,1,37,77,14193,15678
ACTCGTCAGTAATCCC-1,1,36,78,13940,15811
GGTGATAAGGAGCAGT-1,1,37,79,14182,15963
AAGAGGCATGGATCGC-1,1,36,80,13929,16096
CACGTTCGTGCTCTAG-1,1,37,81,14172,16248
CTATTTGGTTACGGAT-1,1,36,82,13918,16381
GTACAGAGGCAAGGGT-1,1,37,83,14161,16533
GGGCCGGCCGAAGTAC-1,1,36,84,13907,16666
CCTGAACGATATATTC-1,1,37,85,14150,16818
CCGGGCTGCTCCATAC-1,1,36,86,13896,16951
TACTTGTTAGTAGTCC-1,1,37,87,14139,17103
CCTAGGCGTAGCGATC-1,1,36,88,13885,17236
CTGGCGCACAGGTCTG-1,1,37,89,14128,17389
ACTTATACTTACCCGG-1,1,36,90,13874,17522
GAAGTCTCCCTAGCGA-1,1,37,91,14117,17674
ACCGATGGTAGCATCG-1,1,36,92,13863,17807
CGAGTTTATCGGACTG-1,1,37,93,14106,17959
CATAACGGACAGTCGT-1,1,36,94,13852,18092
TGACGATGCACTAGAA-1,1,37,95,14095,18244
TAGGGAGCTTGGGATG-1,1,36,96,13841,18377
AGGGTCGATGCGAACT-1,1,37,97,14084,18529
TATATCCCTGGGAGGA-1,1,36,98,13831,18662
CATCTTACACCACCTC-1,1,37,99,14073,18814
GTGCGACAGGGAGTGT-1,1,36,100,13820,18947
CCGATCTCAACCTTAT-1,1,37,101,14062,19100
ACGATCATCTTGTAAA-1,1,36,102,13809,19233
GAAAGAACAGCGTTAT-1,1,37,103,14051,19385
CTAGGTCTGAAGGAAT-1,1,36,104,13798,19518
ATATCAACCTACAGAG-1,1,37,105,14040,19670
AAATAGCTTAGACTTT-1,1,36,106,13787,19803
GCGACATGTAAACATC-1,1,37,107,14029,19955
ATAAGTAGGGCGACTC-1,1,36,108,13776,20088
GCGAGCGCATGCTCCC-1,1,37,109,14019,20240
AGGGACCGGCTGCGTT-1,1,36,110,13765,20373
CCTATGAAGTGGTGCC-1,1,37,111,14008,20525
GCTTACGTAGTTAGTA-1,1,36,112,13754,20658
CATACTTAGGCAATAC-1,1,37,113,13997,20811
CCTGTCCCTCACGTTA-1,1,36,114,13743,20944
CAATGTGCCAACCCTT-1,1,37,115,13986,21096
GTTAAGTTAGAGTGGG-1,1,36,116,13732,21229
CTGGGATACGCTACCC-1,1,37,117,13975,21381
AACCTGTCACGGAATT-1,1,36,118,13721,21514
ACTGCGGACACACCGT-1,1,37,119,13964,21666
CCGTGAGGCATTCATG-1,1,36,120,13710,21799
GCCCAGATGCTGGAGA-1,1,37,121,13953,21951
TCTGGCCGTTCAAGTT-1,1,36,122,13699,22084
ATACGAAGGCTTTCCA-1,1,37,123,13942,22236
GATCCGAATATAAGTG-1,1,36,124,13688,22369
GTGGAGCATGTCGGCC-1,1,37,125,13931,22522
ACTCTTCAGCTCCCGC-1,1,36,126,13678,22655
CCCGATAGCCTCGCCT-1,1,37,127,13920,22807
ACAGGTGTGTTGTTGC-1,1,38,0,14862,4708
TGAACTGCTATGACTT-1,1,39,1,15105,4860
TGACATATATGACGAT-1,1,38,2,14851,4993
AAGTCTTCTGTGGCCT-1,1,39,3,15094,5145
ACCAGACCATAACAAC-1,1,38,4,14840,5279
TGAGACGTACCTCTCA-1,1,39,5,15083,5431
GACCGTTACATGCGAC-1,1,38,6,14829,5564
GGTTCGGATTATACTA-1,1,39,7,15072,5716
CCTCCTGAGCCCACAT-1,1,38,8,14818,5849
CCGCGATTTGGTAGGT-1,1,39,9,15061,6001
AATCTCTACTGTGGTT-1,0,38,10,14807,6134
ACTTTGACTGCATCCT-1,1,39,11,15050,6286
CCCTGACTAACAAATT-1,1,38,12,14797,6419
ACGCTGTGAGGCGTAG-1,1,39,13,15039,6571
GCATACGAGGTCTTTA-1,1,38,14,14786,6704
TCGGGATTCAAACATA-1,1,39,15,15028,6856
GGGCCCTACGAAAGGG-1,1,38,16,14775,6990
CGCCAAGAAGCCGAGT-1,1,39,17,15017,7142
GGTACATCTGGGACGA-1,1,38,18,14764,7275
GGATGCTGGCGTTCCT-1,1,39,19,15006,7427
CCGATTCGAGGGACCC-1,0,38,20,14753,7560
CCACTGGTGGCTGGTT-1,1,39,21,14995,7712
GACAGGCACACACTAT-1,0,38,22,14742,7845
TCAACGCGACCGGCAG-1,1,39,23,14985,7997
CTACGACTAGCTATAA-1,0,38,24,14731,8130
CGGTTGACCTGGCATA-1,1,39,25,14974,8282
ATCCTGAATCGCTGCG-1,1,38,26,14720,8415
GTTTCATATCGTCGCT-1,1,39,27,14963,8567
ATAAATATTAGCAGCT-1,1,38,28,14709,8701
AAGAGGATGTACGCGA-1,1,39,29,14952,8853
TCCTGCGTTGATACTC-1,1,38,30,14698,8986
CGTGCATTGTCGACGC-1,1,39,31,14941,9138
CCGGGTTCGAGGTTAC-1,1,38,32,14687,9271
CCCAATTTCACAACTT-1,1,39,33,14930,9423
TGATTTATTAGCTGTG-1,1,38,34,14676,9556
TGGAAGAAGGGAACGT-1,1,39,35,14919,9708
GACGCTTGCTTCTAAA-1,1,38,36,14665,9841
GGGAACGGGAGGTTAG-1,1,39,37,14908,9993
GCGGCTCTGACGTACC-1,1,38,38,14655,10126
ACGTTAGATTTGCCCG-1,1,39,39,14897,10278
GAGAGGGCGCGAGGTT-1,1,38,40,14644,10412
GCGTCTCTGCATTGGG-1,1,39,41,14886,10564
GCAGCACACAGCCCAG-1,1,38,42,14633,10697
CAGGCCGTTTGGGTGT-1,1,39,43,14875,10849
AACTCAAGTTAATTGC-1,1,38,44,14622,10982
CTTCGTAGATAGGTGA-1,1,39,45,14864,11134
TGCAGAGTACCGAGCA-1,1,38,46,14611,11267
GAAGTGATTTATCGTG-1,1,39,47,14853,11419
CGCTACGGGACATTTA-1,1,38,48,14600,11552
CCACACTGAGATATTA-1,1,39,49,14843,11704
CGATCCGACCCAGTGC-1,1,38,50,14589,11837
CTGTACTTCTTAGCAT-1,1,39,51,14832,11989
ACTTATTAGGATCGGT-1,1,38,52,14578,12123
TAGTCCGCAGAGAATG-1,1,39,53,14821,12275
TTCACGAAAGGATCAC-1,1,38,54,14567,12408
TACATTTCTAACGTGC-1,1,39,55,14810,12560
ACCATATCCGCAATAA-1,1,38,56,14556,12693
CACTCAAGAGCTATGG-1,1,39,57,14799,12845
TGTACGAACAAATCCG-1,1,38,58,14545,12978
ATCATCCAATATTTGT-1,1,39,59,14788,13130
CGCTATTCTTAGGCTC-1,1,38,60,14534,13263
TGGCAGCAGTAATAGT-1,1,39,61,14777,13415
TCACGTGCCCGATTCA-1,1,38,62,14523,13548
CATACGGCGTCTGGGC-1,1,39,63,14766,13700
CACATGATTCAGCAAC-1,1,38,64,14512,13834
GCTAGTAGAGCTTGTA-1,1,39,65,14755,13986
TGCTGTTGAAGAACTC-1,1,38,66,14502,14119
CGGAGCATGGCGATCC-1,1,39,67,14744,14271
TAGCGTTGGGTCTTAC-1,1,38,68,14491,14404
GTAGCGGCTATACACT-1,1,39,69,14733,14556
TAACATACAATGTGGG-1,1,38,70,14480,14689
TCTTCGAATAGACGTT-1,1,39,71,14722,14841
GATCGTGACTGATATC-1,1,38,72,14469,14974
GATCCGGGAATTAACA-1,1,39,73,14711,15126
TTATATACGCTGTCAC-1,1,38,74,14458,15259
GTCGCGTAACCCGTTG-1,1,39,75,14700,15411
AGCTCTAGACGTTCCA-1,1,38,76,14447,15545
GTCAAGCGGACTCGGG-1,1,39,77,14690,15697
CGAGGGACTGCGGTCG-1,1,38,78,14436,15830
AATCGCCTCAGCGCCA-1,1,39,79,14679,15982
CTTGTTGCTGAGTCAA-1,1,38,80,14425,16115
GATATGAGACACTAAC-1,1,39,81,14668,16267
TTATGATCTTAACGAA-1,1,38,82,14414,16400
CGCCGCCCATGCCTGT-1,1,39,83,14657,16552
CTGGGATAAATAATGG-1,1,38,84,14403,16685
GTGCCCGTTCGGATTC-1,1,39,85,14646,16837
TTCAATACTCTGAATC-1,1,38,86,14392,16970
CGCACATGTCCACTAC-1,1,39,87,14635,17122
AGAAGAGCGCCGTTCC-1,1,38,88,14381,17255
GATAACTCGCACTGTG-1,1,39,89,14624,17408
AGTCGACGGTCTCAAG-1,1,38,90,14370,17541
GTGACCGCACACTACG-1,1,39,91,14613,17693
GTATGTGGGTCTAGTT-1,1,38,92,14360,17826
CTTGAGTTAGGGTAAT-1,1,39,93,14602,17978
TTAGCTGATTTGCCGT-1,1,38,94,14349,18111
GCTGTTGCTACCGAAC-1,1,39,95,14591,18263
TATTACCATCCTGCTT-1,1,38,96,14338,18396
TTGAATTCACGTGAGG-1,1,39,97,14580,18548
CCATCTCACCAGTGAA-1,1,38,98,14327,18681
CGCACGTGCGCTATCA-1,1,39,99,14569,18833
ACCCGGATGACGCATC-1,1,38,100,14316,18966
CGCTAGAGACCGCTGC-1,1,39,101,14558,19119
ATAGTTCCACCCACTC-1,1,38,102,14305,19252
GCAGACCCAGCACGTA-1,1,39,103,14547,19404
TAGACTACCTAGCGTT-1,1,38,104,14294,19537
GGTTCTACTCGTCTGA-1,1,39,105,14537,19689
GACTCACCCACGTGAG-1,1,38,106,14283,19822
AGCTCTTCGTAACCTT-1,1,39,107,14526,19974
ACTATCCAGGGCATGG-1,1,38,108,14272,20107
AAGGATCGATCGCTTG-1,1,39,109,14515,20259
ATATCGGTAGGGAGAT-1,1,38,110,14261,20392
TTCCAGACGAGATTTA-1,1,39,111,14504,20544
GACCGACGTGAAAGCA-1,1,38,112,14250,20677
CCTGGAAACGTTCTGC-1,1,39,113,14493,20830
CCGGTAATGGCTAGTC-1,1,38,114,14239,20963
GCCGTGGAAGAAATGT-1,1,39,115,14482,21115
GTCTTGAGGAGCAGTG-1,1,38,116,14228,21248
TCCCAAAGCCCTAAAT-1,1,39,117,14471,21400
TTGAGCGCCACGTGAT-1,1,38,118,14217,21533
TTGAGTCCCGCTGCTG-1,1,39,119,14460,21685
ATGGAACCTTTGCACA-1,1,38,120,14207,21818
GCTAGCACCTGGGCCA-1,1,39,121,14449,21970
CGCCGTCTACCCATCG-1,1,38,122,14196,22103
GATAGGTGTCCCGGGC-1,1,39,123,14438,22255
AGGTATGCGGACATTA-1,1,38,124,14185,22388
TTGGTTCGCTCAAAGG-1,1,39,125,14427,22541
TCTGGAGCGTAAGAGT-1,1,38,126,14174,22674
TGCCTAAATTTAATAG-1,1,39,127,14416,22826
TAATTTCCGTCCAGTA-1,1,40,0,15358,4727
TCCTTCAATCCCTACG-1,1,41,1,15601,4879
TACCTATCCCTAGAGG-1,1,40,2,15347,5012
GCATGGGTACTGACGC-1,1,41,3,15590,5164
GTCGGGAACATGGTAG-1,1,40,4,15336,5298
GCAAATGAGGACACTT-1,1,41,5,15579,5450
GAATGGGCTTATCGAC-1,1,40,6,15326,5583
TGGTCGTGCAAGGCAA-1,1,41,7,15568,5735
CACCACGCCACACAGA-1,1,40,8,15315,5868
GAACCTCGACCTACAC-1,1,41,9,15557,6020
CAATACGCTCTGAGGC-1,1,40,10,15304,6153
TGGTAAGCAGGATTGA-1,1,41,11,15546,6305
AGTGGCTCCGTCGGCC-1,1,40,12,15293,6438
GATCGGATAGAACCAT-1,1,41,13,15535,6590
GCTACAGTACGGACCG-1,1,40,14,15282,6723
TCTATTACTAGAGGAT-1,1,41,15,15524,6875
TTCAGGCGTCAAAGCC-1,1,40,16,15271,7009
AGACCGGGAAACCCTG-1,1,41,17,15514,7161
AGAGATCTCTAAAGCG-1,1,40,18,15260,7294
CCCTGCCCAATCCGCT-1,1,41,19,15503,7446
GTGGCGGTCCCAGCGT-1,1,40,20,15249,7579
GCATTGTAATTCATAT-1,1,41,21,15492,7731
CCGTTCCGAATCTCGG-1,1,40,22,15238,7864
AGCTTGATCTTAACTT-1,1,41,23,15481,8016
CCTGTACTCACGCCCA-1,1,40,24,15227,8149
AAGTGACGACCGAATT-1,1,41,25,15470,8301
CTCACTTGGCTGGTAA-1,1,40,26,15216,8434
CGCCTGGCCTACGTAA-1,1,41,27,15459,8586
CCCGTAAGTCTAGGCC-1,1,40,28,15205,8720
TTGGACATGTGGCTTA-1,1,41,29,15448,8872
ATTACGCGCTGGCAGG-1,1,40,30,15194,9005
ACGCGCTACACAGGGT-1,1,41,31,15437,9157
TACGTTTACCGGCAAT-1,1,40,32,15183,9290
CGAAACGCAATTCATG-1,1,41,33,15426,9442
TAGTCTAACAACGAGA-1,1,40,34,15173,9575
TTGCATGCTGATCACG-1,1,41,35,15415,9727
TCTGGGTAGCGCTCAT-1,1,40,36,15162,9860
ACATCGGTCAGCCGCG-1,1,41,37,15404,10012
AGATACCGGTGTTCAC-1,1,40,38,15151,10145
GATTACTGAATTTGGG-1,1,41,39,15393,10297
TCCAACTTTAAATTCT-1,1,40,40,15140,10431
TCCTAGCAAAGAAGCT-1,1,41,41,15382,10583
GTCTATCTGAGTTTCT-1,1,40,42,15129,10716
GATGTTCAATCCACGA-1,1,41,43,15371,10868
AGTTAAACACTTGCGA-1,1,40,44,15118,11001
AGCTCTTTACTCAGTT-1,1,41,45,15361,11153
ATCCAGGATTCGTGAA-1,1,40,46,15107,11286
AGTCAACACCACCATC-1,1,41,47,15350,11438
CGATACCTCGCGGACA-1,1,40,48,15096,11571
TACAACGCACAACTCA-1,1,41,49,15339,11723
AATTAAAGGTCGGCGT-1,1,40,50,15085,11856
TACGCAGTTCTTTCCT-1,1,41,51,15328,12008
GACCGTGCTGACGGTG-1,1,40,52,15074,12142
GGCAAATTACTTTACT-1,1,41,53,15317,12294
GGTACAAACATGCTAT-1,1,40,54,15063,12427
CGGGCCTTCTTTGTAA-1,1,41,55,15306,12579
CGTGAAGTTAATTCAC-1,1,40,56,15052,12712
ATAGTGAAGCGTTCTC-1,1,41,57,15295,12864
TACGCCATATTCTAAT-1,1,40,58,15041,12997
GCCGGGTTAGGGTCGC-1,1,41,59,15284,13149
TACATAGGCATACACC-1,1,40,60,15031,13282
GCCGATTGGCCAAGCT-1,1,41,61,15273,13434
CTGCCATGCATCACAT-1,1,40,62,15020,13567
TTATGAATGAAAGGGA-1,1,41,63,15262,13719
GCTGAGGCGTGAGTAT-1,1,40,64,15009,13853
GCGCCGTTCCACGATA-1,1,41,65,15251,14005
CGCATGGTGCGATGCT-1,1,40,66,14998,14138
AGGTTTCACACACCTT-1,1,41,67,15240,14290
CAAGGATCGCATGTTC-1,1,40,68,14987,14423
ACGTTAATGTCGAAGA-1,1,41,69,15229,14575
TCCAGAGCACCGGTTC-1,1,40,70,14976,14708
GATTCGACGGTTCACG-1,1,41,71,15219,14860
GTTTCTGCAGTCTCCC-1,1,40,72,14965,14993
GCTGCACGGTTTCTTA-1,1,41,73,15208,15145
CGTGCAGACTGGGACA-1,1,40,74,14954,15278
GTGTTACTATGCGTCC-1,1,41,75,15197,15430
TCCTCGGGCTGGGCTT-1,1,40,76,14943,15564
GTGAGGACACTTAAGG-1,1,41,77,15186,15716
ATACGCCGGCGAAACC-1,1,40,78,14932,15849
TCTGCCAGAAACTGCA-1,1,41,79,15175,16001
TTCTGCGGGTTAGCGG-1,1,40,80,14921,16134
CTCGGTACCACTGCTC-1,1,41,81,15164,16286
GTAAGTAACAGTCTGG-1,1,40,82,14910,16419
GTGCGTGTATATGAGC-1,1,41,83,15153,16571
ATTTGTCTTGGGAGCT-1,1,40,84,14899,16704
CCTCGGACCGGGATAG-1,1,41,85,15142,16856
TAGGTGCTCGCCTAGC-1,1,40,86,14888,16989
CTTTAGGAACACTGTT-1,1,41,87,15131,17141
TCGGGCCGTCGTGGTA-1,1,40,88,14878,17275
AGTGCTTGCACGAATA-1,1,41,89,15120,17427
TGCAGTTTCCTCCCAT-1,1,40,90,14867,17560
TGAGAGATTTACCACG-1,1,41,91,15109,17712
GAAACAGATGACCACC-1,1,40,92,14856,17845
AGCAACATATCTTATT-1,1,41,93,15098,17997
CAAGTGTGGTTGCAAA-1,1,40,94,14845,18130
GCCTCATCTGGAAATA-1,1,41,95,15087,18282
AACCCTACTGTCAATA-1,1,40,96,14834,18415
ACGTATTACTCCGATC-1,1,41,97,15076,18567
TCTGGGAACCTTTGAA-1,1,40,98,14823,18700
GCTCGCTCATGTCCAA-1,1,41,99,15066,18852
GCGCAAGAGCGCGCTG-1,1,40,100,14812,18985
TTGACGCTCCATGAGC-1,1,41,101,15055,19138
TATAGATGGTCGCAGT-1,1,40,102,14801,19271
TTACATGCCACAACTA-1,1,41,103,15044,19423
ACATGGCGCCAAAGTA-1,1,40,104,14790,19556
TATGGTTAGTGGGAGA-1,1,41,105,15033,19708
CATGACTTCGCTGAAT-1,1,40,106,14779,19841
ACCACCAATGTAACAA-1,1,41,107,15022,19993
TCTTAGAGCTCCAATT-1,1,40,108,14768,20126
CCACGAATTTAACCTC-1,1,41,109,15011,20278
TTCTTGCTAGCATCTC-1,1,40,110,14757,20411
ACACCTTACTACTTGC-1,1,41,111,15000,20563
AGTCGGTTGCGTGAGA-1,1,40,112,14746,20696
ACCTACAGTATGTGGT-1,1,41,113,14989,20849
GAGGATAAACAGTGCT-1,1,40,114,14735,20982
TTCCGGTATCTGTGTC-1,1,41,115,14978,21134
GGAGGCCGAAGTCGTC-1,1,40,116,14725,21267
TTCGCTAGGAAGTTGT-1,1,41,117,14967,21419
TAAAGACAACCCTTTA-1,1,40,118,14714,21552
GTTGCGCTAACATTAC-1,1,41,119,14956,21704
GCTGAACTCTCCAGGG-1,1,40,120,14703,21837
AGCCCTGTCGCACCGT-1,1,41,121,14945,21989
AGCGCTAGAGCGATGT-1,1,40,122,14692,22122
TGCGCCGTTAATAACG-1,1,41,123,14934,22274
TGACAACGCATGTCGC-1,1,40,124,14681,22407
CGTCTTGAGTGTGACG-1,1,41,125,14923,22560
GATAGGATTAATTACA-1,1,40,126,14670,22693
GATACCGTGTCGGAGT-1,1,41,127,14913,22845
TGTGTCGAAGTCGAGG-1,1,42,0,15854,4746
GGATCAGAGCCATCAG-1,1,43,1,16097,4898
GTCCCAATCATCCCGC-1,1,42,2,15844,5031
TGCCACACTAGAGGAA-1,0,43,3,16086,5183
TGAATTTCACTTGCCT-1,0,42,4,15833,5317
CTCAGATTGTGATAAG-1,1,43,5,16075,5469
CGGACGTTACTTGAAG-1,1,42,6,15822,5602
CCGCCTTGCGATGTCG-1,1,43,7,16064,5754
CCAGTCAAATCTCTTA-1,1,42,8,15811,5887
AAACAGCTTTCAGAAG-1,1,43,9,16053,6039
TAGCTGATGTGAAGCG-1,1,42,10,15800,6172
CTTATGCGCTCAGGGC-1,1,43,11,16042,6324
TGGCTCTTGTCGCGTA-1,1,42,12,15789,6457
TTGTGAGGCATGACGC-1,1,43,13,16032,6609
CATAAGCTCTCCGTCT-1,1,42,14,15778,6742
CCTTCTCAGCGTTCCT-1,1,43,15,16021,6894
TGCAGCTACGTACTTC-1,1,42,16,15767,7028
CTCTACACTGGCGATT-1,1,43,17,16010,7180
TGCAGATCGTCCTAGG-1,1,42,18,15756,7313
TGCCAAAGTCAGACTT-1,1,43,19,15999,7465
ACAATAGTCGTACGTT-1,1,42,20,15745,7598
CATGCCAACTCGCAAA-1,1,43,21,15988,7750
TGCAGAACTATATCGT-1,1,42,22,15734,7883
TCGTGTCACGCTGACA-1,1,43,23,15977,8035
TGATCAGGGAACTGCT-1,1,42,24,15723,8168
CTTGCAACCGCCTCCT-1,1,43,25,15966,8320
AGCCCATACATGTAAG-1,1,42,26,15712,8453
ATCCAATGGAGGGTCC-1,1,43,27,15955,8605
AAACCGGGTAGGTACC-1,1,42,28,15702,8739
GCAACCACGGCCGCGT-1,1,43,29,15944,8891
CGCTTATTCCCGGTCG-1,1,42,30,15691,9024
TTACTCTGGTACGTAC-1,1,43,31,15933,9176
GTGGTTTCCGCCTTTC-1,1,42,32,15680,9309
ATAGGCGGCTATAGAA-1,1,43,33,15922,9461
GTGCCATCACACGGTG-1,1,42,34,15669,9594
CCCAACATACGTCGCG-1,1,43,35,15911,9746
CGGTGCAGATAGAACG-1,1,42,36,15658,9879
GGGCGGGTTCCCTACG-1,1,43,37,15900,10031
TGAGCCATACAGTCTC-1,1,42,38,15647,10164
CTCCGCCCACATGAGG-1,1,43,39,15890,10316
GTTGAACCGGTTCCAT-1,1,42,40,15636,10450
TTGACTACCATATGGT-1,1,43,41,15879,10602
ACCATCGTATATGGTA-1,1,42,42,15625,10735
TGCGTAAGAACCTGAT-1,1,43,43,15868,10887
AGAAGGTTGCCGAATT-1,1,42,44,15614,11020
AGGACGACCCATTAGA-1,1,43,45,15857,11172
GGTGCTGGTACACATT-1,1,42,46,15603,11305
GCGCTATGCCGAGGCA-1,1,43,47,15846,11457
ACCCGGTTACACTTCC-1,1,42,48,15592,11590
TAACTCATCCGCGCGG-1,1,43,49,15835,11742
CACAATGAGCTGCTAT-1,1,42,50,15581,11875
GTTACTTTGGGCCTAG-1,1,43,51,15824,12027
GGGCCCGTCTTAAACA-1,1,42,52,15570,12161
GAAATTGTCTCTATAA-1,1,43,53,15813,12313
GGCGCATGAATTGATG-1,1,42,54,15559,12446
CATATAGGTACAGTCA-1,1,43,55,15802,12598
TCAACGAGGAGACAAA-1,1,42,56,15549,12731
TTGCACAATTCAGAAA-1,1,43,57,15791,12883
CATCGGACGGGTTAAT-1,1,42,58,15538,13016
ATTAAACATGCGGACC-1,1,43,59,15780,13168
TATCTACCACAGCGGG-1,1,42,60,15527,13301
CGAGACCCTAGAGTGT-1,1,43,61,15769,13453
ACATCGATCGTTTACC-1,1,42,62,15516,13586
ATCGACCCAATACAGA-1,1,43,63,15758,13738
GAATCTGAACATTCTC-1,1,42,64,15505,13872
AGTTCCTATTTATGTT-1,1,43,65,15747,14024
CAGTCTGTATACTGGG-1,1,42,66,15494,14157
GGAGACGACACCTTTG-1,1,43,67,15737,14309
CCTAAATTAACGGTTC-1,1,42,68,15483,14442
GCTACGACTTATTGGG-1,1,43,69,15726,14594
CTGTGCAGGGTAGGTC-1,1,42,70,15472,14727
ACGCCGCTAGACGACC-1,1,43,71,15715,14879
ACTTGACTCCCTCTTT-1,1,42,72,15461,15012
CGCCTCCCTCCTCTAT-1,1,43,73,15704,15164
CTAGATTTACGACGGC-1,1,42,74,15450,15297
GATGCTGTATTTCATC-1,1,43,75,15693,15449
TGCGTTTGTTGACACT-1,1,42,76,15439,15583
CGTGCCCTCCCGAAGA-1,1,43,77,15682,15735
ACTCTCTGACTTAGGT-1,1,42,78,15428,15868
CTGGGTAGGCAGTTAA-1,1,43,79,15671,16020
GTTTGGCCCAAGTTAT-1,1,42,80,15417,16153
GAATGTGGTCCGGATT-1,1,43,81,15660,16305
CCCAGTTAAGGCGCCG-1,1,42,82,15407,16438
CGGTACTAGAATCAAA-1,1,43,83,15649,16590
GCTTAATGTAACTAAC-1,1,42,84,15396,16723
AGGACAGTCGAATCCC-1,1,43,85,15638,16875
GACAGCCAGACCTGAC-1,1,42,86,15385,17008
GGCGAAATCTAACTTG-1,1,43,87,15627,17160
CTGGTAACACATAGAA-1,1,42,88,15374,17294
TAGCCATTTCAAAGTC-1,1,43,89,15616,17446
GGGATTTACCGCACCT-1,1,42,90,15363,17579
ATGCCATTTGCGACCA-1,1,43,91,15605,17731
GAATAGACGCGACCCA-1,1,42,92,15352,17864
TGTATGGCGCAGACAG-1,1,43,93,15595,18016
GGATGAAGATCGCTGA-1,1,42,94,15341,18149
CGACAATTTGATCTAA-1,1,43,95,15584,18301
AAAGTTGACTCCCGTA-1,1,42,96,15330,18434
CGCGGCTCAACTTGAA-1,1,43,97,15573,18586
CACGCGGAACTGTTGC-1,1,42,98,15319,18719
TCTTAGAGTGAACTCT-1,1,43,99,15562,18871
AGTCCATTGGCTGATG-1,1,42,100,15308,19005
TTAAGATAGGATTGAC-1,1,43,101,15551,19157
ACATCCTGGTAACTGT-1,1,42,102,15297,19290
CACCTTGGCGCCTTTG-1,1,43,103,15540,19442
GCTAGACCGTCTACTG-1,1,42,104,15286,19575
CGGCCCAGGTATATCC-1,1,43,105,15529,19727
GTCCATTACTGCTACG-1,1,42,106,15275,19860
GGGTTTAGGATAGGAT-1,1,43,107,15518,20012
TAATTAGGACATCCGT-1,1,42,108,15264,20145
GCTCCCAGTCGGTCCA-1,1,43,109,15507,20297
ATTCGTGCTATCTCTT-1,1,42,110,15254,20430
GTTAACTATGTTGTCA-1,1,43,111,15496,20582
GCTCCGCTCGCTTCAG-1,1,42,112,15243,20716
GCAACGGCTAGTTATG-1,1,43,113,15485,20868
AATCGCGCAGAGGACT-1,1,42,114,15232,21001
AGGTTACACCATGCCG-1,1,43,115,15474,21153
CGAGATTTCGCTCGGG-1,1,42,116,15221,21286
CGATAATACTCAGGTT-1,1,43,117,15463,21438
AAGGCAGGCTGTCTCC-1,1,42,118,15210,21571
GTAAGTCCACACTCTA-1,1,43,119,15452,21723
ATGAGGGCAGCGGCTA-1,1,42,120,15199,21856
GCCGCACTCCGTTTCA-1,1,43,121,15442,22008
GAGCACGGCGCCTCTT-1,1,42,122,15188,22141
ACAATTTGGCCATATT-1,1,43,123,15431,22293
CTGGTTCGCGAGCTAC-1,1,42,124,15177,22426
GACGGTCCTAGGGTGT-1,1,43,125,15420,22579
ACTCGCGATCTGACGC-1,1,42,126,15166,22712
GTGTACGAACCGTTCC-1,1,43,127,15409,22864
CTTTGACGTCGCTTCT-1,0,44,0,16351,4765
CGTTATCATACTTCCA-1,0,45,1,16593,4917
GCTATGCCAGCTTATG-1,0,44,2,16340,5050
CAGTCGGCCTAGATAT-1,0,45,3,16582,5203
CCCGTGAGGGCGGTGA-1,1,44,4,16329,5336
TCTCGTGTTACGAGGA-1,1,45,5,16571,5488
ACGTCTCGTTCCGGGA-1,1,44,6,16318,5621
CGAGAGCGCGTAGATA-1,1,45,7,16561,5773
GACAGATTTCTGGCTC-1,1,44,8,16307,5906
GGGCCTAAATGGGCTA-1,1,45,9,16550,6058
ACTTGTAGTCCCTTCA-1,1,44,10,16296,6191
CCCGAAGTTTCGCGAA-1,1,45,11,16539,6343
ACCATCCGCCAACTAG-1,1,44,12,16285,6476
TGCGAATATGGGATTT-1,1,45,13,16528,6628
TACATCCCTATCCCTG-1,1,44,14,16274,6761
GTGGGAAGACTGAATC-1,1,45,15,16517,6914
TCAACATCGACCGAGA-1,1,44,16,16263,7047
CTATGTGAGTCACGGC-1,1,45,17,16506,7199
CCGAACACTGGGCCTC-1,1,44,18,16252,7332
AAACTTGCAAACGTAT-1,1,45,19,16495,7484
AGGGCGAGCAGCTGAT-1,1,44,20,16241,7617
AACACGAGACGCGGCC-1,1,45,21,16484,7769
TGACGAATATTTCCCT-1,1,44,22,16230,7902
TCGGAGAGTATCGGGA-1,1,45,23,16473,8054
CAAATCTCTCACAAGG-1,1,44,24,16220,8187
AGGCCCTAGAACGCCA-1,1,45,25,16462,8339
TAGAGATCATGCAACT-1,1,44,26,16209,8472
TTGTTTCCATACAACT-1,1,45,27,16451,8624
GAGAGGTGCATTCTGG-1,1,44,28,16198,8758
GTGGACCAACCCGATT-1,1,45,29,16440,8910
CTGGGCCTGCTATATC-1,1,44,30,16187,9043
CATAGTCCACAAGAAC-1,1,45,31,16429,9195
TTGACATGAACGTGGA-1,1,44,32,16176,9328
GGTTACCACCCTCGGG-1,1,45,33,16418,9480
TACCGGTCGTTTCCAT-1,1,44,34,16165,9613
CGAGTACTAAAGAGGA-1,1,45,35,16408,9765
GCAAGAATTCCTTGGC-1,1,44,36,16154,9898
TCGCCGAAGTTGCGTC-1,1,45,37,16397,10050
TTGAGAGTACTGCTAA-1,1,44,38,16143,10183
GCCACAATTTAAGGAC-1,1,45,39,16386,10335
ATATTCAGTTAAACCT-1,1,44,40,16132,10469
TGAGTGCCTCTTAAAT-1,1,45,41,16375,10621
ATCAGACGGCACGCCG-1,1,44,42,16121,10754
GTGCGAAATCGAACAC-1,1,45,43,16364,10906
GTGCCGCTTCAAAGGT-1,1,44,44,16110,11039
GATACGATGGGAGTCA-1,1,45,45,16353,11191
GACACTGAGTTCAGTG-1,1,44,46,16099,11324
ATCCTGCGTGGAATGG-1,1,45,47,16342,11476
ATCCTACCTAAGCTCT-1,1,44,48,16088,11609
AGTGATATGAGTAGTT-1,1,45,49,16331,11761
ATGATGCAATGGTACA-1,1,44,50,16078,11894
GAAACCGAATTACCTT-1,1,45,51,16320,12046
AGTGACCTACTTTACG-1,1,44,52,16067,12180
CAAATGTCCTTCCGTG-1,1,45,53,16309,12332
TTACTGGGATATTTCA-1,1,44,54,16056,12465
CTTGCCCAGGCTCTAC-1,1,45,55,16298,12617
AAATCGTGTACCACAA-1,1,44,56,16045,12750
GTGATCATAGATCTGC-1,1,45,57,16287,12902
TGGCAGATTACGATCA-1,1,44,58,16034,13035
TCACCCTCTTAAGATT-1,1,45,59,16276,13187
CAGGATATATCGTTGT-1,1,44,60,16023,13320
CCTGACCACCGATGGT-1,1,45,61,16266,13472
CTAAAGGGAAATAGGA-1,1,44,62,16012,13605
CCGCTATCAGCACCAG-1,1,45,63,16255,13757
CTTTAGTGCTATTATT-1,1,44,64,16001,13891
CGGGAATTTATGTAAA-1,1,45,65,16244,14043
TACGACTGCCTCTTAG-1,1,44,66,15990,14176
AAACTGCTGGCTCCAA-1,1,45,67,16233,14328
GTACGTTTGCCCGTCA-1,1,44,68,15979,14461
GGCAAGGCGAAATAGC-1,1,45,69,16222,14613
GATCTTGGAGGGCATA-1,1,44,70,15968,14746
AGCGTGGTATTCTACT-1,1,45,71,16211,14898
CTAAGGGAATGATTGG-1,1,44,72,15957,15031
CATGGTAAGTAGCGTT-1,1,45,73,16200,15183
CGTTGAGCGACCGTCG-1,1,44,74,15946,15316
TGCCCGTACCGTTAAA-1,1,45,75,16189,15468
ACAAGGGCAGGCTCTG-1,1,44,76,15935,15602
GAGATCTTCCATGACA-1,1,45,77,16178,15754
AATGACGTAGGATGTC-1,1,44,78,15925,15887
GTGGTGGCCAAGTGAA-1,1,45,79,16167,16039
TCCCGTGTGCAATTTG-1,1,44,80,15914,16172
ACATCGTATGCAATGG-1,1,45,81,16156,16324
GCGAAACTTAACTGGA-1,1,44,82,15903,16457
AATTGAACGCTCTGGT-1,1,45,83,16145,16609
ACAAATGGTAGTGTTT-1,1,44,84,15892,16742
ATGGTCGCGTGGTTTC-1,1,45,85,16134,16894
TGTTATTGTATGTGGC-1,1,44,86,15881,17027
TTCCGGTTACCCACTT-1,1,45,87,16123,17179
GAGTGTGCGGTACCCA-1,1,44,88,15870,17313
CAAGATATTATAACGT-1,1,45,89,16113,17465
ACACACCAGGACCAGT-1,1,44,90,15859,17598
ATGGGCCTCGGCCTCT-1,1,45,91,16102,17750
AAGGTGATAAACCAGC-1,1,44,92,15848,17883
TCTTACTTATGCCTCT-1,1,45,93,16091,18035
AAAGTGTGATTTATCT-1,1,44,94,15837,18168
TGCTCCACAGTTCTTA-1,1,45,95,16080,18320
CTGGCTGATTCATCCT-1,1,44,96,15826,18453
TAAGGCTGAATCCCTC-1,1,45,97,16069,18605
TCTAGTGATATCGTGG-1,1,44,98,15815,18738
TCGAAGAACCGAGCAC-1,1,45,99,16058,18890
GACAAACATATGCAGG-1,1,44,100,15804,19024
AAGTCAATTGTCGTCA-1,1,45,101,16047,19176
AGTGAACAAACTTCTC-1,1,44,102,15793,19309
CATGATGGAAGTTAGC-1,1,45,103,16036,19461
AAGTGCCTTGACTGTA-1,1,44,104,15783,19594
ATCGCCAGTCAACATT-1,1,45,105,16025,19746
ACCGCGGTGGAAGTCG-1,1,44,106,15772,19879
TCTTCTATAACCCGCC-1,1,45,107,16014,20031
CACATTTCTTGTCAGA-1,1,44,108,15761,20164
TAGCGTCCCTCGATTG-1,1,45,109,16003,20316
GTTCGGATCGGGAACA-1,1,44,110,15750,20449
CAAACTCGCGACGCCG-1,1,45,111,15992,20601
GTCTTGTAGCTATTCA-1,1,44,112,15739,20735
TCTCGACGTATCGCCG-1,1,45,113,15981,20887
TTGCCAAGCAGAACCC-1,1,44,114,15728,21020
AAACCCGAACGAAATC-1,1,45,115,15971,21172
TTGAGCAGCCCACGGT-1,1,44,116,15717,21305
CGCCTTTAGCATGCTC-1,1,45,117,15960,21457
TGTGGCTCCCACCAAC-1,1,44,118,15706,21590
CCGCCGTTGAGGATAA-1,1,45,119,15949,21742
CAATACGAGAGTCTGA-1,1,44,120,15695,21875
CATCTAGTGAAGGGAA-1,1,45,121,15938,22027
GGTGGAGGTTGATACG-1,1,44,122,15684,22160
CCGCACACGAACGTGT-1,1,45,123,15927,22312
AGAACCCAGCGTGACA-1,1,44,124,15673,22446
GCGCTCGATCACCTGT-1,1,45,125,15916,22598
ATCATGGACTACCGAC-1,1,44,126,15662,22731
TACGCCGCCTCAGAAG-1,1,45,127,15905,22883
CGACCTACTAGACAAT-1,0,46,0,16847,4784
GAGTCTTGTAAAGGAC-1,0,47,1,17090,4936
AATATCCTAGCAAACT-1,0,46,2,16836,5069
CCCTAGGCAACAAGAG-1,1,47,3,17079,5222
ACAAAGAAGGTAGGCC-1,1,46,4,16825,5355
CCCTGGCTGTTCCTTC-1,1,47,5,17068,5507
TCGCCGCACCGCGTGA-1,1,46,6,16814,5640
TATAGCGCACGTTATC-1,1,47,7,17057,5792
TTATCTGACATTAGGA-1,1,46,8,16803,5925
AGTGGTGTTACCCGTG-1,1,47,9,17046,6077
GCCAAGAATACTTCTG-1,1,46,10,16792,6210
CCGGCGTGAGACTCTG-1,1,47,11,17035,6362
TTCCCGGCGCCAATAG-1,1,46,12,16781,6495
AAACAGGGTCTATATT-1,1,47,13,17024,6647
ACAGTAATACAACTTG-1,1,46,14,16770,6780
CGAACGGCCGGACAAC-1,1,47,15,17013,6933
GCAACACACTAGAACT-1,1,46,16,16759,7066
ACTCCCATTCCTAAAG-1,1,47,17,17002,7218
ACCTGCGTGTCATGTT-1,1,46,18,16749,7351
TACTTTCCGCACGCCA-1,1,47,19,16991,7503
AGGTCAGGTGAGAGTG-1,1,46,20,16738,7636
TCCTCCTAAGACATTC-1,1,47,21,16980,7788
ATGTGAAAGCCTAATG-1,1,46,22,16727,7921
AGTCGGCTCAACTTTA-1,1,47,23,16969,8073
CGATCTGTTGGAGGAC-1,1,46,24,16716,8206
ACGGGAGTGTCGGCCC-1,1,47,25,16958,8358
TTAACTTCAGGTAGGA-1,1,46,26,16705,8491
CCACGGAGCCATAAGA-1,1,47,27,16947,8644
CTTCTATGTTGAAGTA-1,1,46,28,16694,8777
CACCGTTGCGCGATAT-1,1,47,29,16937,8929
TCTAGCAATCTCCGCC-1,1,46,30,16683,9062
AGTTTGGCCAGACCTA-1,1,47,31,16926,9214
TTGTAAGGACCTAAGT-1,1,46,32,16672,9347
AAATTTGCGGGTGTGG-1,1,47,33,16915,9499
AAGTTCGGCCAACAGG-1,1,46,34,16661,9632
CCGCTTACCTCACTCT-1,1,47,35,16904,9784
ATCACGTGCTAATTAA-1,1,46,36,16650,9917
GGTGAAGTACAGGGAT-1,1,47,37,16893,10069
GCTGTATTACTGGCCC-1,1,46,38,16639,10202
AACGGCCATCTCCGGT-1,1,47,39,16882,10354
TAAGTAACATCTTGAC-1,1,46,40,16628,10488
TTCTTGAGCCGCGCTA-1,1,47,41,16871,10640
AGTGCGTAGCTCGTAA-1,1,46,42,16617,10773
GGGATGGTCGTAACCG-1,1,47,43,16860,10925
GTCTGGGCGGTCGAGA-1,1,46,44,16606,11058
CGGAACGTAAACATAG-1,1,47,45,16849,11210
TGCGACACCCTAGTGC-1,1,46,46,16596,11343
CAAACGAGTATCGCAG-1,1,47,47,16838,11495
TCAGTAGGGACTATAA-1,1,46,48,16585,11628
GCGGTTCCCTATCATG-1,1,47,49,16827,11780
GTGACTTCAGTAGTGC-1,1,46,50,16574,11913
CGTCACGTCCATTGGT-1,1,47,51,16816,12065
ATAAGTTACCGCGACG-1,1,46,52,16563,12199
CTGAATCCGAGACCTC-1,1,47,53,16805,12351
TACGACGCTTGCTGCG-1,1,46,54,16552,12484
GAATTCACCCGGGTGT-1,1,47,55,16794,12636
GGGTGACACCTTAACT-1,1,46,56,16541,12769
TGAGTAAATTAGCGTA-1,1,47,57,16784,12921
GAGTCCGCTTACCGGA-1,1,46,58,16530,13054
GGCGCGTTCGAGTTTA-1,1,47,59,16773,13206
ATTCATATACTGTCCA-1,1,46,60,16519,13339
ATAAACGGACCCGTAA-1,1,47,61,16762,13491
GTCGTACCATCTCGGG-1,1,46,62,16508,13624
ATAATAGCTGTTGAAT-1,1,47,63,16751,13776
TTCCGCGTGAGGCGAT-1,1,46,64,16497,13910
TACCGGCTCACTGCCC-1,1,47,65,16740,14062
GTATCTTTCATAACCA-1,1,46,66,16486,14195
GTTACCTACAACTTGC-1,1,47,67,16729,14347
TGACTATAATCCTTTC-1,1,46,68,16475,14480
AAATACCTATAAGCAT-1,1,47,69,16718,14632
TTATTAGAGCGTGTTC-1,1,46,70,16464,14765
ATGTGGACATCTTGAT-1,1,47,71,16707,14917
GTACGCTTCATTGCAC-1,1,46,72,16454,15050
CACATATTAGCAGGAT-1,1,47,73,16696,15202
CAAGAGGGCGGAGTAC-1,1,46,74,16443,15335
TCGCAAAGATGCATTT-1,1,47,75,16685,15487
GTCGTTATTCGCTTAT-1,1,46,76,16432,15621
TCGTGTACTATGGATG-1,1,47,77,16674,15773
GCGGAGAGGGAGAACG-1,1,46,78,16421,15906
TCACAGGGAATCGCAA-1,1,47,79,16663,16058
GACTGCACCAGCCCAG-1,1,46,80,16410,16191
TCCGCTGTCATCCCGG-1,1,47,81,16652,16343
AGATACTCAAGATCGA-1,1,46,82,16399,16476
ACTGAATGGCGAAAGT-1,1,47,83,16642,16628
TCCTACATCCACGGCC-1,1,46,84,16388,16761
TTCAGCCCTGGTCCAC-1,1,47,85,16631,16913
TTAGAGTTTAGAAGGA-1,1,46,86,16377,17046
GGTTAGCTATATGTCT-1,1,47,87,16620,17198
CTGGTTTCGAGCAAGA-1,1,46,88,16366,17332
TGGGCCCATACTAATT-1,1,47,89,16609,17484
ACTTATTTATGTGCCA-1,1,46,90,16355,17617
TTAGTTATTCGTGGCA-1,1,47,91,16598,17769
AACCGCTAAGGGATGC-1,1,46,92,16344,17902
ATACGTCCACTCCTGT-1,1,47,93,16587,18054
CGACACGCTCCGACAG-1,1,46,94,16333,18187
TCTGAACTCGTACCCG-1,1,47,95,16576,18339
AGGATATAGGGATTTA-1,1,46,96,16322,18472
GTGATCACTAACGCCT-1,1,47,97,16565,18624
ACCGGGCCTTTGTTGA-1,1,46,98,16311,18757
TTGACAGGAGCTCCCG-1,1,47,99,16554,18909
CTCTTCTATTGACTGG-1,1,46,100,16301,19043
CGTGGCCGAATATCTA-1,1,47,101,16543,19195
GGTTTAGCCTTTCTTG-1,1,46,102,16290,19328
TCAAGGTTACTACACC-1,1,47,103,16532,19480
TTGACTATTGTCCGGC-1,1,46,104,16279,19613
CGGGAATATAGTATAC-1,1,47,105,16521,19765
GCAACAGCAGTATGCG-1,1,46,106,16268,19898
ATCAAACACTGTTCCA-1,1,47,107,16510,20050
TGGGCAATAGTTGGGT-1,1,46,108,16257,20183
TGAATGTCAGCCGGCC-1,1,47,109,16499,20335
CGGCTCTAAAGCTGCA-1,1,46,110,16246,20468
GGACACAAGTTTACAC-1,1,47,111,16489,20620
CCGAGAAGTCGCATAA-1,1,46,112,16235,20754
AACTACCCGTTTGTCA-1,1,47,113,16478,20906
GCACAAACGAGGCGTG-1,1,46,114,16224,21039
CACACAGCTTGCGCTC-1,1,47,115,16467,21191
GTGCTTACATCAGCGC-1,1,46,116,16213,21324
GCAAACGTCGCCAGGT-1,1,47,117,16456,21476
GAATAGCATTTAGGGT-1,1,46,118,16202,21609
TACTGTTTCTCTGGTA-1,1,47,119,16445,21761
TCCTATCATAGGTAAC-1,1,46,120,16191,21894
TTCGGTGGAGACGCCC-1,1,47,121,16434,22046
TGTTGCCGTCGTCCCA-1,1,46,122,16180,22179
CCAACTTGATAGATCC-1,1,47,123,16423,22331
CAAAGGTCATCTGAAA-1,1,46,124,16169,22465
CTAGCTTAATGGTCCC-1,1,47,125,16412,22617
AGGCCACATTGGTTAC-1,1,46,126,16159,22750
TTAGGATGGGAGGGTA-1,1,47,127,16401,22902
TATGACCTTGCGCTGG-1,0,48,0,17343,4803
ATATACATGTATGGTA-1,0,49,1,17586,4955
TGTGTGACCATGAATC-1,0,48,2,17332,5088
CCCACTCCACGGTATC-1,1,49,3,17575,5241
GGGCAGACGTCACTGC-1,1,48,4,17321,5374
TCAAAGAGCTATCTGT-1,1,49,5,17564,5526
AGATGCATCCTGTGTC-1,1,48,6,17310,5659
GTGAAGTCACGACTCG-1,1,49,7,17553,5811
TGATTCAGGTCCCGCG-1,1,48,8,17299,5944
CGCCACAGGTCGCGAT-1,1,49,9,17542,6096
TTGAATCGTTGTATAA-1,1,48,10,17288,6229
TGGCCAATTTGGTACT-1,1,49,11,17531,6381
CGACCCTTAACGCCGG-1,1,48,12,17278,6514
TCGGCGTACTGCACAA-1,1,49,13,17520,6666
GAGTAAGGCCACGGGA-1,1,48,14,17267,6799
ATCAGCTCGTCCACTA-1,1,49,15,17509,6952
AGGATCACGCGATCTG-1,1,48,16,17256,7085
AAATGGCCCGTGCCCT-1,1,49,17,17498,7237
CAGTACCAGTTTACGT-1,1,48,18,17245,7370
GGTCGTAAGCTCGCAC-1,1,49,19,17487,7522
CGTTCATGGTGCGCGT-1,1,48,20,17234,7655
GACTACAAAGCGGTGG-1,1,49,21,17476,7807
CAGCTGGCGTAACCGT-1,1,48,22,17223,7940
ACTCGTAACCCGTCCT-1,1,49,23,17465,8092
CATATGTCAGGCTACG-1,1,48,24,17212,8225
GCCCGACTTCTTCCCG-1,1,49,25,17455,8377
CTGGCATCCGAATGAG-1,1,48,26,17201,8510
AAGTGCGTTAGAATCT-1,1,49,27,17444,8663
AGAAGTGATTCGTGAT-1,1,48,28,17190,8796
TACCTTAAGATTTCCC-1,1,49,29,17433,8948
AATGACAGCAATGTCT-1,1,48,30,17179,9081
TCAACGCAGGAAATAA-1,1,49,31,17422,9233
TATTCCTCCGCCCACT-1,1,48,32,17168,9366
ATCAAACGAAGGTTTG-1,1,49,33,17411,9518
TTGATTAGCTGTTTCT-1,1,48,34,17157,9651
CTGCTGAGGCCACGAA-1,1,49,35,17400,9803
CCGTGTTAAATTCCAT-1,1,48,36,17146,9936
CACGTCGGCAACCTCT-1,1,49,37,17389,10088
GTATTCTGAGAAACGA-1,1,48,38,17135,10221
CGGTGCGCGTTGGTCC-1,1,49,39,17378,10374
GTGATTCGCCGCTCAA-1,1,48,40,17125,10507
GCCCGCGCGTAAACGG-1,1,49,41,17367,10659
AACGTACTGTGGGTAC-1,1,48,42,17114,10792
GAGTATGCCCGCCTTG-1,1,49,43,17356,10944
TGATTCTGTCGCCGGT-1,1,48,44,17103,11077
GGGCGGCAAATGAATT-1,1,49,45,17345,11229
TTCCAATCTGGCTATC-1,1,48,46,17092,11362
GGAACCGTGTAAATTG-1,1,49,47,17334,11514
TTGGTCACACTCGTAA-1,1,48,48,17081,11647
CGAACCCGCATGCGTC-1,1,49,49,17323,11799
GGGCGTCACCACGTAA-1,1,48,50,17070,11932
TACCAGAAGTAGGTTC-1,1,49,51,17313,12085
TTGGATATCGTCTACG-1,1,48,52,17059,12218
TAGATATGGACTGGAA-1,1,49,53,17302,12370
GCGACGATAGTTGTAC-1,1,48,54,17048,12503
CTGGATTTACACTTGA-1,1,49,55,17291,12655
GTTATATTATCTCCCT-1,1,48,56,17037,12788
TATTCCACTCAGCTCG-1,1,49,57,17280,12940
CTGTTACCCAATCTAG-1,1,48,58,17026,13073
ACGCGAAGTCAGACGA-1,1,49,59,17269,13225
GATAGGTAACGTTGAC-1,1,48,60,17015,13358
TGTTCGTATTGCGGTG-1,1,49,61,17258,13510
GGTCAGTGGGTCCCAC-1,1,48,62,17004,13643
AATTCTAGAGTTAGGC-1,1,49,63,17247,13795
GTTTACGTTCCATCTG-1,1,48,64,16993,13929
AGACCCACCGCTGATC-1,1,49,65,17236,14081
TCTAGCATGCCCAGAA-1,1,48,66,16982,14214
CCCGCAGCGCGAACTA-1,1,49,67,17225,14366
CTCTATTTGGCTGCAG-1,1,48,68,16972,14499
TTCTGCCGCGCCTAGA-1,1,49,69,17214,14651
ACTCCCTAGAATAGTA-1,1,48,70,16961,14784
CCGAACCTTCCCGGCC-1,1,49,71,17203,14936
TCAGACGCTATAGAAG-1,1,48,72,16950,15069
CAGGCGCCATGCTAGG-1,1,49,73,17192,15221
CACTCGAGCTGAACAA-1,1,48,74,16939,15354
ACAAGGAAATCCGCCC-1,1,49,75,17181,15506
ACCACGTGCAGCTATA-1,1,48,76,16928,15640
ACGGCGACGATGGGAA-1,1,49,77,17170,15792
TTACTAAAGGACTTTA-1,1,48,78,16917,15925
GGCTGAAATAGCAAAG-1,1,49,79,17160,16077
TTAGACGAGTCACCTC-1,1,48,80,16906,16210
GTAGTCGCGGGAATCA-1,1,49,81,17149,16362
GCAAACCCTACATTAT-1,1,48,82,16895,16495
GTTAAAGTAGGACTGG-1,1,49,83,17138,16647
ACCCTCCCTTGCTATT-1,1,48,84,16884,16780
CATGTCTCATTTATGG-1,1,49,85,17127,16932
AATAGAATCTGTTTCA-1,1,48,86,16873,17065
TCTCATGAGATAGGGT-1,1,49,87,17116,17217
ATGACTATGCGACATT-1,1,48,88,16862,17351
CCTAACCCAAACAAGT-1,1,49,89,17105,17503
AGTCAAGATGACACTT-1,1,48,90,16851,17636
CGGGAGCTTCAGTGTA-1,1,49,91,17094,17788
CCACAGTACCCATCCT-1,1,48,92,16840,17921
GAGCGCGCACGAGTAG-1,1,49,93,17083,18073
ACCAGTGCGGGAGACG-1,1,48,94,16830,18206
TCCTTACGACGGTCCG-1,1,49,95,17072,18358
TAGTCGATCACGGGTT-1,1,48,96,16819,18491
AGACGAAGTGCCGGTC-1,1,49,97,17061,18643
CGCTGGTGACTACCCT-1,1,48,98,16808,18776
AGGCATTGTCGTAGGG-1,1,49,99,17050,18928
TGGTAGAATATATGGG-1,1,48,100,16797,19062
TTCTTATCCGCTGGGT-1,1,49,101,17039,19214
AGTTTGGCACGGGTTG-1,1,48,102,16786,19347
GCATCGGCCGTGTAGG-1,1,49,103,17028,19499
ATGCGAGTCCCACCAC-1,1,48,104,16775,19632
TCGGCGAACCCAAACC-1,1,49,105,17018,19784
AGAGTAAACTTCACTA-1,1,48,106,16764,19917
AAGCCGAAGCGGTTTA-1,1,49,107,17007,20069
CCCGAGTTTCTCCGTA-1,1,48,108,16753,20202
AATATCGAATCAATGC-1,1,49,109,16996,20354
GCGCCTCCCACTCCGA-1,1,48,110,16742,20487
CGTTAAACTAGTTAGG-1,1,49,111,16985,20639
TGAGTTAAAGACATTC-1,1,48,112,16731,20773
AACAGGTAGTATGGAT-1,1,49,113,16974,20925
GAACGCGGGTCACACG-1,1,48,114,16720,21058
TGTTTGAGATCGTCAG-1,1,49,115,16963,21210
ATCTCGTGAGCGAAAC-1,1,48,116,16709,21343
CTGAGAAAGTTCGGCG-1,1,49,117,16952,21495
ATTACCACACTGCCTG-1,1,48,118,16698,21628
CTGCTGTCTAACGAGC-1,1,49,119,16941,21780
CGTGGAAGCCTCGTAC-1,1,48,120,16687,21913
GGACTCACAAATTAGG-1,1,49,121,16930,22065
CTTTGCTGTCATGGAT-1,1,48,122,16677,22198
GGTGTTGGGCGTCTTA-1,1,49,123,16919,22350
TACCATGTATTGATTT-1,1,48,124,16666,22484
GGTCTCCAAGTAGTGC-1,1,49,125,16908,22636
ATCCTTCTGAAAGAAC-1,1,48,126,16655,22769
CCGGAAGTTATCAGTC-1,1,49,127,16897,22921
TTAGAGGGATATACAG-1,0,50,0,17839,4822
TTGTACACCTCGAACA-1,0,51,1,18082,4974
GTGGGTACTGAGCGTA-1,0,50,2,17828,5107
CTTAAGCAGCGAGCCG-1,0,51,3,18071,5260
GCATTGACTTGCGGAA-1,1,50,4,17817,5393
CCATAACCTGTGCAGT-1,1,51,5,18060,5545
GGGCTACTATTTCGTG-1,1,50,6,17806,5678
GGCGAGCGAAACGGCA-1,1,51,7,18049,5830
GGAGACCATCTACATA-1,1,50,8,17796,5963
AGACCAAACCACACCT-1,1,51,9,18038,6115
CGACGCATCCGTACCT-1,1,50,10,17785,6248
CCTAGGTAAAGGTAGC-1,1,51,11,18027,6400
AGCGGCGGTTAGCGGT-1,1,50,12,17774,6533
CTGGACGCAGTCCGGC-1,1,51,13,18016,6685
AGCCTAATACCCACGT-1,1,50,14,17763,6818
AATCTGGCTTTCTAGT-1,1,51,15,18005,6971
CACCCTTGGTGAGACC-1,1,50,16,17752,7104
GGATCTTGACTCAACC-1,1,51,17,17994,7256
ACGAGGATACCACTCT-1,1,50,18,17741,7389
GAGTTGATGGCAATTT-1,1,51,19,17984,7541
GTGGCAAACAGCGGCA-1,1,50,20,17730,7674
GATGTAACGAACCACC-1,1,51,21,17973,7826
AGCCGTGGCTAAATGT-1,1,50,22,17719,7959
CTCCCTCCTTTCGATC-1,1,51,23,17962,8111
TTGGAAGAATACAGTC-1,1,50,24,17708,8244
AGTTAAGTCAACCGCT-1,1,51,25,17951,8396
CTCATGGTAATTTGCG-1,1,50,26,17697,8529
AAAGTAGCATTGCTCA-1,1,51,27,17940,8682
TTGTGGTAGGAGGGAT-1,1,50,28,17686,8815
AGTCGTGGGCATTACG-1,1,51,29,17929,8967
ACCTAAGTACCTTTCA-1,1,50,30,17675,9100
GTAGAGGGAGACAAGT-1,1,51,31,17918,9252
GATCCTCGACACTGGC-1,1,50,32,17664,9385
CCTACATTCACAGACG-1,1,51,33,17907,9537
TTGACCGTGTTAATGA-1,1,50,34,17653,9670
TCTGTTACCCAGCATA-1,1,51,35,17896,9822
CTAACTGGTCCGGTTC-1,1,50,36,17643,9955
AGCGACAGGAACGGTC-1,1,51,37,17885,10107
TAATAGAACAGAGTTA-1,1,50,38,17632,10240
ACAGGTGGAGGTGAGG-1,1,51,39,17874,10393
TGCGAGAATATTACCC-1,1,50,40,17621,10526
TTGCGTCGGCCAACCG-1,1,51,41,17863,10678
AGGCTTCCCGAAGAAG-1,1,50,42,17610,10811
GCGGACCGCGTTGTGG-1,1,51,43,17852,10963
GTAATCTGATTCTTCG-1,1,50,44,17599,11096
CCGCGGAATGCGTCAC-1,1,51,45,17841,11248
TTCCACACAGATTTGA-1,1,50,46,17588,11381
CTTCTATTAATGCTAG-1,1,51,47,17831,11533
CATTTGAGTGGTACGT-1,1,50,48,17577,11666
TCACAGCAAACTCGAA-1,1,51,49,17820,11818
CAGACGAACCTGATAC-1,1,50,50,17566,11951
TAGCTAGAAGGCATGA-1,1,51,51,17809,12104
ATCCAGAGCAACAACC-1,1,50,52,17555,12237
TCCGGTTCGTCCGGTC-1,1,51,53,17798,12389
CGCGCATGTTTGATTG-1,1,50,54,17544,12522
TGGCGATCAAGTTATG-1,1,51,55,17787,12674
CCCTTTGACAGGTCTT-1,1,50,56,17533,12807
CAGAGACGGTCACCCA-1,1,51,57,17776,12959
TAGCTCGCCTGATAAC-1,1,50,58,17522,13092
TTGTGTTTCCCGAAAG-1,1,51,59,17765,13244
TATACACAGACGCCTT-1,1,50,60,17511,13377
ACATTAGTTTATATCC-1,1,51,61,17754,13529
CCATCGCAGTTAAACT-1,1,50,62,17501,13662
AATTAGCGCTGCAGCG-1,1,51,63,17743,13815
TCCGCTTATCCCATTA-1,1,50,64,17490,13948
GTTTGGGCTTGTGAGC-1,1,51,65,17732,14100
CTTGTCAACATTCGAG-1,1,50,66,17479,14233
GGACCAACAGGATAAC-1,1,51,67,17721,14385
AAGCTAGATCGAGTAA-1,1,50,68,17468,14518
TACCGTGCCTCGGACC-1,1,51,69,17710,14670
GTAGCCAAACATGGGA-1,1,50,70,17457,14803
TGCCAGTACGTGGAGA-1,1,51,71,17699,14955
ATAAGGTGGAGAACAT-1,1,50,72,17446,15088
CTTTAATATTGGTCGA-1,1,51,73,17689,15240
TGGTTCAACGGGTAAT-1,1,50,74,17435,15373
GCTGCTACTGCGTAGC-1,1,51,75,17678,15525
CTGCACAACTACATAT-1,1,50,76,17424,15659
ATATTCCACATAGTGA-1,1,51,77,17667,15811
TGGCAAACTAAATTAC-1,1,50,78,17413,15944
ACCGCAATAACTGCCT-1,1,51,79,17656,16096
TCGCACCAGGAGGCAG-1,1,50,80,17402,16229
ACTTCAGGCTGATCCC-1,1,51,81,17645,16381
ACAAATCGCACCGAAT-1,1,50,82,17391,16514
TCTGATGTATTCTGTC-1,1,51,83,17634,16666
CTTTACCGAATAGTAG-1,1,50,84,17380,16799
GCAGATCCATAAGACT-1,1,51,85,17623,16951
TTCCTCGGACTAACCA-1,1,50,86,17369,17084
TTATCCGGGATCTATA-1,1,51,87,17612,17236
CTGGAAGACACGGTGG-1,1,50,88,17358,17370
GTTCGTCTAAAGAACT-1,1,51,89,17601,17522
GTCTATTGGTTCCGGT-1,1,50,90,17348,17655
CTAGGCGCCCTATCAG-1,1,51,91,17590,17807
AACGGACGTACGTATA-1,1,50,92,17337,17940
AACACACGCTCGCCGC-1,1,51,93,17579,18092
GCTACTATAGTAGAGT-1,1,50,94,17326,18225
AGCATATCAATATGCT-1,1,51,95,17568,18377
CGAACAGTATGGGCGT-1,1,50,96,17315,18510
ACAATTGTGTCTCTTT-1,1,51,97,17557,18662
GATCGCTACCCGATTT-1,1,50,98,17304,18795
ATTGCGATCAGTAACT-1,1,51,99,17546,18947
CAGCAGTCCAGACTAT-1,1,50,100,17293,19081
AGAGGCTTCGGAAACC-1,1,51,101,17536,19233
AAACAAGTATCTCCCA-1,1,50,102,17282,19366
GGCAGCAAACCTATGC-1,1,51,103,17525,19518
ACTAGTTGCGATCGTC-1,1,50,104,17271,19651
TTGGACCATCTGGCAA-1,1,51,105,17514,19803
CCCTCCTCGCTCGTAT-1,1,50,106,17260,19936
GAGCGCAAATACTCCG-1,1,51,107,17503,20088
ATTACATGTCAGTCTT-1,1,50,108,17249,20221
TTGGGACGTAAGAGTT-1,1,51,109,17492,20373
CTTCGGCCAATTGTTT-1,1,50,110,17238,20506
AGACCGCTCCGCGGTT-1,1,51,111,17481,20658
GACCGCGTCTGACGTG-1,1,50,112,17227,20792
CCAAATAACAAGATTC-1,1,51,113,17470,20944
TCTTTAGAGTCTAACA-1,1,50,114,17216,21077
CTCCCAATGAGTCGCG-1,1,51,115,17459,21229
TAGTCTTTCCGAATTG-1,1,50,116,17206,21362
GAGTAAACCGGAAAGT-1,1,51,117,17448,21514
GATCTCGACGCTGTGG-1,1,50,118,17195,21647
CTGACATAGAAATAGA-1,1,51,119,17437,21799
TATACCGAGTGCCACA-1,1,50,120,17184,21932
TCCGAACGTTGCCGCT-1,1,51,121,17426,22084
GCAGAAGGTAATCTCC-1,1,50,122,17173,22217
GGTACTAAGTGCTTTG-1,1,51,123,17415,22369
CAGAATATTCGTTATC-1,1,50,124,17162,22503
TAATCAACCAAATGGG-1,1,51,125,17404,22655
TCTGCTTAGAACAAGC-1,1,50,126,17151,22788
AACTGAGTTATACTGA-1,1,51,127,17394,22940
CCTCAACGATCGCTGT-1,0,52,0,18335,4841
CGGTACGGCAAACCCA-1,0,53,1,18578,4993
CAGATGTTTGTCCCAA-1,0,52,2,18325,5126
GTTTGTTAGCCAAGTA-1,0,53,3,18567,5279
ACGTGACAAAGTAAGT-1,1,52,4,18314,5412
TTGTCACCGCGGTATC-1,1,53,5,18556,5564
GATCTAACCGTATTCA-1,1,52,6,18303,5697
ATGGAAATTTAAGGAG-1,1,53,7,18545,5849
ATTGATCACCACATTT-1,1,52,8,18292,5982
ACTGCTCGGAAGGATG-1,1,53,9,18534,6134
TCTAAAGAACAGTCTC-1,1,52,10,18281,6267
CTGGGTTGAGTTAAAG-1,1,53,11,18523,6419
CCCAGTAAACTTGGGA-1,1,52,12,18270,6552
AGATTCACAACCGATA-1,1,53,13,18513,6704
AGAAGGTACACTTCAC-1,1,52,14,18259,6837
GCAGGAACTTAGATCT-1,1,53,15,18502,6990
AATCTAGGTTTACTTG-1,1,52,16,18248,7123
CCCGGTGTATCGGAAT-1,1,53,17,18491,7275
TTATCCTCAAGGAATA-1,1,52,18,18237,7408
AGCATCATTTCGAAAG-1,1,53,19,18480,7560
CGCGAGTCTGCCGGGT-1,1,52,20,18226,7693
TGCGTCATGACTGAGC-1,1,53,21,18469,7845
GTATGAAATTTCACTC-1,1,52,22,18215,7978
TTGGTTGCGGTGCGCG-1,1,53,23,18458,8130
ACAGAACTGAGAACAA-1,1,52,24,18204,8263
CTACTATCATAGGTTT-1,1,53,25,18447,8415
CCTCTATCGATTAGCA-1,1,52,26,18193,8548
CCGTATCTCGTCGTAG-1,1,53,27,18436,8701
TCACGATGTCCGTGGA-1,1,52,28,18182,8834
TCAACAAAGATAATTC-1,1,53,29,18425,8986
ATGACGCGTTCTATCC-1,1,52,30,18172,9119
ATTTGCGCGAGTAGCT-1,1,53,31,18414,9271
TTCTTGGACGATCTGC-1,1,52,32,18161,9404
AGACGACGATGCCGCT-1,1,53,33,18403,9556
GGTCTCTGAATGGACT-1,1,52,34,18150,9689
GCTCAATCCGTTTATT-1,1,53,35,18392,9841
CCAGAAAGCAACTCAT-1,1,52,36,18139,9974
CACCGTTAGGGATCAC-1,1,53,37,18381,10126
AATAACACTAGAACAA-1,1,52,38,18128,10259
CACCCGGTTTGTGACT-1,1,53,39,18370,10412
CCACCAACTTTACTGT-1,1,52,40,18117,10545
AACTCTCAGTGTGCTC-1,1,53,41,18360,10697
AAACCGTTCGTCCAGG-1,1,52,42,18106,10830
CAGCGATTCCCTTCAA-1,1,53,43,18349,10982
GCTAGCTTGAATAGCT-1,1,52,44,18095,11115
TTGCGGCATCAGAAAG-1,1,53,45,18338,11267
AATAGAACAGAGTGGC-1,1,52,46,18084,11400
GCCATCGAGCTGCGTG-1,1,53,47,18327,11552
ACACTGATCAAGGTGT-1,1,52,48,18073,11685
ACCAACGCTTATTTAT-1,1,53,49,18316,11837
GACATCGATTTATAAC-1,1,52,50,18062,11970
CAGACACCGATCGCTG-1,1,53,51,18305,12123
CCAAGAAAGTGGGCGA-1,1,52,52,18051,12256
GGTAGACCGTTGGGCG-1,1,53,53,18294,12408
TCGTTAGGAGTCCCTA-1,1,52,54,18040,12541
ACGGCCAACATGGACT-1,1,53,55,18283,12693
GTGAGTGGTACAACGC-1,1,52,56,18029,12826
GAGACTTCGCGACCGA-1,1,53,57,18272,12978
GAAGTCAGTTGCACTA-1,1,52,58,18019,13111
GTTTGGTAGGGTCAAC-1,1,53,59,18261,13263
ACGGCACTTGCTTGGG-1,1,52,60,18008,13396
CCTCTGTACTATTCTA-1,1,53,61,18250,13548
CTATTCATGTGTCCCA-1,1,52,62,17997,13681
GCCCGATCTGTGGTCG-1,1,53,63,18239,13834
TTAGAAGAACATGACT-1,1,52,64,17986,13967
AGGATAAAGTCGGGAT-1,1,53,65,18228,14119
CGGCAAACATCGTGCG-1,1,52,66,17975,14252
CTAGTTACAACCCGGT-1,1,53,67,18217,14404
TTCGACAGAGCCCGTG-1,1,52,68,17964,14537
AAGCATACTCTCCTGA-1,1,53,69,18207,14689
GACGACGATCCGCGTT-1,1,52,70,17953,14822
GGTAGAAGACCGCCTG-1,1,53,71,18196,14974
GAGATGGGAGTCGACA-1,1,52,72,17942,15107
AACGATAATGCCGTAG-1,1,53,73,18185,15259
TGGTCCCACGCTACGG-1,1,52,74,17931,15392
CTGCTTGGCGATAGCT-1,1,53,75,18174,15545
ATCGGAGACAGACGGC-1,1,52,76,17920,15678
TAGCGTCCGGTGTGGT-1,1,53,77,18163,15830
GTTGAGTCCCGCCGGT-1,1,52,78,17909,15963
AAATAGGGTGCTATTG-1,1,53,79,18152,16115
AAGTGTTTGGAGACGG-1,1,52,80,17898,16248
AGCACTACCTCACCAG-1,1,53,81,18141,16400
TGCCTTGGCCAGGCAA-1,1,52,82,17887,16533
TCGTCTTAGGCGTTAA-1,1,53,83,18130,16685
TTCTGACCGGGCTCAA-1,1,52,84,17877,16818
CAGAACTTAGCCCTCT-1,1,53,85,18119,16970
AGCTCCTTCGCACATC-1,1,52,86,17866,17103
ACAGGCTTGCCCGACT-1,1,53,87,18108,17256
GCTATACGTCTCGGAC-1,1,52,88,17855,17389
GAGCCAGCTACCTGTG-1,1,53,89,18097,17541
TGCTAAGTGTCTATTT-1,1,52,90,17844,17674
GTCCTACGAATAGTCT-1,1,53,91,18086,17826
CAGTGTCGGCTGGCCC-1,1,52,92,17833,17959
CTATCGACGAAATACA-1,1,53,93,18075,18111
CATCATTACCCTGAGG-1,1,52,94,17822,18244
TAAGTTGCGACGTAGG-1,1,53,95,18065,18396
AGTGCACGCTTAAGAA-1,1,52,96,17811,18529
TGTGCCGGTGCCGGAA-1,1,53,97,18054,18681
AGGAGGCCTTCGCGCG-1,1,52,98,17800,18814
TCCGCGGCCCAATGAA-1,1,53,99,18043,18966
TCCGTTAAGCTAATAT-1,1,52,100,17789,19100
AAATCTAGCCCTGCTA-1,1,53,101,18032,19252
CGCAGGCGATCCAAAC-1,1,52,102,17778,19385
CCATATGGAAACTATA-1,1,53,103,18021,19537
CACCGTATCCCATCCG-1,1,52,104,17767,19670
GGTCAAGACTACTTCG-1,1,53,105,18010,19822
CCCGTTTCGCAGATGT-1,1,52,106,17756,19955
GTTATAATACGGTGAA-1,1,53,107,17999,20107
ACTTGTGGATGGAACG-1,1,52,108,17745,20240
GTTCGCTGAGACGTCT-1,1,53,109,17988,20392
GACACTGGAACCCGAT-1,1,52,110,17734,20525
CCCAGGTCTGAAGGCT-1,1,53,111,17977,20677
TCTCGAGGAGGTTCGC-1,1,52,112,17724,20811
ACTATCTGCCCGCGTA-1,1,53,113,17966,20963
CCTAAATTGTATCCTA-1,1,52,114,17713,21096
AGAAATTATGACTCGC-1,1,53,115,17955,21248
TCCAGCGCTATAAGCG-1,1,52,116,17702,21381
TCGTGTATTGGTCACG-1,1,53,117,17944,21533
CCACATACTGCACCCA-1,1,52,118,17691,21666
GTTGCGGACGGTCAGG-1,1,53,119,17933,21818
GTATTTAATGGCATAA-1,1,52,120,17680,21951
GTCGATAGGTGACTTT-1,1,53,121,17922,22103
AATAATCTTCGTATCG-1,1,52,122,17669,22236
ATTGTTCAACGATCCG-1,1,53,123,17912,22388
GTGCAGCGTAGAGTAG-1,1,52,124,17658,22522
TGTGGTAGGGTGCCTT-1,1,53,125,17901,22674
TGTGGACTATCTACGT-1,1,52,126,17647,22807
GGCGGGCTCTAAGAGT-1,1,53,127,17890,22959
TGTGCCAGAGGCAAAG-1,0,54,0,18832,4860
TGGCTTATGTATAATG-1,0,55,1,19074,5012
GCAAGCTGGAAACCGC-1,0,54,2,18821,5145
GATATCAAGCAGGAGC-1,0,55,3,19063,5298
CACCAATCATCCGTCT-1,0,54,4,18810,5431
CCACATGGCTCTTTAT-1,1,55,5,19052,5583
GTCCTACTCTACGGGC-1,1,54,6,18799,5716
CTCGAGACATACGATA-1,1,55,7,19041,5868
TATCAGTGGCGTAGTC-1,1,54,8,18788,6001
TGACAGGACAAGTCCA-1,1,55,9,19031,6153
TATTAACACCAAAGCA-1,1,54,10,18777,6286
TAGGCGATGAGGTCTC-1,1,55,11,19020,6438
CCGCCGGAACTTCTCG-1,1,54,12,18766,6571
GCCATTAGCCTCAAAC-1,1,55,13,19009,6723
GTTAGGCTACCCGTTT-1,1,54,14,18755,6856
GGGTATTCTAGCAAAC-1,1,55,15,18998,7009
GCCCTAGCCGTCGCGA-1,1,54,16,18744,7142
CAGATCCTGGTTTGAA-1,1,55,17,18987,7294
CTTCAGTGGTCGCCTA-1,1,54,18,18733,7427
GGGCAACCGCACGTGC-1,1,55,19,18976,7579
GACCCAATTATGATAC-1,1,54,20,18722,7712
GAAGCTCGGACCCGTC-1,1,55,21,18965,7864
CGTCGGGTCTAAGCGC-1,1,54,22,18711,7997
GAGGCCCGACTCCGCA-1,1,55,23,18954,8149
TTGCCATAGCCCGCTC-1,1,54,24,18701,8282
TAACATACACGCGATC-1,1,55,25,18943,8434
CCGACGGGCATGAGGT-1,1,54,26,18690,8567
AATGTGCCCGAGGTGT-1,1,55,27,18932,8720
AGCTGTAACCTCAATC-1,1,54,28,18679,8853
CGAGTGAAGGTACCAG-1,1,55,29,18921,9005
AGTCTCACAAGACTAC-1,1,54,30,18668,9138
AAATTGATAGTCCTTT-1,1,55,31,18910,9290
TAAGTCGCCGAGTATC-1,1,54,32,18657,9423
GCGGAGAAACTTCGCA-1,1,55,33,18899,9575
GGCAAAGGCGCCAATA-1,1,54,34,18646,9708
ATTTCCGGGTTCTGCG-1,1,55,35,18889,9860
TAAACCCAGGAGGGCA-1,1,54,36,18635,9993
TTCGGGCGCTAGTCTT-1,1,55,37,18878,10145
GTGGAGTCGGCGGTTG-1,1,54,38,18624,10278
GCACGCCTACTTAGAT-1,1,55,39,18867,10431
CAATATTCTTGACCTA-1,1,54,40,18613,10564
CGTTTGTGTAGAGGGT-1,1,55,41,18856,10716
CATAGCGTTGCCCACC-1,1,54,42,18602,10849
TGATACATTTAGCCGT-1,1,55,43,18845,11001
TTCCGGCCTTGAGGCT-1,1,54,44,18591,11134
CCTATACCGTCCTGTC-1,1,55,45,18834,11286
TCGTTGCTATCCGGTC-1,1,54,46,18580,11419
TGGCGACTGCTCCAAA-1,1,55,47,18823,11571
CAGAGGCGATGCATGA-1,1,54,48,18569,11704
TCACAGGAGAATAAGA-1,1,55,49,18812,11856
GGGTTAACATTTGAGT-1,1,54,50,18558,11989
GCGGGCGAGCCTTACC-1,1,55,51,18801,12142
TGCCAATGGGTACTCT-1,1,54,52,18548,12275
AGGGACTCTACGCGAC-1,1,55,53,18790,12427
GACGCCGTAAAGGCTA-1,1,54,54,18537,12560
AAAGGCTCTCGCGCCG-1,1,55,55,18779,12712
CTGGCTGGTTGTCAGT-1,1,54,56,18526,12845
ACATCCCGGCCATACG-1,1,55,57,18768,12997
CTCTTGTCCCGCTTGG-1,1,54,58,18515,13130
TACGCCTCCATTCCGA-1,1,55,59,18757,13282
CGGAGCAATTTAATCG-1,1,54,60,18504,13415
AACTAGGCTTGGGTGT-1,1,55,61,18746,13567
GCGTCGCCAGGGTGAT-1,1,54,62,18493,13700
GTTGGTCATGCTATCC-1,1,55,63,18736,13853
GCTGGCGGCGCATGCT-1,1,54,64,18482,13986
TGAGCGGAAAGTGTTC-1,1,55,65,18725,14138
CTTTCTGTGCGGGCTT-1,1,54,66,18471,14271
ATCTAATATCCTACGG-1,1,55,67,18714,14423
AACCTTTAAATACGGT-1,1,54,68,18460,14556
TTCACTCGAGCACCTA-1,1,55,69,18703,14708
CTGCACTCCAGTACAG-1,1,54,70,18449,14841
CCATTTCTACCTATTA-1,1,55,71,18692,14993
CAAGCGGCACATAATT-1,1,54,72,18438,15126
GTTAACATCACTTAAA-1,1,55,73,18681,15278
ATATAAATGTAGCTGC-1,1,54,74,18427,15411
GCCTCTATACATAGCA-1,1,55,75,18670,15564
GTGTCGTATAGCGTTC-1,1,54,76,18416,15697
ATACGTACTTAGCCAC-1,1,55,77,18659,15849
GCTATCATACTCATGG-1,1,54,78,18405,15982
TATCCAATTGGTTATC-1,1,55,79,18648,16134
TCTCCCTGGGCAGCGT-1,1,54,80,18395,16267
CCTATAATGAGTGCCC-1,1,55,81,18637,16419
CAATGCGAGAAGTATC-1,1,54,82,18384,16552
TACCAATAAAGTACCA-1,1,55,83,18626,16704
GCTAGGCACCACGGAG-1,1,54,84,18373,16837
GGTGGACTGCTCTGGC-1,1,55,85,18615,16989
TATTCCGAGCTGTTAT-1,1,54,86,18362,17122
TTGAGAAGTTTAGCAT-1,1,55,87,18604,17275
GTCCGGACCTGAAATT-1,1,54,88,18351,17408
CTGTGGTCGGGAGATA-1,1,55,89,18593,17560
CATGTAAGAGACATTT-1,1,54,90,18340,17693
CACGTTTCGTACACAC-1,1,55,91,18583,17845
CATCCTCTCAAAGATC-1,1,54,92,18329,17978
GATTAACCGAAAGCCC-1,1,55,93,18572,18130
AACGCTGTTGCTGAAA-1,1,54,94,18318,18263
TTCAGCTGGCGTGCCC-1,1,55,95,18561,18415
TAGAGGTTCTACTTGT-1,1,54,96,18307,18548
GTATCAAACGTTAGCT-1,1,55,97,18550,18700
AATCATGTAAAGACTC-1,1,54,98,18296,18833
AGTCACTAGCTCTCGA-1,1,55,99,18539,18986
GCGAAACGATCGGGAG-1,1,54,100,18285,19119
CATGGATTGTCTTCCG-1,1,55,101,18528,19271
ATTGGATTACAGCGTA-1,1,54,102,18274,19404
CACACACGCTAACGAG-1,1,55,103,18517,19556
CTATGGGAAGCGGAAT-1,1,54,104,18263,19689
TGCCTAATTGAAGATT-1,1,55,105,18506,19841
TGGCAATGGGACGGCG-1,1,54,106,18253,19974
ACCTCCGCCCTCGCTG-1,1,55,107,18495,20126
CGGCAATAAGATCGCC-1,1,54,108,18242,20259
CCTTGACCACTTTATT-1,1,55,109,18484,20411
TCATTTAGAAGTGTGA-1,1,54,110,18231,20544
CAGAATAACACACGGA-1,1,55,111,18473,20696
TCTGAGCAATTGACTG-1,1,54,112,18220,20830
CAACGTGGTGGAGTCT-1,1,55,113,18462,20982
CACAGTTCGCTTCCCA-1,1,54,114,18209,21115
TCTCTCGCCGCACATA-1,1,55,115,18451,21267
TGGGCAGGCCACCGCA-1,1,54,116,18198,21400
CTCCTGTTCAAGGCAG-1,1,55,117,18441,21552
TATTTGATTTGCACAG-1,1,54,118,18187,21685
GCCACTCCTTACGGTA-1,1,55,119,18430,21837
ACCGATATTTAATCAT-1,1,54,120,18176,21970
TTATTATCTGGAAGGC-1,1,55,121,18419,22122
TACATGCCGGAATTGT-1,1,54,122,18165,22255
GGCACTCAGCCGACCC-1,1,55,123,18408,22407
AAACCGGAAATGTTAA-1,1,54,124,18154,22541
AGACAGGCATCTCAGC-1,1,55,125,18397,22693
GTGGTGATGGTTTGTG-1,1,54,126,18143,22826
CCGATATGACGTAAGG-1,1,55,127,18386,22978
CATACACAAAGTCAGC-1,0,56,0,19328,4879
TGCCGTTCTTAATCGG-1,1,57,1,19570,5031
TCGAGTCTACGATTCG-1,0,56,2,19317,5164
ACTTCCAGTGGAAGCT-1,1,57,3,19560,5317
CAATTGGGCCGCACTC-1,1,56,4,19306,5450
AAATCGCGGAAGGAGT-1,1,57,5,19549,5602
ATATCAATTCCAGCCT-1,1,56,6,19295,5735
CTTTGTCGAATGCTCC-1,1,57,7,19538,5887
TGAGGCATGTACTGTG-1,1,56,8,19284,6020
TTCGCCGCTCGCGCTA-1,1,57,9,19527,6172
GACTCCTTCCAATTGA-1,1,56,10,19273,6305
ACCGAAGAGTCTGGTT-1,1,57,11,19516,6457
TGGCATGAAGTTTGGG-1,1,56,12,19262,6590
ACGAGGTTTACAACGT-1,1,57,13,19505,6742
AACCCATCCCATGATC-1,1,56,14,19251,6875
TCGACAACTGAACCCG-1,1,57,15,19494,7028
TATCTTGCAATACAAC-1,1,56,16,19240,7161
TATTATGTTTGCCTGC-1,1,57,17,19483,7313
GTCAAAGAAGTGGTGT-1,1,56,18,19229,7446
GGGACAGAGTTACTCC-1,1,57,19,19472,7598
AGCAACCGAAAGTAAT-1,1,56,20,19219,7731
CTCTCTAACTGCCTAG-1,1,57,21,19461,7883
ATACGGAACGTCGTTT-1,1,56,22,19208,8016
TCGGTCCCGACAATAG-1,1,57,23,19450,8168
CGCGCAAATGTCCAGA-1,1,56,24,19197,8301
TCTAATACTGCCTCAG-1,1,57,25,19439,8453
CTCGGTTGTCGGCCCT-1,1,56,26,19186,8586
GGTAACCGGGAGGATA-1,1,57,27,19428,8739
CAGGCGCACGGTGGTC-1,1,56,28,19175,8872
TCATCGATGGTCCCAA-1,1,57,29,19417,9024
CAAAGATTATTGGGCC-1,1,56,30,19164,9157
ACAATGAATACGGAGA-1,1,57,31,19407,9309
GCTCCTGACATACTGG-1,1,56,32,19153,9442
GATGACAAGTAGGGCA-1,1,57,33,19396,9594
TACGCCGAGGGTACCC-1,1,56,34,19142,9727
AAGCGTCCCTCATCGA-1,1,57,35,19385,9879
CACTCCTATGTAAGAT-1,1,56,36,19131,10012
TCGAGCCAGGCAGGCC-1,1,57,37,19374,10164
TCGTCAAGTACGCGCA-1,1,56,38,19120,10297
CCCGTAGCTGGGAAGA-1,1,57,39,19363,10450
ACCCTATGCCATATCG-1,1,56,40,19109,10583
GTGGTATAGTCTGCCG-1,1,57,41,19352,10735
CCGGTTTGTAATTGTG-1,1,56,42,19098,10868
GTCGCCGTTGTGTGTT-1,1,57,43,19341,11020
TACTGAACAGATTTAG-1,1,56,44,19087,11153
TATTAACCTGACCGCG-1,1,57,45,19330,11305
CTGTAGCCATCTCACT-1,1,56,46,19077,11438
TACTATGGTTCCTCAG-1,1,57,47,19319,11590
GAGTCAGACCAGAATC-1,1,56,48,19066,11723
TAAGGCATAACATCAA-1,1,57,49,19308,11875
CTTCCGCTCCGTGAAG-1,1,56,50,19055,12008
GGGCTATGATCGATGG-1,1,57,51,19297,12161
GGTCGGTCGTCCACAG-1,1,56,52,19044,12294
GGGACCCGTATATCTT-1,1,57,53,19286,12446
GAAAGCAGTGCACTTT-1,1,56,54,19033,12579
AGCGCATAATGAATCG-1,1,57,55,19275,12731
GCTGCTAAGTAGTCGA-1,1,56,56,19022,12864
AATAGTCCGTCCCGAC-1,1,57,57,19264,13016
AGCAGCCAGATGAATA-1,1,56,58,19011,13149
CCTCGCGCTGTGCGAT-1,1,57,59,19254,13301
TTGTGTATGCCACCAA-1,1,56,60,19000,13434
TGCTCGGCGAAACCCA-1,1,57,61,19243,13586
CGATTAAATATCTCCT-1,1,56,62,18989,13719
TGCCGTGGATCGTCCT-1,1,57,63,19232,13872
GTGGACGCATTTGTCC-1,1,56,64,18978,14005
ACCCGGAAACTCCCAG-1,1,57,65,19221,14157
CCGCATGTGGTACGAT-1,1,56,66,18967,14290
GCAAACCTTGGCCATA-1,1,57,67,19210,14442
ATTCACTGATGTTGGA-1,1,56,68,18956,14575
ACTCCCTAATGCTAAA-1,1,57,69,19199,14727
TCCTAAATTGGGAAGC-1,1,56,70,18945,14860
GAACAGATTACTAAAT-1,1,57,71,19188,15012
ATACAGGCCCTCCAAT-1,1,56,72,18934,15145
CGATTCGCCTGGCTGC-1,1,57,73,19177,15297
TCCGCCTGTCTACAAG-1,1,56,74,18924,15430
CACATCTCACCGACGA-1,1,57,75,19166,15583
CGTCGTCCTTCGCGAA-1,1,56,76,18913,15716
CGTTGAATACCGCGCT-1,1,57,77,19155,15868
ACCAATATGCAAGTTA-1,1,56,78,18902,16001
ACGGATGGTGCGGATA-1,1,57,79,19144,16153
CACCCTAACAAGATCT-1,1,56,80,18891,16286
AAGCTCTTTCATGGTG-1,1,57,81,19133,16438
CATGGGTATGCCTTAT-1,1,56,82,18880,16571
GCGCGTCATTGGTACA-1,1,57,83,19122,16723
TCTGAAGCACGTGGTC-1,1,56,84,18869,16856
AAGTTCACTCCAAGCT-1,1,57,85,19112,17008
TTGGACCTATAACAGT-1,1,56,86,18858,17141
ATCAGCCTCATGCTGC-1,1,57,87,19101,17294
AGTACTCTTATGCCCA-1,1,56,88,18847,17427
GCGCTTAAATAATTGG-1,1,57,89,19090,17579
TTGTGAACCTAATCCG-1,1,56,90,18836,17712
AGTCGTCGACCACCAA-1,1,57,91,19079,17864
TCCTTTAAATCCGCTT-1,1,56,92,18825,17997
ACTGAAACGCCGTTAG-1,1,57,93,19068,18149
GCACACACTGGTAGCC-1,1,56,94,18814,18282
TAAGGGCCTGTCCGAT-1,1,57,95,19057,18434
GCTAGAGTAGAGATGT-1,1,56,96,18803,18567
CACAGGGCCATATAGT-1,1,57,97,19046,18719
CCATGCCCTAGATTTC-1,1,56,98,18792,18852
TCGCGTAGCAGTGTCC-1,1,57,99,19035,19005
GACGAGGCTAATAAAC-1,1,56,100,18781,19138
CTACACTCGCAGATGG-1,1,57,101,19024,19290
ACGCATACGTTTACTA-1,1,56,102,18771,19423
GGAGCAACATTTCAAG-1,1,57,103,19013,19575
CGAGAGGGTAGCCGCG-1,1,56,104,18760,19708
TCGTGTTCGACCACAA-1,1,57,105,19002,19860
TCTACCCAATAGAGAG-1,1,56,106,18749,19993
ATAAACGTTGCACCAC-1,1,57,107,18991,20145
TCAACTGCAGAGTCAG-1,1,56,108,18738,20278
AGCTCCATATATGTTC-1,1,57,109,18980,20430
GTAACATCTAAGATAA-1,1,56,110,18727,20563
CCGACAATAGGCCGCC-1,1,57,111,18969,20716
ATGCTTAGGAGTTGAT-1,1,56,112,18716,20849
AACCCGAGCAGAATCG-1,1,57,113,18959,21001
CGGGTTTGTTAGGGCT-1,1,56,114,18705,21134
AGGCACGTGACTGTCC-1,1,57,115,18948,21286
GACAAGAGATGAGATT-1,1,56,116,18694,21419
AGCCCTTGGACATCCC-1,1,57,117,18937,21571
GCAGTTCGATCCGAGC-1,1,56,118,18683,21704
TCGAGGGCAACAGACG-1,1,57,119,18926,21856
ACTTTGTCGACGCACT-1,1,56,120,18672,21989
GAGTATCAAAGTTACA-1,1,57,121,18915,22141
CCAGGCTGGCGTCTGA-1,1,56,122,18661,22274
GGACTCTTCCGGTTGA-1,1,57,123,18904,22427
TCCCAGCACACGACAT-1,1,56,124,18650,22560
GCTCCATGAGTGCAGA-1,1,57,125,18893,22712
GCAGTGCGGGCGGATG-1,1,56,126,18639,22845
GCGTTCTGACTAAGCG-1,1,57,127,18882,22997
ATTTGGAGATTGCGGT-1,1,58,0,19824,4898
AAGGGTTTGATTTCAG-1,1,59,1,20067,5050
CCGGCCGCGAGCATAT-1,0,58,2,19813,5184
GAGTTCTGTGGGTGCT-1,1,59,3,20056,5336
AAACGAAGATGGAGTA-1,1,58,4,19802,5469
AATTACGAGACCCATC-1,1,59,5,20045,5621
CCTTTGAATTATGGCT-1,1,58,6,19791,5754
CATGGTATTAGTTTGT-1,1,59,7,20034,5906
AACGAAAGTCGTCCCA-1,1,58,8,19780,6039
ACATAAGTCGTGGTGA-1,1,59,9,20023,6191
GCACAACCTCGGGCGT-1,1,58,10,19769,6324
ATGCACGCGCTGTTCA-1,1,59,11,20012,6476
CGATGTTGTTATCTAC-1,1,58,12,19758,6609
GTCTCCTGCCAGTATG-1,1,59,13,20001,6761
GATGCCTTCTGCGGCA-1,1,58,14,19748,6894
ACCGGTCAGGTACACC-1,1,59,15,19990,7047
GTGGAGCGTTTACCGA-1,1,58,16,19737,7180
AGGCGGTTTGTCCCGC-1,1,59,17,19979,7332
TCCCTGGCGTATTAAC-1,1,58,18,19726,7465
AAACACCAATAACTGC-1,1,59,19,19968,7617
TGGACGCAATCCAGCC-1,1,58,20,19715,7750
GGAACCTTGACTCTGC-1,1,59,21,19957,7902
GTATCTCAGTCTTGAC-1,1,58,22,19704,8035
GCTGAATCTTCCAATC-1,1,59,23,19946,8187
AGATGCAAGACGTGCA-1,1,58,24,19693,8320
TTAAGGCCCGTACTTT-1,1,59,25,19936,8472
AGTATGCTGGAGACCA-1,1,58,26,19682,8605
GCGGCAAAGTATTGCC-1,1,59,27,19925,8758
GCGCAAATATATTCAA-1,1,58,28,19671,8891
GAAGAAACGATATTGT-1,1,59,29,19914,9043
GGACCTCTAGGCCGCC-1,1,58,30,19660,9176
AACAGCTGTGTGGCAA-1,1,59,31,19903,9328
TCGAATATCCCGCAGG-1,1,58,32,19649,9461
GCGACCCAACCATCTG-1,1,59,33,19892,9613
AGAGAAGGAGTACAAT-1,1,58,34,19638,9746
GGCTCCTCCACCTGTT-1,1,59,35,19881,9898
TCAGTGTATACGTCAT-1,1,58,36,19627,10031
ATTATTATGTCCGTCA-1,1,59,37,19870,10183
TTAGGTCATAACCGAC-1,1,58,38,19616,10316
AAGATGGCACCGGACC-1,1,59,39,19859,10469
CTACAAGAAATAACCC-1,1,58,40,19605,10602
ACTATTTCCGGGCCCA-1,1,59,41,19848,10754
TTGTTTCACATCCAGG-1,1,58,42,19595,10887
CGCTGTGTGGATGTTG-1,1,59,43,19837,11039
TCAACATAGCGCCCTA-1,1,58,44,19584,11172
GGCCGTTTGGGTTTCA-1,1,59,45,19826,11324
TACTCTTTCGTCTTCA-1,1,58,46,19573,11457
TTCGCGCGCCATACGA-1,1,59,47,19815,11609
CGGAAAGAATCAAACG-1,1,58,48,19562,11742
AGGCAGGGAGCGTACT-1,1,59,49,19804,11894
CCTTTAAGGGAGCACT-1,1,58,50,19551,12027
CGCCCAGCACGCCTAG-1,1,59,51,19793,12180
AGTATTTGGCACGACC-1,1,58,52,19540,12313
TATCCGCACCGTCGGG-1,1,59,53,19783,12465
ACCCGTGTCATCAGTA-1,1,58,54,19529,12598
CAACTGCTCATCCGAT-1,1,59,55,19772,12750
CCGGAGCGTACTTTCT-1,1,58,56,19518,12883
TACCGTAGGTTAACTA-1,1,59,57,19761,13035
TGAGGAGTGCCAGCTT-1,1,58,58,19507,13168
CCAGTCTTGTCATAGA-1,1,59,59,19750,13320
GGGCAGAGCAATCGTT-1,1,58,60,19496,13453
TACCAAATAGCCCAGA-1,1,59,61,19739,13605
TACCTACTCCCAGTAT-1,1,58,62,19485,13738
TGTGAGACTAGCCCAA-1,1,59,63,19728,13891
ATACCTAACCAAGAAA-1,1,58,64,19474,14024
GTCGGGAAGCAGAAAC-1,1,59,65,19717,14176
AATTAACGGATTTCCA-1,1,58,66,19463,14309
GAACCCTCTGTGTTCT-1,1,59,67,19706,14461
ATATAAAGCGCTCGTG-1,1,58,68,19452,14594
CCTGGTCGAATGTGGG-1,1,59,69,19695,14746
CTAGGTTCGGACGTGA-1,1,58,70,19442,14879
TCGGGAGACAGCGTAC-1,1,59,71,19684,15031
CATAAGAAGCTTGGCT-1,1,58,72,19431,15164
AAGCACCCTGCGTATC-1,1,59,73,19673,15316
AGTTTGCACCTGCCTC-1,1,58,74,19420,15449
GACTGCAAATCGAGCT-1,1,59,75,19662,15602
GTGTATATCAGCGGGC-1,1,58,76,19409,15735
CTTCAACTCCACTTGG-1,1,59,77,19651,15887
ACTTACGCATCCACGC-1,1,58,78,19398,16020
CATGAGATGCACTCTC-1,1,59,79,19640,16172
GAGCACCTGTGTCCAG-1,1,58,80,19387,16305
CGCGACCGCGACAGAT-1,1,59,81,19630,16457
GTCCCGCGACGTTATG-1,1,58,82,19376,16590
GCAGTGTGGCTATAGG-1,1,59,83,19619,16742
ATACTGCCTTACACCG-1,1,58,84,19365,16875
TACAGAAACGGTGGGC-1,1,59,85,19608,17027
GGCGCGGAGATCTTTC-1,1,58,86,19354,17160
CGTTAATGTCCCGACG-1,1,59,87,19597,17313
GCTAACTGAAGTCTGA-1,1,58,88,19343,17446
AGTGATAACCTGCGCG-1,1,59,89,19586,17598
TATGATCTTCTCTTTA-1,1,58,90,19332,17731
TGTACCTACACGAGGG-1,1,59,91,19575,17883
ATATCGTTCCTCGAAC-1,1,58,92,19321,18016
CGGCGCCATCAATCCC-1,1,59,93,19564,18168
CCTGTTTGAAGACACG-1,1,58,94,19310,18301
GCCACTCAGAGCGCGA-1,1,59,95,19553,18453
TCGGCTTGTATCGACG-1,1,58,96,19300,18586
TAGATGGTTCCTTACT-1,1,59,97,19542,18738
ATCGTTAGCTAGCGGA-1,1,58,98,19289,18871
ACAGCGACATTCTCAT-1,1,59,99,19531,19024
ATTCAACCATTTAAGG-1,1,58,100,19278,19157
CACTCTTCTGCTAGCC-1,1,59,101,19520,19309
CTAACTGATAATCGCC-1,1,58,102,19267,19442
TGATGTCAATTAAGTG-1,1,59,103,19509,19594
CGCCGTTCAGCATAGT-1,1,58,104,19256,19727
ATACTACCCGTACCAC-1,1,59,105,19498,19879
CCACTGTTTGGATTAA-1,1,58,106,19245,20012
CACTACGGGAGCTGCC-1,1,59,107,19488,20164
GACCAAACGTTGACTG-1,1,58,108,19234,20297
AAGAGGCCCTTTGGAA-1,1,59,109,19477,20449
ACACGTAGGCCACAAG-1,1,58,110,19223,20582
TACTCTTACTTTACTG-1,1,59,111,19466,20735
AGAGCCGCCGAGATTT-1,1,58,112,19212,20868
GGCCTGCTTCTCCCGA-1,1,59,113,19455,21020
TCAAGCGCGGACGGTA-1,1,58,114,19201,21153
ACACTGGGACAGTCGT-1,1,59,115,19444,21305
TGTGTAGTAGCACGTG-1,1,58,116,19190,21438
CTAGCCACAGGCGAGC-1,1,59,117,19433,21590
CTATCGCGTAGAGAAC-1,1,58,118,19179,21723
GTTCCCGTAAACATAT-1,1,59,119,19422,21875
TCTTTCCTTCGAGATA-1,1,58,120,19168,22008
ATATTGGAGAGGCCTT-1,1,59,121,19411,22160
AGGCGATAACTGGCGT-1,1,58,122,19157,22293
ACCCGGAGCACCACAA-1,1,59,123,19400,22446
TGAGCTCAACTGTATA-1,1,58,124,19147,22579
ACGACCCATGAGTTGC-1,1,59,125,19389,22731
CGGTCAGTCCATATTT-1,1,58,126,19136,22864
TCCGGCTGTCGGGTCG-1,1,59,127,19378,23016
ATTCCCGAAGGTACAG-1,1,60,0,20320,4917
CTAACAGCACAATAAC-1,1,61,1,20563,5069
TTGTGCGGAAGCGGAT-1,1,60,2,20309,5203
GGGCACTATTGACCAT-1,1,61,3,20552,5355
CCATAGAGGCTGCCAG-1,1,60,4,20298,5488
CCGAAGCATTGACCAA-1,1,61,5,20541,5640
TACTGAGGGAAGAAAG-1,1,60,6,20287,5773
TATGTAGAAACCCGGC-1,1,61,7,20530,5925
TGGTTAACTTACATTT-1,1,60,8,20276,6058
AGAACCCTCAATTGGG-1,1,61,9,20519,6210
CCTATATCGTGTCACG-1,1,60,10,20266,6343
ACGGCTGGATGTAGAA-1,1,61,11,20508,6495
CTCGCATTGCATAGCC-1,1,60,12,20255,6628
ACTTTGGTCGTGCTCC-1,1,61,13,20497,6780
GCTGGTTTAGGCCATA-1,1,60,14,20244,6914
TGTCGTTATCACATAT-1,1,61,15,20486,7066
ACACATGATCAAATCT-1,1,60,16,20233,7199
TATCCATCTCGGTTAG-1,1,61,17,20475,7351
CTCGTCGAGGGCTCAT-1,1,60,18,20222,7484
ATCAATGCCGTGGCTG-1,1,61,19,20464,7636
GAAACATAGGAAACAG-1,1,60,20,20211,7769
TAATAGGTCACCAGAA-1,1,61,21,20454,7921
CACCAGTCAGCATGCA-1,1,60,22,20200,8054
GAGCGCTGTTAGGTAA-1,1,61,23,20443,8206
CCCTATGTAGAGCAGA-1,1,60,24,20189,8339
GATCGCTATATCTCAG-1,1,61,25,20432,8491
AAGGGACTATGCATTC-1,1,60,26,20178,8625
CTCGGGTTCTCTGGCC-1,1,61,27,20421,8777
TATATATCGAGAAATG-1,1,60,28,20167,8910
ACCCGAGCGAAATTAC-1,1,61,29,20410,9062
TTGTTTCATTAGTCTA-1,1,60,30,20156,9195
ATGGGACCTGCTGAAC-1,1,61,31,20399,9347
TGCGACGGCCGAACGT-1,1,60,32,20145,9480
AGCTAACAAGCAATGT-1,1,61,33,20388,9632
CGTGTCTCGTTACGAC-1,1,60,34,20134,9765
CTAAATCCGGTGTACA-1,1,61,35,20377,9917
GAATAGTGCTCGATTA-1,1,60,36,20124,10050
AACAATACATTGTCGA-1,1,61,37,20366,10202
CACATCGTGCACGCGC-1,1,60,38,20113,10335
ACCGTGACCACGTGGG-1,1,61,39,20355,10488
CCCAATGAGATTTGCA-1,1,60,40,20102,10621
TCAGCAGTAGGCCCTG-1,1,61,41,20344,10773
CTACTCAAGGTATAGT-1,1,60,42,20091,10906
TAGTAGCTTATACCAG-1,1,61,43,20333,11058
ACGTTCGTTCAGGAAA-1,1,60,44,20080,11191
TTAGAATAAGGGTCGG-1,1,61,45,20322,11343
TTCTAGAAAGTCTTAT-1,1,60,46,20069,11476
CCTTCAGTTAAAGTGA-1,1,61,47,20312,11628
TAGCTAGTGATGATGG-1,1,60,48,20058,11761
AGCCCGGTAGCCTGTA-1,1,61,49,20301,11913
TACCTCAGTTGTCTGT-1,1,60,50,20047,12046
GACGGGTTGGCCCGTA-1,1,61,51,20290,12199
GAAACCTATACAAATG-1,1,60,52,20036,12332
TCCACCTCTAGCCTTT-1,1,61,53,20279,12484
AAGACCCAACTGAACA-1,1,60,54,20025,12617
CATACACGGTTCCCAC-1,1,61,55,20268,12769
ACTACGCGTTAGAATT-1,1,60,56,20014,12902
CTTGGCCAAGCTGGGA-1,1,61,57,20257,13054
TTACCCTAGGGATTGG-1,1,60,58,20003,13187
TTCGCACTGTACGACA-1,1,61,59,20246,13339
TAGGTGTTCCACAGAT-1,1,60,60,19992,13472
GAAGCCTGCACATTCC-1,1,61,61,20235,13624
GGCTTTCAATAAGGGT-1,1,60,62,19981,13757
TCCAGGGTATATACGA-1,1,61,63,20224,13910
CTCGCCGAATGTAGGG-1,1,60,64,19971,14043
AGGAAGCTGTCCGCCG-1,1,61,65,20213,14195
GTCTCAAGGCCCGGCT-1,1,60,66,19960,14328
ACCGACACATCTCCCA-1,1,61,67,20202,14480
TATACGCGTCATCACT-1,1,60,68,19949,14613
ATCTGGGCTGTTCTTG-1,1,61,69,20191,14765
TCAAATTTGAGACTCA-1,1,60,70,19938,14898
GTTAAGGGTGCGATGT-1,1,61,71,20180,15050
AGCAAAGGCCGCTAGT-1,1,60,72,19927,15183
TTATAGGTAATTGTCT-1,1,61,73,20169,15335
TTGTGCAGCCACGTCA-1,1,60,74,19916,15468
ACGGACTCTCAAAGCG-1,1,61,75,20159,15621
ATGCTCTGGCGCGGTA-1,1,60,76,19905,15754
ATAATCTTGGAGAACC-1,1,61,77,20148,15906
CTCATTGCTCTAACAA-1,1,60,78,19894,16039
TAGGTGACGATAACCT-1,1,61,79,20137,16191
CGGATCCTCAAGGACT-1,1,60,80,19883,16324
GGGCGTGGTTTCCCAG-1,1,61,81,20126,16476
TGGCTATGTGACATAC-1,1,60,82,19872,16609
CTTAGTGTAGTAGCAT-1,1,61,83,20115,16761
GGATTGCTGTGACTCC-1,1,60,84,19861,16894
ACTTCCATGCGGGACA-1,1,61,85,20104,17046
ACTCAAGTGCAAGGCT-1,1,60,86,19850,17179
ACAAGGATGCTTTAGG-1,1,61,87,20093,17332
TTGAACGACGTGCTGA-1,1,60,88,19839,17465
ATTCATCGTTGAGGCA-1,1,61,89,20082,17617
TGCAACCCATCTGCGG-1,1,60,90,19828,17750
AGTGCTAAACACAGCA-1,1,61,91,20071,17902
AACTCCAGAGCGTGTT-1,1,60,92,19818,18035
TCTCCACAAGTTGAAT-1,1,61,93,20060,18187
CTTTGCATCGCTCTTG-1,1,60,94,19807,18320
TCACAAACCGAGGTAC-1,1,61,95,20049,18472
CCGTAGGAAATCCCTG-1,1,60,96,19796,18605
AAACATTTCCCGGATT-1,1,61,97,20038,18757
GCCTCCGACAATTCAC-1,1,60,98,19785,18890
TCTGCATACCTTGCTT-1,1,61,99,20027,19043
ACCCATTTGTCCCTCT-1,1,60,100,19774,19176
CTGCAGAGAATCAGAG-1,1,61,101,20016,19328
GGAAACTAAATGGGCC-1,1,60,102,19763,19461
CAACCTACCGAGCAGT-1,1,61,103,20006,19613
CCGTAGGGTTGTTTAC-1,1,60,104,19752,19746
GGTTTGTGACCTGAGG-1,1,61,105,19995,19898
TAACCTAGGGAGTCCA-1,1,60,106,19741,20031
TTCCATCGACAGCGTG-1,1,61,107,19984,20183
ATCTCCCACGGAATAT-1,1,60,108,19730,20316
GTTTCAAACGAGTTGT-1,1,61,109,19973,20468
GGAACTTTGGCGATTA-1,1,60,110,19719,20601
CTGCAAGCACGTTCCG-1,1,61,111,19962,20754
CACAGTCCCGCTTCGC-1,1,60,112,19708,20887
TACGCTCGGTATTGGA-1,1,61,113,19951,21039
CTGGTAAAGTGTGGGC-1,1,60,114,19697,21172
CAACCAGTGGCCTACC-1,1,61,115,19940,21324
TCTTCGCGGTGAGAGG-1,1,60,116,19686,21457
TTCGGGTTGCCACGGG-1,1,61,117,19929,21609
ACCGATAGGCATAACC-1,1,60,118,19676,21742
CTTATAGATGGCTGTT-1,1,61,119,19918,21894
AGACGCCCACTTCGCC-1,1,60,120,19665,22027
AGGTCGCCTCCCAACA-1,1,61,121,19907,22179
CCTCACGTCAGCTAAT-1,1,60,122,19654,22312
CCACCTGTATGGAATA-1,1,61,123,19896,22465
GGACTCGAAGCTTTCA-1,1,60,124,19643,22598
AAGCCGGAGAGCAGGA-1,1,61,125,19885,22750
GCCTATCAGGTAAGAT-1,1,60,126,19632,22883
TCAGAGTGTGAGCATG-1,1,61,127,19874,23035
AAACATGGTGAGAGGA-1,1,62,0,20816,4936
ATCATTGTACCGCATT-1,1,63,1,21059,5088
TCAGCTTGAGCTTTCG-1,1,62,2,20805,5222
CCGCGCAAGATACCCA-1,1,63,3,21048,5374
CTATACTTAAAGCGAG-1,1,62,4,20795,5507
ACCGTCCACTGGGCCC-1,1,63,5,21037,5659
AAGACCAAATAACTCA-1,1,62,6,20784,5792
TGTTTCTGAAGCGTGC-1,1,63,7,21026,5944
TTCTCTTACAGGTGAT-1,1,62,8,20773,6077
AATTCATTGTCATGCA-1,1,63,9,21015,6229
GCCCGAGAGTCTAAAT-1,1,62,10,20762,6362
ATATAGAGTATTGGTC-1,1,63,11,21004,6514
TTGAAGGATGGGCGCC-1,1,62,12,20751,6647
TAGTACCACAACTTTC-1,1,63,13,20993,6799
ATCCCATCCACAGCGC-1,1,62,14,20740,6933
CTTAGGTATAGACCAG-1,1,63,15,20983,7085
TGACTCCGAATCATAC-1,1,62,16,20729,7218
ACTACATCCCGACAAG-1,1,63,17,20972,7370
TTGCCGCAGACCTACA-1,1,62,18,20718,7503
TAAGAGGGACAGGGAC-1,1,63,19,20961,7655
CGAATGAAGTCATTGC-1,1,62,20,20707,7788
AAGGGAACGACTGGCT-1,1,63,21,20950,7940
CGAATCTGCTCGACGC-1,1,62,22,20696,8073
ATCGTGGAAAGTCTGG-1,1,63,23,20939,8225
CCTATGGCTCCTAGTG-1,1,62,24,20685,8358
CGTCGCTTGGTTATAC-1,1,63,25,20928,8510
TGCTTAGAGAGAATGC-1,1,62,26,20674,8644
GATTGCTCCAGTTGCA-1,1,63,27,20917,8796
CGTGCTTCTACCTAAA-1,1,62,28,20663,8929
ACTCCAATATCATCAT-1,1,63,29,20906,9081
GCCGACCCACGACTGC-1,1,62,30,20652,9214
GAGGGTAGTAACAAAG-1,1,63,31,20895,9366
GGCCGAGACTCTGGTG-1,1,62,32,20642,9499
TATATAGGGCTTTACG-1,1,63,33,20884,9651
TGCCGGATGTACGAGC-1,1,62,34,20631,9784
AGGTAGATCGAGATAT-1,1,63,35,20873,9936
GATCAACATAAAGGGA-1,1,62,36,20620,10069
TAACAGCGTTTGTGCT-1,1,63,37,20862,10221
CTATAGGCGTTGATGT-1,1,62,38,20609,10355
GGTTTAATTACCATCG-1,1,63,39,20851,10507
CTCTTCTGGAAGTTAG-1,1,62,40,20598,10640
ATCTGACATGGAAGGA-1,1,63,41,20840,10792
TACGTACTAGTGCTGA-1,1,62,42,20587,10925
ATGACTATCAGCTGTG-1,1,63,43,20830,11077
CTTTGGGATTGTTGCA-1,1,62,44,20576,11210
AGACTGTTACCGGGTC-1,1,63,45,20819,11362
TCCTAACCGTCGGGCA-1,1,62,46,20565,11495
ACGCAAACTAATAGAT-1,1,63,47,20808,11647
AAGTGAGTCGGGTTTA-1,1,62,48,20554,11780
TAAAGCGGTATTTCCA-1,1,63,49,20797,11932
CTCCTCCAGCTCACAC-1,1,62,50,20543,12065
CGGTCCGTCGCAAGCC-1,1,63,51,20786,12218
CCTATATTTGTCCTGG-1,1,62,52,20532,12351
TCCAATAAAGGCTACC-1,1,63,53,20775,12503
AAAGGCTACGGACCAT-1,1,62,54,20521,12636
CGTGACCAGTCCTCTG-1,1,63,55,20764,12788
GATCTGCTATCTAAGG-1,1,62,56,20510,12921
CGAATGACGCATAATG-1,1,63,57,20753,13073
GCTCAATGTAATACCG-1,1,62,58,20500,13206
CTATGCCCGAATGCAA-1,1,63,59,20742,13358
CACAGGGCCGTTGTCA-1,1,62,60,20489,13491
TCAATACGCCGTCATG-1,1,63,61,20731,13643
AGCGGACACTTCGTAG-1,1,62,62,20478,13776
ATACGTTATGCACGGA-1,1,63,63,20720,13929
GAGTAGATACTAGTTG-1,1,62,64,20467,14062
CCAGCTCGAACGCATT-1,1,63,65,20709,14214
TGCTTCCCAAGCAGTA-1,1,62,66,20456,14347
GTAGACACGCCTGACT-1,1,63,67,20698,14499
CTCACATTTACTAAAT-1,1,62,68,20445,14632
GAATGCGAATCGGTTC-1,1,63,69,20688,14784
TAAGGCCCGTCACCCT-1,1,62,70,20434,14917
GAGTATGCGCGTGCAT-1,1,63,71,20677,15069
ATCCACATCGACAGAA-1,1,62,72,20423,15202
TAGACGAAACGCCAAT-1,1,63,73,20666,15354
CAGCAGTCTGTGCTGC-1,1,62,74,20412,15487
CTCACTGTGATACTTA-1,1,63,75,20655,15640
TTAATTGCTTTGGGTG-1,1,62,76,20401,15773
GTAGTCTACGATATTG-1,1,63,77,20644,15925
TTGCCGCTTTCTAGTA-1,1,62,78,20390,16058
GAACCTTTAACGATCC-1,1,63,79,20633,16210
TGGACCAATCTAAGAT-1,1,62,80,20379,16343
CTAGTAGAAAGGGATT-1,1,63,81,20622,16495
AACCTCGCTTTAGCCC-1,1,62,82,20368,16628
GAGTGTCAACCAGAAA-1,1,63,83,20611,16780
GTGATCCTTGTCATGA-1,1,62,84,20357,16913
CTCAACTAACCCGGAT-1,1,63,85,20600,17065
AGTGGCGTCTGAAGGT-1,1,62,86,20347,17198
GGGAAGGGCTTTCTCA-1,1,63,87,20589,17351
AGGCCTGAGAATCTCG-1,1,62,88,20336,17484
AGCCACAGGTTACCCG-1,1,63,89,20578,17636
TGCAATCTAACACGGT-1,1,62,90,20325,17769
GTTTGGGTTTCGCCCG-1,1,63,91,20567,17921
CCTATGTCCACTCCAC-1,1,62,92,20314,18054
CTGCCTTTCTAGTAAA-1,1,63,93,20556,18206
TTAGTAAACCTGCTCT-1,1,62,94,20303,18339
TTGTGGTGGTACTAAG-1,1,63,95,20545,18491
CCTCCTGTTGTGTCGT-1,1,62,96,20292,18624
ACAAAGCATGACCTAG-1,1,63,97,20535,18776
ATAGCAACTAGGGAAG-1,1,62,98,20281,18909
CCGCTCTTCCGAACTA-1,1,63,99,20524,19062
TAGAATAGCCGATGAA-1,1,62,100,20270,19195
GGTCTCCGTCCAGGTT-1,1,63,101,20513,19347
TAATTACGTCAGTAGA-1,1,62,102,20259,19480
TACGTAAAGCGGAGTG-1,1,63,103,20502,19632
GCTACAATCGAGGATA-1,1,62,104,20248,19765
TCAGCCAATCCGTAAA-1,1,63,105,20491,19917
ATCATAGCCCTATGTA-1,1,62,106,20237,20050
GAGGCCTGTTGATACA-1,1,63,107,20480,20202
ATATACGCTCGTGACG-1,1,62,108,20226,20335
CCCTTTAATGGAGTTC-1,1,63,109,20469,20487
TTACACGATCTGCGAC-1,1,62,110,20215,20620
TCGCATAAAGGGCGCA-1,1,63,111,20458,20773
TGTAGCCATCCCATTC-1,1,62,112,20204,20906
GGGTCTATCGCTTTCC-1,1,63,113,20447,21058
GGAGGGTCAAGTAAGA-1,1,62,114,20194,21191
TACGGCATGGACGCTA-1,1,63,115,20436,21343
CACGTCAATCAATGGA-1,1,62,116,20183,21476
CGCTTGGACGGATAGA-1,1,63,117,20425,21628
CGCGGTACGGTATACA-1,1,62,118,20172,21761
CCTACTCAACACGATT-1,1,63,119,20414,21913
CGTTTGGTGTTGTGGG-1,1,62,120,20161,22046
GTTGTTGCAAGATGGC-1,1,63,121,20403,22198
CATTCGTCGTAGCGGT-1,1,62,122,20150,22331
CAGCCTCGATAGCGGT-1,1,63,123,20392,22484
TCATAAGTCCAAGAAG-1,1,62,124,20139,22617
AAAGTGCCATCAATTA-1,1,63,125,20382,22769
GTTGCAGTCGACAACA-1,1,62,126,20128,22902
TAAATGGGCTACTGAG-1,1,63,127,20371,23054
GGACAAGCCATGATCG-1,1,64,0,21313,4955
TCCAATGCGTCGCCGC-1,1,65,1,21555,5107
AAAGAATGACCTTAGA-1,1,64,2,21302,5241
CCTATTATTCCGGCCG-1,1,65,3,21544,5393
CAGTAAGGGACGTCTC-1,1,64,4,21291,5526
GGGATGGACCCGCGTC-1,1,65,5,21533,5678
GACGCATACCCGTCGG-1,1,64,6,21280,5811
GGGCAGGATTTCTGTG-1,1,65,7,21522,5963
TATCTGAGCCGATATT-1,1,64,8,21269,6096
AATGTATGGCACTGTA-1,1,65,9,21511,6248
GCCTTTGTCAGTGGAC-1,1,64,10,21258,6381
AACCATAGGGTTGAAC-1,1,65,11,21501,6533
AAACTTAATTGCACGC-1,1,64,12,21247,6666
TAGGCGGCTGCAAAGA-1,1,65,13,21490,6818
TCCATCAATACTAATC-1,1,64,14,21236,6952
ACCTCGAACTTATGCT-1,1,65,15,21479,7104
ACAAACCATGCGTCCT-1,1,64,16,21225,7237
ACACCGGTCTGACCGC-1,1,65,17,21468,7389
ATGGCAGCATTACGAT-1,1,64,18,21214,7522
CTGGTGAATGGGCCTA-1,1,65,19,21457,7674
CACAGAGACGAGGACG-1,1,64,20,21203,7807
GCACAAACCCTAGATG-1,1,65,21,21446,7959
ACTATGTCCAGCTGCC-1,1,64,22,21192,8092
AAGCCGCCGTGAAATC-1,1,65,23,21435,8244
ATGGGTGTATACCTCC-1,1,64,24,21181,8377
TAAGCGCGAATCAAAT-1,1,65,25,21424,8529
AGCCCGGCATTAGAGG-1,1,64,26,21171,8663
GTGATCAAGCGTGCAC-1,0,65,27,21413,8815
CTGCCTTTAATACCTT-1,1,64,28,21160,8948
TACCTCCACACCAATG-1,1,65,29,21402,9100
GAGCATCAACAACTTG-1,1,64,30,21149,9233
CATACGAACTAGCTGG-1,1,65,31,21391,9385
GGGAACGGTTTCAGAT-1,1,64,32,21138,9518
AGGGTGCCGTTCTTTA-1,1,65,33,21380,9670
ACGACTGGTCATACTC-1,1,64,34,21127,9803
GGATCTTACTGCCCTT-1,1,65,35,21369,9955
TACTCCTCTAGTTGAC-1,1,64,36,21116,10088
GTAGCTCCGGGAGGCT-1,1,65,37,21359,10240
GGACTCGTGAGTGGTC-1,1,64,38,21105,10374
GTAGTTCGAAGGCGAA-1,1,65,39,21348,10526
CTCAAACCACTGCCCG-1,1,64,40,21094,10659
GAGGGAGTCAGATCGC-1,1,65,41,21337,10811
GCGTCCCTAAGACATA-1,1,64,42,21083,10944
TCTCTTACCGCGAACC-1,1,65,43,21326,11096
GGCTACTATACACTCC-1,1,64,44,21072,11229
CGTTGCCCGCGTGGGA-1,1,65,45,21315,11381
TATAGAGTCGCTTGAA-1,1,64,46,21061,11514
ATGTTGTAGTCTGTTT-1,1,65,47,21304,11666
AGTATACACAGCGACA-1,1,64,48,21050,11799
TGTGGTTGCTAAAGCT-1,1,65,49,21293,11951
TGATTCCCGGTTACCT-1,1,64,50,21039,12085
CACTGACGATTGTGGA-1,1,65,51,21282,12237
AACATTGTGACTCGAG-1,1,64,52,21028,12370
GTCCAATATTTAGCCT-1,1,65,53,21271,12522
GCTCTTTCCGCTAGTG-1,1,64,54,21018,12655
GGGTCAGGAGCTAGAT-1,1,65,55,21260,12807
AGGTGGTGACCTTCGC-1,1,64,56,21007,12940
CCCGGGTCGTTCAGGG-1,1,65,57,21249,13092
AGCCAAGCTTTGTGTC-1,1,64,58,20996,13225
TGTGGCGGGCTTCTGG-1,1,65,59,21238,13377
CGAGGGTATCCAGGTG-1,1,64,60,20985,13510
CGTTCAGACCCGCGAA-1,1,65,61,21227,13662
TCATATGAGCTTTGTT-1,1,64,62,20974,13796
AGTTGACGGTCCTTGC-1,1,65,63,21216,13948
ATAATTAGCTAAGTAG-1,1,64,64,20963,14081
GGTCTTGAGCGCTCTT-1,1,65,65,21206,14233
CGTTGTCGGCAATTGA-1,1,64,66,20952,14366
TCTTGCTCCCGATACT-1,1,65,67,21195,14518
AGCAGAAGGAGAAAGA-1,1,64,68,20941,14651
GAAGCCACTGATTATG-1,1,65,69,21184,14803
TGCTCTTGAGAGTTTG-1,1,64,70,20930,14936
GACATCCGTCGAACTG-1,1,65,71,21173,15088
AGATATAATACGACTA-1,1,64,72,20919,15221
TCGCTACTGGCTTTGA-1,1,65,73,21162,15373
GTGACAGCTTCCCACT-1,1,64,74,20908,15506
GTGACGCAGGTTTCAT-1,1,65,75,21151,15659
GGGAAGACGGTCTGTC-1,1,64,76,20897,15792
CGTCGCATGTGAGCCA-1,1,65,77,21140,15944
AGAAGGTTGTAGGTCG-1,1,64,78,20886,16077
GGCCGGCGTCTGCTAT-1,1,65,79,21129,16229
TTGACCAGGAACAACT-1,1,64,80,20876,16362
AGTCGTATAAAGCAGA-1,1,65,81,21118,16514
GGCGTAGGGAAAGCTG-1,1,64,82,20865,16647
AAACCTAAGCAGCCGG-1,1,65,83,21107,16799
ATTGCCTTTATGTTTG-1,1,64,84,20854,16932
CAGGCAGTCTTACCAG-1,1,65,85,21096,17084
AGCTAAGTACGCAGGC-1,1,64,86,20843,17217
AAATCCGATACACGCC-1,1,65,87,21085,17370
CGAGAGCTTTCACTAC-1,1,64,88,20832,17503
CGCCCAGCGTTTCACG-1,1,65,89,21074,17655
TTAAGTATTGTTATCC-1,1,64,90,20821,17788
AAACGGGCGTACGGGT-1,1,65,91,21063,17940
GTATCCTTTGGTAACC-1,1,64,92,20810,18073
CATAGTCAAATACATA-1,1,65,93,21053,18225
TCTATGCTATAACGAC-1,1,64,94,20799,18358
ACGTTCTGTACAAGTC-1,1,65,95,21042,18510
CGCGAAGTGGCATACT-1,1,64,96,20788,18643
ACCAACCGCACTCCAC-1,1,65,97,21031,18795
GTCATGCGCGAGGGCT-1,1,64,98,20777,18928
TAGGCTAAAGTGGCAC-1,1,65,99,21020,19081
TGGCTACACTCTACCT-1,1,64,100,20766,19214
TGTCCACGGCTCAACT-1,1,65,101,21009,19366
AATTGCAGCAATCGAC-1,1,64,102,20755,19499
GTCAACCAGGCCTATA-1,1,65,103,20998,19651
ATCTTATCGCACACCC-1,1,64,104,20744,19784
GTCTATTGCATGCTCG-1,1,65,105,20987,19936
GCACGTGGTTTACTTA-1,1,64,106,20733,20069
ATTCGCGCCTTGAGAG-1,1,65,107,20976,20221
AGCGATGCGCCTAATA-1,1,64,108,20723,20354
TCTATAGGTGGGTAAT-1,1,65,109,20965,20506
AGATACCAATAGAACC-1,1,64,110,20712,20639
CGTGTATGGGAGCTGA-1,1,65,111,20954,20792
ATGTACATGCGGTGAG-1,1,64,112,20701,20925
TTGGCTCAATATGTGT-1,1,65,113,20943,21077
GTTCGGAGCACTCAAC-1,1,64,114,20690,21210
TCCCTCTTCTCAAGGG-1,1,65,115,20932,21362
TTACGTATCTATGACA-1,1,64,116,20679,21495
CCCATATAGGTCGATT-1,1,65,117,20921,21647
GTCCACGTCGCATTCG-1,1,64,118,20668,21780
AATTGTGGTTGCCAAA-1,1,65,119,20911,21932
AGGAACGAACGACTTC-1,1,64,120,20657,22065
TAATTCCAATGCTTCA-1,1,65,121,20900,22217
AGGGCCCTAATGTTCT-1,1,64,122,20646,22350
AGGTGTTGCCGACCAC-1,1,65,123,20889,22503
CTGAGAGTAGAAATAC-1,1,64,124,20635,22636
TAGAAGAAGGGTTACA-1,1,65,125,20878,22788
GGTGACTGATAGAGAG-1,1,64,126,20624,22921
TACCCTCGGTAACCCT-1,1,65,127,20867,23073
TGTAAGACTGATAAGA-1,0,66,0,21809,4974
GTCACTCATGAGCGAT-1,1,67,1,22051,5126
CGGTTTACTGAACATT-1,1,66,2,21798,5260
GAGATCGATCTTACTC-1,1,67,3,22040,5412
TCTTTCATCCGTCCTT-1,1,66,4,21787,5545
TCGGATCTGGATGACC-1,1,67,5,22030,5697
GTCCTAGGATACCTTA-1,1,66,6,21776,5830
TGTACCCGACCCTAAT-1,1,67,7,22019,5982
AGGTTCTCCTTTCCGG-1,1,66,8,21765,6115
AATTGCGTGGATTACA-1,1,67,9,22008,6267
CGATAGCGATACAGTG-1,1,66,10,21754,6400
CGCCCTAATTGTTCAA-1,1,67,11,21997,6552
ATTATGAGACCCAATT-1,1,66,12,21743,6685
CCTCCTAGCTAGAGTC-1,1,67,13,21986,6837
CGAAGGGTTTCAGATT-1,1,66,14,21732,6971
CACAAGCTAAGAAAGG-1,1,67,15,21975,7123
CACCGGTAGAGACATT-1,1,66,16,21721,7256
ACTCATGGCAGCCTTC-1,1,67,17,21964,7408
CATCCAATATAGTTTG-1,1,66,18,21710,7541
CAGATATGAAGATGAC-1,1,67,19,21953,7693
GCAAAGGGCGTTAGCC-1,1,66,20,21699,7826
CTGTTGTTCAGTCGTA-1,1,67,21,21942,7978
AAAGGCCCTATAATAC-1,1,66,22,21689,8111
AACATTGAAGTTGATC-1,1,67,23,21931,8263
GCTAGCGATAGGTCTT-1,1,66,24,21678,8396
ATTGCCTATTAGACCG-1,1,67,25,21920,8548
GGGCGTTTACATTCAT-1,1,66,26,21667,8682
CCTCTACAAGGATTGG-1,0,67,27,21909,8834
AGTGACTGTGACACAA-1,0,66,28,21656,8967
AGCCCTCCCTGGTGGC-1,0,67,29,21898,9119
CGGTTGAGTATCCTTC-1,1,66,30,21645,9252
CATTATCCCATTAACG-1,1,67,31,21887,9404
AATGTGCTAATCTGAG-1,1,66,32,21634,9537
CTTAGTTGAGGAATCG-1,1,67,33,21877,9689
CTTCTGGGCGTACCTA-1,1,66,34,21623,9822
AGTCAAATGATGTGAT-1,1,67,35,21866,9974
TGAACAAGCAGGGACT-1,1,66,36,21612,10107
AATACCGGAGGGCTGT-1,1,67,37,21855,10259
GTTTGGTGATCGGTGC-1,1,66,38,21601,10393
GACTGCTGGTGAGAAA-1,1,67,39,21844,10545
CGATCCTCGCAACATA-1,1,66,40,21590,10678
CCAACCTTATGTAACT-1,1,67,41,21833,10830
CGTGGTACCCAAAGGC-1,1,66,42,21579,10963
AACCCGACAACCCGTG-1,1,67,43,21822,11115
TATGTAAAGTGCTTAA-1,1,66,44,21568,11248
GCAAGTGTAAAGCATG-1,1,67,45,21811,11400
GTAACTGCCCAAGGAG-1,1,66,46,21557,11533
GGTGCATAAATGATTA-1,1,67,47,21800,11685
TAGTCCCGGAGACCAC-1,1,66,48,21547,11818
CGGCCAGAGCGACCAT-1,1,67,49,21789,11970
TGAATGAGTGTTTCCC-1,1,66,50,21536,12104
TTCACTTCCTAGAACG-1,1,67,51,21778,12256
CGCTTAGTATTGATAC-1,1,66,52,21525,12389
AACGCGACCTTGGGCG-1,1,67,53,21767,12541
GTGCACCAGCTTCAAC-1,1,66,54,21514,12674
TTCTATTAAACGCAGC-1,1,67,55,21756,12826
TGGCAAGCACAAGTCG-1,1,66,56,21503,12959
ATCTGCTGTTATCGCC-1,1,67,57,21745,13111
AATTCCAAGCATGTAC-1,1,66,58,21492,13244
AAACGGTTGCGAACTG-1,1,67,59,21735,13396
GAAGGAGTCGAGTGCG-1,1,66,60,21481,13529
GGCAAGCCCATAGTGG-1,1,67,61,21724,13681
TGACCAAATCTTAAAC-1,1,66,62,21470,13815
TTCGGTACTGTAGAGG-1,1,67,63,21713,13967
ATGTACGATGACGTCG-1,1,66,64,21459,14100
ATCTAGCTTGTGAGGG-1,1,67,65,21702,14252
AGCGGGTCTGACACTC-1,1,66,66,21448,14385
GAGGTACGCGTGTCCC-1,1,67,67,21691,14537
GCACTGCCTACCTTTA-1,1,66,68,21437,14670
GGAGCGAGGCCTACTT-1,1,67,69,21680,14822
AAACTCGGTTCGCAAT-1,1,66,70,21426,14955
GGCGCTTCATTCCCTG-1,1,67,71,21669,15107
TGCTCGGTGGGTCACC-1,1,66,72,21415,15240
AAGCGCAGGGCTTTGA-1,1,67,73,21658,15392
GACCTTCCACGTCTAC-1,1,66,74,21404,15526
GTTAGCCCATGACATC-1,1,67,75,21647,15678
AATTCGATTCGAGGAT-1,1,66,76,21394,15811
AGTCTTTAAAGTGTCC-1,1,67,77,21636,15963
GACTAGGCCGTTAGGT-1,1,66,78,21383,16096
TCCAAGCCTAGACACA-1,1,67,79,21625,16248
GATTGGGAAAGGTTGT-1,1,66,80,21372,16381
GATGAGGAACCTTCGG-1,1,67,81,21614,16533
TGAATACCGACGCGTA-1,1,66,82,21361,16666
AATCGTGAGCCGAGCA-1,1,67,83,21603,16818
GCGAAGAATCTGACGG-1,1,66,84,21350,16951
GAACAACTGGGATGAA-1,1,67,85,21592,17103
TCGCCGACATATTCGC-1,1,66,86,21339,17236
CGTAGAGAGTAATTAT-1,1,67,87,21582,17389
CGATAGTCGTACTGCA-1,1,66,88,21328,17522
CGCATGCCGAATGCGT-1,1,67,89,21571,17674
CTCTAGCCCTCGGAAA-1,1,66,90,21317,17807
TCCAACTCAGCTATCT-1,1,67,91,21560,17959
GTCTAGTGAGCCGCTT-1,1,66,92,21306,18092
TACCGAATAATTGTAA-1,1,67,93,21549,18244
ATATAACACGGGCGCA-1,1,66,94,21295,18377
GCATGCTAATAACGAT-1,1,67,95,21538,18529
TCCGGGCTTGACGGGA-1,1,66,96,21284,18662
ATTATTCAGAGTCACT-1,1,67,97,21527,18814
TAGCAGTATGACTAAA-1,1,66,98,21273,18947
TATGAAGAATTAAGGT-1,1,67,99,21516,19100
CAAGGCCAGTGGTGCA-1,1,66,100,21262,19233
TGCGTACGGCTAATTG-1,1,67,101,21505,19385
CAGATAATGGGCGGGT-1,1,66,102,21251,19518
GAGAACGGTTCTGACT-1,1,67,103,21494,19670
CGCTTCGGTCTAAGAC-1,1,66,104,21241,19803
AGCATTACGAGGCAAG-1,1,67,105,21483,19955
AAGTTGTGATGTTATA-1,1,66,106,21230,20088
TTGCTCATAGTACGTG-1,1,67,107,21472,20240
TACTTAAACATGTACA-1,1,66,108,21219,20373
AGTGAGTCGAATTAAC-1,1,67,109,21461,20525
TAGGCCTATATAGTCT-1,1,66,110,21208,20658
ACTCGCCGTTCGATAA-1,1,67,111,21450,20811
GGTACGTTGCGGCCGG-1,1,66,112,21197,20944
TATTGCCGGGCTTGTA-1,1,67,113,21439,21096
GGTAAACTCTGCGCTG-1,1,66,114,21186,21229
TCCCTTGTCTGAAACT-1,1,67,115,21429,21381
CATGATCGCTTTGAGA-1,1,66,116,21175,21514
GGACGGGCGACCAACC-1,1,67,117,21418,21666
GAGAGGCCTATGTGTA-1,1,66,118,21164,21799
TCGTAACTCCCAAGAC-1,1,67,119,21407,21951
CGTATCTAGAACTAAG-1,1,66,120,21153,22084
GCACCTTCCCGAAGGT-1,1,67,121,21396,22236
TACCTCTTTACCATCC-1,1,66,122,21142,22369
TGACTCTAACTGGTAA-1,1,67,123,21385,22522
GAGAAACTGGATCCCA-1,1,66,124,21131,22655
ATCCGGACCAGCCTGA-1,1,67,125,21374,22807
TTATTTAGGTTCCTTA-1,1,66,126,21120,22940
CGAATTCCCGGTTCAA-1,1,67,127,21363,23092
TAGTTTGATCGGTCGC-1,0,68,0,22305,4993
AGTCGAAACGATTCAG-1,0,69,1,22548,5145
ACGTCGGGCAACTCGG-1,1,68,2,22294,5279
ACTTGCTCTATCTACC-1,1,69,3,22537,5431
ATTACGGGCTACGGTT-1,1,68,4,22283,5564
GCAAACGTAAGCGACC-1,1,69,5,22526,5716
TTCGGACTGGGCATGG-1,1,68,6,22272,5849
GGGCCATTCGTGCTGG-1,1,69,7,22515,6001
GAGTTGTCACCAGTCT-1,1,68,8,22261,6134
AGTAATTTGCAAGCGT-1,1,69,9,22504,6286
GTGGCCGGTTTCTCGG-1,1,68,10,22250,6419
ATCTTAGGGCATTAAT-1,1,69,11,22493,6571
CTACATATCGCGGGAC-1,1,68,12,22239,6704
ATGGTATTTACTGATT-1,1,69,13,22482,6856
CCGTCAACCTCTGGCG-1,1,68,14,22228,6990
GCTTCGACGTTCAATC-1,1,69,15,22471,7142
GACCGATTAAATATGT-1,1,68,16,22218,7275
GTCGAATTTGGGCGCT-1,1,69,17,22460,7427
TCACGGCCCAAGAGAG-1,1,68,18,22207,7560
CTACGATCCTATCCTA-1,1,69,19,22449,7712
TGCAGTGGTAGGGAAC-1,1,68,20,22196,7845
TTGCCTAATCCAAAGT-1,1,69,21,22438,7997
AGCGAGACGTGAAGGC-1,1,68,22,22185,8130
TTCTACCTCAATCGGT-1,1,69,23,22427,8282
TACGCTGCTGTGTTAA-1,1,68,24,22174,8415
TAGTCCTGCACTAAGC-1,0,69,25,22416,8567
AGCACACGTTTAGACT-1,1,68,26,22163,8701
GTTCGACAATTGTATA-1,0,69,27,22406,8853
CCATGTTCATCTATAT-1,0,68,28,22152,8986
CCCTCGATAATACACA-1,1,69,29,22395,9138
ACTGCCCGCCATTCTC-1,0,68,30,22141,9271
CTATATCCAGCCTGGC-1,0,69,31,22384,9423
CGCACGTCTGTTTATG-1,0,68,32,22130,9556
AATCAGGTTTCATTTA-1,0,69,33,22373,9708
AGAGAAACACCAGAAA-1,1,68,34,22119,9841
ACCCGATTGGTTCCGA-1,1,69,35,22362,9993
TACCAGGAATCCCGTC-1,1,68,36,22108,10126
AAGTGCTTCTCTATTG-1,1,69,37,22351,10278
TGCATGTGACCCATAG-1,1,68,38,22097,10412
TAGATTCAAAGTGCGG-1,1,69,39,22340,10564
AGGGTCAGAGCACTCG-1,1,68,40,22086,10697
GTGAGATAACCTTATA-1,1,69,41,22329,10849
GTGTCAGTGTACGTGG-1,1,68,42,22075,10982
CTGTAGTGAGGATCGA-1,1,69,43,22318,11134
GATAGTGCGAGTAAGT-1,1,68,44,22065,11267
AGGGTTCAGACGGTCC-1,1,69,45,22307,11419
GGACTCGACAGCGCAT-1,1,68,46,22054,11552
CACTCTCAAGCATCGA-1,1,69,47,22296,11704
GAGCGGAATGCGGTGT-1,1,68,48,22043,11837
CAGTTCGAGGACCCGA-1,1,69,49,22285,11989
CGTAACTTCGACACTT-1,1,68,50,22032,12123
TGATCACCACACTGAC-1,1,69,51,22274,12275
CATACTTCTTTCTCCG-1,1,68,52,22021,12408
CAAGTAAGTGATAGAC-1,1,69,53,22263,12560
AGCCCGCAACAAGCAG-1,1,68,54,22010,12693
GCTCCATGCAAAGCAA-1,1,69,55,22253,12845
TCGTACCGACGTCAAG-1,1,68,56,21999,12978
ATTATCGGAATGTACG-1,1,69,57,22242,13130
ACCTACTATAAATCTA-1,1,68,58,21988,13263
TATCCTATCAACTGGT-1,1,69,59,22231,13415
GCGCGGTCTAGTAACT-1,1,68,60,21977,13548
CCTTCGTATAGAATCC-1,1,69,61,22220,13700
TGGGCGATACAATAAG-1,1,68,62,21966,13834
TGACATGTAACGTGAC-1,1,69,63,22209,13986
TTGGGAAGACGAGCCG-1,1,68,64,21955,14119
GGTGTAAATCGATTGT-1,1,69,65,22198,14271
GAACTGTGGAGAGACA-1,1,68,66,21944,14404
TCCACATCGTATATTG-1,1,69,67,22187,14556
CCTATGGTCAAAGCTG-1,1,68,68,21933,14689
TCCTTGTCCTTTAATT-1,1,69,69,22176,14841
AAGTTTATGGGCCCAA-1,1,68,70,21923,14974
GTCCGGGTTCACATTA-1,1,69,71,22165,15126
ATGTAGCGCGCGTAGG-1,1,68,72,21912,15259
TACGGAAGCCAAACCA-1,1,69,73,22154,15411
GCCCTGAGGATGGGCT-1,1,68,74,21901,15545
CGGGCGATGGATCACG-1,1,69,75,22143,15697
TGCGGACTTGACTCCG-1,1,68,76,21890,15830
TAATACTAGAACAGAC-1,1,69,77,22132,15982
TCAAATTGTTGTGCCG-1,1,68,78,21879,16115
GGGCAGTCAACGCCAA-1,1,69,79,22121,16267
TCGCTGCCAATGCTGT-1,1,68,80,21868,16400
TACGTGGGCCCAGGGC-1,1,69,81,22111,16552
GCCTACGTTCTGTGCA-1,1,68,82,21857,16685
TTGCGTGTGTAGGCAT-1,1,69,83,22100,16837
TCCTAAAGATTCAGAC-1,1,68,84,21846,16970
TGGGTGCACAAGCCAT-1,1,69,85,22089,17122
GGGAGCGACCGTAGTG-1,1,68,86,21835,17256
CATAGAGGAGATACTA-1,1,69,87,22078,17408
CTTCGATTGCGCAAGC-1,1,68,88,21824,17541
GTGCCTGAGACCAAAC-1,1,69,89,22067,17693
TCATCCTCAGCTGCTT-1,1,68,90,21813,17826
TGCAACTACTGGTTGA-1,1,69,91,22056,17978
ATGTTGATTAGAGACT-1,1,68,92,21802,18111
GTTTCTAGAGGCGCGG-1,1,69,93,22045,18263
TACAAGGGCTTCTTTA-1,1,68,94,21791,18396
ACAGGCACGGATCCTT-1,1,69,95,22034,18548
CCCAAGTCATTACACT-1,1,68,96,21780,18681
ACTCTGACCTAATAGA-1,1,69,97,22023,18833
GGATGGCTTGAAGTAT-1,1,68,98,21770,18967
ACCCTCCCGTCAGGGC-1,1,69,99,22012,19119
AGCTTCTTCTCGAGCA-1,1,68,100,21759,19252
TTGCGCTTGATCAATA-1,1,69,101,22001,19404
TGGGTGTAATAGATTT-1,1,68,102,21748,19537
CATGGTTTATTAATCA-1,1,69,103,21990,19689
TTGCCTTCTCGCCGGG-1,1,68,104,21737,19822
TTAAAGTAAGTCGCCA-1,1,69,105,21979,19974
AGTTGGCAAGGCTAGA-1,1,68,106,21726,20107
CCGCACTTGCAATGAC-1,1,69,107,21968,20259
AATGTTGTCGTGAGAC-1,1,68,108,21715,20392
CCAAGGTTGCCCTTTC-1,1,69,109,21958,20544
TGTGACTAGAGTTTGC-1,1,68,110,21704,20677
TTGTGATCTGTTCAGT-1,1,69,111,21947,20830
GGAGTTGATTCTGTGT-1,1,68,112,21693,20963
GTAGTGAGCAACCTCA-1,1,69,113,21936,21115
AAGACATACGTGGTTT-1,1,68,114,21682,21248
CATCCCGAGATTCATA-1,1,69,115,21925,21400
GGCCGCAGGAACCGCA-1,1,68,116,21671,21533
CCAGAAACTGATGCGA-1,1,69,117,21914,21685
ACCCGTAGTCTAGTTG-1,1,68,118,21660,21818
AGGGTCTGGACGCAGT-1,1,69,119,21903,21970
TTGAAACCCTCATTCC-1,1,68,120,21649,22103
TCAATCCCGCGCCAAA-1,1,69,121,21892,22255
AGGACATCGGCACACT-1,1,68,122,21638,22388
GACAAGACGCCCGTGC-1,1,69,123,21881,22541
GAGTAAATTAAGAACC-1,1,68,124,21627,22674
TAAGTCGGTGAGCTAG-1,1,69,125,21870,22826
CTTACTGACTCCTCTG-1,1,68,126,21617,22959
TTAACTGATCGTTTGG-1,1,69,127,21859,23111
GGGCGATCCATAGGCC-1,0,70,0,22801,5012
CGTATTGTTTGGCGCC-1,0,71,1,23044,5165
CGCGTGGGCCTGTGTT-1,0,70,2,22790,5298
AAATCTGCCCGCGTCC-1,0,71,3,23033,5450
GCTGAAGGGTTCTTGG-1,1,70,4,22779,5583
TAATTGCGCTGATTAC-1,1,71,5,23022,5735
TCGCGCGTTTACATGA-1,1,70,6,22768,5868
TAACTGAAATACGCCT-1,1,71,7,23011,6020
CCTGTCGTGTATGAAG-1,1,70,8,22757,6153
CGGGAACGCCCTGCAT-1,1,71,9,23000,6305
AGTTGCGGTCCTCAAC-1,1,70,10,22746,6438
GGGTCCTTGGAAGAAG-1,1,71,11,22989,6590
CGGGAAGTACCGTGGC-1,1,70,12,22736,6723
ACGGTCACCGAGAACA-1,1,71,13,22978,6875
TAGACTCAGTTGGCCT-1,1,70,14,22725,7009
CCTTCCGCAACGCTGC-1,1,71,15,22967,7161
CAGTGTTAATCTCTCA-1,1,70,16,22714,7294
CAGGCCAGTACCACCT-1,1,71,17,22956,7446
GATCGCTGTGGTGCGT-1,1,70,18,22703,7579
GTATCTCGGGCGCTTT-1,1,71,19,22945,7731
CCGGGCTAAGAATTTC-1,1,70,20,22692,7864
CTTCACGCCCTGGTAC-1,1,71,21,22934,8016
CGGATGAATGCTGTGA-1,1,70,22,22681,8149
CTCTGCAGGCATTCTT-1,1,71,23,22924,8301
TCAAAGTCACGGCGTC-1,1,70,24,22670,8434
TGGGTTTCGGGCGTAC-1,1,71,25,22913,8586
TGCTATGGCAAAGGGA-1,1,70,26,22659,8720
TTCACGGTCGTCACGT-1,1,71,27,22902,8872
CGTAAAGCAAGAAATC-1,1,70,28,22648,9005
CTGATCCCTTTATGCA-1,1,71,29,22891,9157
GAGTATACCCTAATCA-1,0,70,30,22637,9290
CCACGGCAGGTGTAGG-1,1,71,31,22880,9442
ACGTACTTTGGCACGG-1,1,70,32,22626,9575
CCTGAGAATAAATGCA-1,1,71,33,22869,9727
TTGATGCCGCTCGTCG-1,1,70,34,22615,9860
GCCAGGAAAGAACACT-1,0,71,35,22858,10012
TCCGACCGCTAATCAA-1,0,70,36,22604,10145
TATATCAAAGTGATCT-1,0,71,37,22847,10297
CCTCGGTTTCCTTGCC-1,1,70,38,22594,10431
TAAATTTAGTAACACC-1,0,71,39,22836,10583
CTCGTTACGGCTACCA-1,1,70,40,22583,10716
GCCGTCGGTTTCGGGC-1,1,71,41,22825,10868
GTTCCGTCCGCCTGCA-1,1,70,42,22572,11001
CTAGGGATAGGGACAA-1,1,71,43,22814,11153
GTCCAGGCACGTGTGC-1,1,70,44,22561,11286
GAGGAATATCTCTTTG-1,1,71,45,22803,11438
CGTTCAAGGAAACGGA-1,1,70,46,22550,11571
GTGGGAACAAACCGGG-1,1,71,47,22792,11723
GGGCACGTAGTACTGT-1,1,70,48,22539,11856
ACTACAAAGAGAGGTG-1,1,71,49,22782,12008
GGTGTAGGTAAGTAAA-1,1,70,50,22528,12142
CCTGTTCAACCTCGGG-1,1,71,51,22771,12294
TGAGGTGTGTGGCGGA-1,1,70,52,22517,12427
ATTGTCTGTTTCATGT-1,1,71,53,22760,12579
GCCGGTCGTATCTCTC-1,1,70,54,22506,12712
ATATGGGATAGCAACT-1,1,71,55,22749,12864
GATAGAACCCGCTAGG-1,1,70,56,22495,12997
ATCCCATTTCCGTGGG-1,1,71,57,22738,13149
GATGCTACCTTCGATG-1,1,70,58,22484,13282
TGCAAAGTTCGTCTGT-1,1,71,59,22727,13434
GTTCAGTCGCCAAATG-1,1,70,60,22473,13567
GTCTCCGCCTCAATAC-1,1,71,61,22716,13719
AGTAGAAGGCGCCTCA-1,1,70,62,22462,13853
GTTGTAGATTTATGAG-1,1,71,63,22705,14005
CTATTTGCTTGGAGGA-1,1,70,64,22451,14138
AGCCATATAGTATGTG-1,1,71,65,22694,14290
TGTTCCGGCCTGAGCT-1,1,70,66,22441,14423
TGCCGTGGGACCCAAT-1,1,71,67,22683,14575
TTGCAAGAAGACTCCT-1,1,70,68,22430,14708
CCGCTCCAGGGCGATC-1,1,71,69,22672,14860
CAAACCCTCCGGCGGG-1,1,70,70,22419,14993
CGGACCTTTACGTCCC-1,1,71,71,22661,15145
ACGTAGGAGAGTCGCT-1,1,70,72,22408,15278
CTGCGACCTCGCCGAA-1,1,71,73,22650,15430
GGCCCAGCTGGTTTGC-1,1,70,74,22397,15564
GGATTAATCATGGACC-1,1,71,75,22639,15716
GAGATGGCTTTAATCA-1,1,70,76,22386,15849
AGTACAGAAGCTTATA-1,1,71,77,22629,16001
GCGGCTTTAGCAAGTT-1,1,70,78,22375,16134
ACCGAGTCTCCTTATT-1,1,71,79,22618,16286
GACCACACTTCCCTTT-1,1,70,80,22364,16419
TGTAGCCAATTCCGTT-1,1,71,81,22607,16571
CTCGTCTGTGCCTTCG-1,1,70,82,22353,16704
GGACTCTTTGACTAAG-1,1,71,83,22596,16856
TCATCGACGACCGTCG-1,1,70,84,22342,16989
TACTACGTGCAATGCG-1,1,71,85,22585,17141
CCCTACTTGAACAATG-1,1,70,86,22331,17275
GCAGCTGTCAACGCAT-1,1,71,87,22574,17427
ATCTACCATCTGCTCC-1,1,70,88,22320,17560
TCTCAAATCAATCGGG-1,1,71,89,22563,17712
ACTCCGGCCGACCACT-1,1,70,90,22309,17845
TACACCTCTTCGAATC-1,1,71,91,22552,17997
GTGGCTGTTTCTGTTC-1,1,70,92,22299,18130
ACGACTCTAGGGCCGA-1,1,71,93,22541,18282
TCGTTTACGCGACCCT-1,1,70,94,22288,18415
AGGATATCCGACTGCA-1,1,71,95,22530,18567
GACACTTCCAATTACC-1,1,70,96,22277,18700
ACGGTACAGTTCAATG-1,1,71,97,22519,18852
CTTGATGACCATCCAG-1,1,70,98,22266,18986
CTGGTAAAGACTTACA-1,1,71,99,22508,19138
CTTGCCCACCCACGCA-1,1,70,100,22255,19271
CATTACGCAGGAAGGG-1,1,71,101,22497,19423
GGACAACCATGAAGCC-1,1,70,102,22244,19556
GTTATCAAGCTATCGA-1,1,71,103,22487,19708
AGGTGCACGTCCACAT-1,1,70,104,22233,19841
AAAGAATGTGGACTAA-1,1,71,105,22476,19993
ACCAAGTCATCGGCAG-1,1,70,106,22222,20126
AGTAACTATAGCAGCC-1,1,71,107,22465,20278
GGGAAAGAATGCCAAC-1,1,70,108,22211,20411
AATCGGTATAGCCCTC-1,1,71,109,22454,20563
GGCACTGCGGTGGTTT-1,1,70,110,22200,20697
CGTCCTCATCGCGTGC-1,1,71,111,22443,20849
CTTAACTTACAGTATA-1,1,70,112,22189,20982
GTGAGTCGACTAATAG-1,1,71,113,22432,21134
TGTACTTCCGGGCATG-1,1,70,114,22178,21267
CACAAACCGCAGAACT-1,1,71,115,22421,21419
GCTTTACACAACTGGG-1,1,70,116,22167,21552
CACCGATGATGGGTAC-1,1,71,117,22410,21704
TCAATATACAGGAGGC-1,1,70,118,22156,21837
AACGACCTCCTAGCCG-1,1,71,119,22399,21989
GTTACCAAGGCGTACG-1,1,70,120,22146,22122
TAGCTCACTGTGTTTG-1,1,71,121,22388,22274
TCGGCAGGGTTAAGGG-1,1,70,122,22135,22407
TGTTAACAAAGTGACT-1,1,71,123,22377,22560
CAGAGCGATGGATGCT-1,1,70,124,22124,22693
CATAGTGGGCACGCCT-1,1,71,125,22366,22845
AAACGCTGGGCACGAC-1,1,70,126,22113,22978
TGTTCTCATACTATAG-1,1,71,127,22355,23130
TCCGCTGGGTCGATCG-1,0,72,0,23297,5031
TTAGCATCCCTCACGT-1,0,73,1,23540,5184
AGCCTTGTCACTGATA-1,0,72,2,23286,5317
GTTTCTTGTTAGAGCT-1,0,73,3,23529,5469
TCGGAGTCCTGGTTGC-1,0,72,4,23275,5602
ACGGGTTGTGACCTGT-1,0,73,5,23518,5754
TGACAGAAATCTTGCT-1,1,72,6,23265,5887
TAGCCATGATTGCCTA-1,0,73,7,23507,6039
CGAAGCCACAGCATGG-1,1,72,8,23254,6172
ACCCGTAGCAGAGAAT-1,1,73,9,23496,6324
AGCTTGATCAGGGTAG-1,1,72,10,23243,6457
CTATAAGTAGGGTTTG-1,1,73,11,23485,6609
TATAGTTAGGTGTACT-1,1,72,12,23232,6742
TACGCTGATAGTTGTA-1,1,73,13,23474,6895
TTCTCAATTGCTACAA-1,1,72,14,23221,7028
GTTGCCCTAACGGGTG-1,1,73,15,23463,7180
GACATTTCGCCCAGCC-1,1,72,16,23210,7313
GTAACTACGTAGACCT-1,1,73,17,23453,7465
CCAGTGTACAGACCGA-1,1,72,18,23199,7598
GCCCGATGCCCAGTTC-1,1,73,19,23442,7750
CGAACCTCTTTCCTAG-1,1,72,20,23188,7883
CATGCACATGAGAGGC-1,1,73,21,23431,8035
CCAAATCAAAGGGCAA-1,1,72,22,23177,8168
GTAGTTTAAGCACACG-1,1,73,23,23420,8320
TAAGTGAATAGTCTAC-1,1,72,24,23166,8453
GGTCCACGTCTATTTG-1,1,73,25,23409,8605
CCCTCAGATCGAGAAC-1,1,72,26,23155,8739
ACATTCGCGCGGAATA-1,1,73,27,23398,8891
CTATGAACACCTTGCC-1,1,72,28,23144,9024
CGAATGGTAGGTCGTC-1,1,73,29,23387,9176
TCGACATAGCGTAGCG-1,1,72,30,23133,9309
GACGTTGCTCGGCGGC-1,0,73,31,23376,9461
CTCGAGGCAAGTTTCA-1,1,72,32,23122,9594
GCTGGGAGCGCGTCAA-1,0,73,33,23365,9746
GACGATATCACTGGGT-1,1,72,34,23112,9879
CAGCTCTGGGCTCACT-1,0,73,35,23354,10031
TAGTCTGCGGCACATT-1,1,72,36,23101,10164
TGGTCGATATACCTCT-1,0,73,37,23343,10316
TTCAGTTCAAGAGGAG-1,0,72,38,23090,10450
GTCTGTAGGTTGAACA-1,0,73,39,23332,10602
GAGAGTCTCGGGAGAG-1,0,72,40,23079,10735
TTGTTTGTATTACACG-1,0,73,41,23321,10887
GCACAGCACGGGCCGA-1,1,72,42,23068,11020
AAACAGTGTTCCTGGG-1,1,73,43,23310,11172
TGGAGAATAATCGTCC-1,1,72,44,23057,11305
CGCCGCGTTCTGAACG-1,1,73,45,23300,11457
CATGCGTTGAGAGGAG-1,1,72,46,23046,11590
TACGCTCCTAGAACTG-1,1,73,47,23289,11742
CCTTGTGAACGTGGTT-1,1,72,48,23035,11875
TTAAAGGCGATGCTCG-1,1,73,49,23278,12027
TAAAGTGCACGTCTCG-1,1,72,50,23024,12161
TGTCCGCAAACAATTC-1,1,73,51,23267,12313
AGGCCTATCATACCAA-1,1,72,52,23013,12446
ACTGGGATGCCAGTGC-1,1,73,53,23256,12598
CGATCCACCATTGTTG-1,1,72,54,23002,12731
GGGCATGCATGTCGAG-1,1,73,55,23245,12883
TCCAGGCAGGACGATC-1,1,72,56,22991,13016
CAATGACCCTTAATTT-1,1,73,57,23234,13168
ATCAAGATCCCAGGAC-1,1,72,58,22980,13301
CTCAGAGCTAATGTCG-1,1,73,59,23223,13453
CTGCGATTTCGAGATT-1,1,72,60,22970,13586
ATGGTATTGGGAACCG-1,1,73,61,23212,13738
TAGGTTCTGCTGAGAA-1,1,72,62,22959,13872
GCCTGTCCCGGTGCAT-1,1,73,63,23201,14024
GGCCTGCTCTGATGTT-1,1,72,64,22948,14157
TAGAGGGAGTTTATCT-1,1,73,65,23190,14309
CTCTACATCCTGCGTG-1,1,72,66,22937,14442
ACACATTTCCGTAGAC-1,1,73,67,23179,14594
TGGGTGTTAAGTAGAA-1,1,72,68,22926,14727
GAGCTCAACATGAGCG-1,1,73,69,23168,14879
GCACACAGCTATTACC-1,1,72,70,22915,15012
GCGACGGTAGTCTCCT-1,1,73,71,23158,15164
GTATCAAGGTACTTCC-1,1,72,72,22904,15297
GGAAAGGGAATTGAGC-1,1,73,73,23147,15449
TACACAGCCGTGGTGC-1,1,72,74,22893,15583
CGGTTGGGCAGGGTCC-1,1,73,75,23136,15735
GCACGCCGATTCCCGC-1,1,72,76,22882,15868
CGCTTTCCGCCAAGGT-1,1,73,77,23125,16020
TGCCCGATAGTTAGAA-1,1,72,78,22871,16153
TCAGAACGGCGGTAAT-1,1,73,79,23114,16305
CCACTCAGATCCGCAA-1,1,72,80,22860,16438
GAAGGGTCATTAAGAC-1,1,73,81,23103,16590
GCGGTCTTGCTTTCAC-1,1,72,82,22849,16723
GGAAGGACACCGTATA-1,1,73,83,23092,16875
CGCGGGAATTCCTTTC-1,1,72,84,22838,17008
TCTATCCGATTGCACA-1,1,73,85,23081,17160
TACTCGTTTGAATCAA-1,1,72,86,22827,17294
GTCTGCCGACTCGACG-1,1,73,87,23070,17446
TACGGGTAATAACATA-1,1,72,88,22817,17579
CCAGTTCGGTAACTCA-1,1,73,89,23059,17731
CGTGCACACCACTGTA-1,1,72,90,22806,17864
CTTCAGTTGGACAACG-1,1,73,91,23048,18016
TGATCTATCACACTCT-1,1,72,92,22795,18149
TAGCAGATACTTAGGG-1,1,73,93,23037,18301
CACCGGGCATCACAAG-1,1,72,94,22784,18434
AGTGGCCCGCAAATGG-1,1,73,95,23026,18586
CTCGCTAGGTAAGCGA-1,1,72,96,22773,18719
GATAGATAGTACAGTC-1,1,73,97,23015,18871
CGAGACTACTGCTGCT-1,1,72,98,22762,19005
ACATTTGAAACCTAAC-1,1,73,99,23005,19157
GACACAGCCGGGACTG-1,1,72,100,22751,19290
ACGGAACACGAGTGCC-1,1,73,101,22994,19442
ACGCCAGTGCGTTTGC-1,1,72,102,22740,19575
GCACCTAGGCGAGTCC-1,1,73,103,22983,19727
TCACTATCCCTTCGGT-1,1,72,104,22729,19860
TGAGTGTAACAACGGG-1,1,73,105,22972,20012
ATTGGTTGTGCATTAC-1,1,72,106,22718,20145
CTGGCGATTTACATGT-1,1,73,107,22961,20297
TCCACCAAGACATAGG-1,1,72,108,22707,20430
AACGTCGCTGCACTTC-1,1,73,109,22950,20582
GTCTCCCGAGTCCCGT-1,1,72,110,22696,20716
AGCCCGCACTACAATG-1,1,73,111,22939,20868
GGCACGCTGCTACAGT-1,1,72,112,22685,21001
GCTTGAGTGACCTCTG-1,1,73,113,22928,21153
ATAGCCATAACAGTCA-1,1,72,114,22674,21286
TAGGAGGCTCGAGAAC-1,1,73,115,22917,21438
GTCGGGTGAAGTACCG-1,1,72,116,22664,21571
CACCCGCGTTTGACAC-1,1,73,117,22906,21723
TCTCAGGCTACTCGCT-1,1,72,118,22653,21856
TAGATTCTCTAGCAAA-1,1,73,119,22895,22008
CCCATTATTGTATCCT-1,1,72,120,22642,22141
GTTAATAGCGTCATTA-1,1,73,121,22884,22293
TACTCATTGACGCATC-1,1,72,122,22631,22427
TAGTGACAAGCTCTAC-1,1,73,123,22873,22579
ATCGCCGTGGTTCATG-1,1,72,124,22620,22712
CTGCTCTCAACACACC-1,1,73,125,22862,22864
GCATGACACAAAGGAA-1,1,72,126,22609,22997
CAACGATCGATCCAAT-1,1,73,127,22852,23149
ATACAGCGTCCACTGA-1,0,74,0,23794,5050
TCACGATTAATACGTT-1,0,75,1,24036,5203
CGTGAACTGACCCGAT-1,0,74,2,23783,5336
TCGATGTTACGGCCGT-1,0,75,3,24025,5488
GACCGGTGATACTCTC-1,0,74,4,23772,5621
TCTGTTTAGATTGTTC-1,0,75,5,24014,5773
GCTACTCGGACGCAGA-1,0,74,6,23761,5906
AAGAAAGTTTGATGGG-1,0,75,7,24003,6058
CGCCAGTAGTACCTTG-1,0,74,8,23750,6191
CTCCCTTGTATCAAGG-1,0,75,9,23992,6343
ACTTTATACACCACTT-1,1,74,10,23739,6476
AGATCTGGAGAGGATA-1,1,75,11,23981,6628
TCATCCATCTGATCAC-1,1,74,12,23728,6761
AGAACACGGCGATGGT-1,1,75,13,23971,6914
CCGCTCCGGATAAGCT-1,1,74,14,23717,7047
TGGTCGGGTACAGGGC-1,1,75,15,23960,7199
ACGGACGCAGCGACAA-1,1,74,16,23706,7332
ACATGCTTACGGCAGC-1,1,75,17,23949,7484
CAGGGAGATAGGCCAG-1,1,74,18,23695,7617
TCGCCACCCGGATTAC-1,1,75,19,23938,7769
TCTTGGTCAATGATAC-1,1,74,20,23684,7902
CATAGGGACACTTGTG-1,1,75,21,23927,8054
CACGAGCAAACCAGAC-1,1,74,22,23673,8187
GGGATATTGATCGCCA-1,1,75,23,23916,8339
TAATGTCGGTTCATGG-1,1,74,24,23662,8472
CGATTTGTCATTAATG-1,1,75,25,23905,8625
TTAAGATACCCAGAGA-1,1,74,26,23651,8758
CGACCGTTGGTATTCG-1,1,75,27,23894,8910
ACTACCATCCGAGGGC-1,1,74,28,23641,9043
TCTACGCACGATCTCC-1,1,75,29,23883,9195
AAGCCACTTGCAGGTA-1,1,74,30,23630,9328
ACGTTGTCGTTGAAAG-1,0,75,31,23872,9480
ACCGCTAGTCATTGGT-1,0,74,32,23619,9613
CATGAGTCCATCACGG-1,0,75,33,23861,9765
ATGTCTTGTTTGACTC-1,0,74,34,23608,9898
TCCCAAACATCCTCTA-1,0,75,35,23850,10050
CAACGCGATGAGCCAA-1,0,74,36,23597,10183
GACACCCAAAGACGCG-1,0,75,37,23839,10336
ACGTTCACTATGCCGC-1,0,74,38,23586,10469
ATGGACTGCTTAGTTG-1,0,75,39,23829,10621
CCATGGCAAACGCTCA-1,0,74,40,23575,10754
TTGTCTCGGCAAGATG-1,0,75,41,23818,10906
TTCGAACGAAACATGC-1,0,74,42,23564,11039
GGAAAGTCTTGATTGT-1,0,75,43,23807,11191
ATCATAGATCGACGAG-1,0,74,44,23553,11324
GATTAGAAACAAGCGT-1,0,75,45,23796,11476
GCTGCGAAGAATTATT-1,1,74,46,23542,11609
TTCCAGTGGGTTTCGT-1,0,75,47,23785,11761
GCTCATTGATCATATC-1,1,74,48,23531,11894
ATACGAGGTTTGTAAG-1,1,75,49,23774,12046
GTCTATACACGCATGG-1,1,74,50,23520,12180
GATTTGCGCTAACACC-1,1,75,51,23763,12332
TGGTGCCCTGCCTTAC-1,1,74,52,23509,12465
TCGAATCGCAGGGTAG-1,1,75,53,23752,12617
GGTAGGCCAATATCAC-1,1,74,54,23498,12750
CGTAAATAACAAAGGG-1,1,75,55,23741,12902
GACTCTAGAGTTCCAA-1,1,74,56,23488,13035
ACTTGTTACCGGATCA-1,0,75,57,23730,13187
GGCATTGAACATCTCA-1,1,74,58,23477,13320
AACCCGCTGTATTCCA-1,1,75,59,23719,13472
TAACAGGTTCCCTTAG-1,1,74,60,23466,13605
GTTCTTGTAACTCAAT-1,0,75,61,23708,13757
GATTCTGTTAATGAGT-1,1,74,62,23455,13891
GGACACCTCGGTGTTG-1,0,75,63,23697,14043
CGATCGAGAAGCACCA-1,1,74,64,23444,14176
CTGCTCTGACGGCAAA-1,0,75,65,23686,14328
CCCAGGAAGAATTCGA-1,1,74,66,23433,14461
TGTCGTGGGTATAGGC-1,0,75,67,23676,14613
ATATGTCTAGAGCGTG-1,1,74,68,23422,14746
GCGGGCAGACGGGTGA-1,0,75,69,23665,14898
CGAAGATCAGTTTCAT-1,1,74,70,23411,15031
ACGCCACTCGAAACAG-1,1,75,71,23654,15183
CTTAGATGTTTCATCC-1,1,74,72,23400,15316
GCGAATGGACTAGCGA-1,1,75,73,23643,15468
TAAATTGTGGGTAAAG-1,1,74,74,23389,15602
ATTTATACTGGTAAAG-1,1,75,75,23632,15754
GCGTCGTAACATGGTC-1,1,74,76,23378,15887
CGGTATGGGCACTCTG-1,1,75,77,23621,16039
CTATCACAACGCTGGA-1,1,74,78,23367,16172
ACCACACGGTTGATGG-1,1,75,79,23610,16324
TCAGCGCACGCCGTTT-1,1,74,80,23356,16457
AATGTTAAGACCCTGA-1,1,75,81,23599,16609
CTTACATAGATTTCTT-1,1,74,82,23346,16742
AACATAGCGTGTATCG-1,1,75,83,23588,16894
AGCAGTCGAAGCATGC-1,1,74,84,23335,17027
GTACTACGGCCTCGTT-1,1,75,85,23577,17179
TTGGCCAAATTGTATC-1,1,74,86,23324,17313
TCAGAGGACGCGTTAG-1,1,75,87,23566,17465
AGTAATCTAAGGGTGG-1,1,74,88,23313,17598
AATTATACCCAGCAAG-1,1,75,89,23555,17750
CCCTACCCACACCCAG-1,1,74,90,23302,17883
CTCTGTCCATGCACCA-1,1,75,91,23544,18035
TCGCCTCCTTCGGCTC-1,1,74,92,23291,18168
CCTGATTCGCGAAGAA-1,1,75,93,23534,18320
GACTTCAACGCATCAA-1,1,74,94,23280,18453
GCTTCCCGTAAGCTCC-1,1,75,95,23523,18605
AGAACTGTACTTTGTA-1,1,74,96,23269,18738
CCTTAAGTACGCAATT-1,1,75,97,23512,18890
GGCCAATTGTATAGAC-1,1,74,98,23258,19024
AGAATACAGGCTATCC-1,1,75,99,23501,19176
AATACCTGATGTGAAC-1,1,74,100,23247,19309
TAGAGTGTTCCGGGTA-1,1,75,101,23490,19461
GCTTCCATGTAACCGC-1,1,74,102,23236,19594
GGTTCGCATTTGCCGT-1,1,75,103,23479,19746
TCAATCCGGGAAGTTT-1,1,74,104,23225,19879
CCGGAAGTGCAATATG-1,1,75,105,23468,20031
CTCATAAATGTGTATA-1,1,74,106,23214,20164
GACGGGCATCGAATTT-1,0,75,107,23457,20316
GCTAAGCCCAGTATGC-1,1,74,108,23203,20449
GCTATAAGGGCCAGGA-1,1,75,109,23446,20601
GCGGATTACTTGTTCT-1,1,74,110,23193,20735
TACAACAGCGCATACA-1,1,75,111,23435,20887
TCTAACCTAGCCTGCG-1,1,74,112,23182,21020
TCTACCCGCATCATTT-1,1,75,113,23424,21172
GTCTTACCACGCCAAG-1,1,74,114,23171,21305
AATAACGTCGCGCCCA-1,1,75,115,23413,21457
CGTTTCGGTTATATGC-1,1,74,116,23160,21590
TACGCTGCACGGTCGT-1,1,75,117,23402,21742
CGTTAAATACGACCAG-1,1,74,118,23149,21875
TCGACTGACGATGGCT-1,1,75,119,23391,22027
ACGCTACTGAATGGGC-1,1,74,120,23138,22160
AAGGGTTAGCCATGCG-1,1,75,121,23381,22312
ACGTTTCGGTGCACTT-1,1,74,122,23127,22446
TTAACCCGAGGCGTGT-1,1,75,123,23370,22598
GCCCGTCAAGCCCAAT-1,1,74,124,23116,22731
ATTCGTCCCGAGGTTA-1,1,75,125,23359,22883
TCAAATTATGTTCGAC-1,1,74,126,23105,23016
AACGTTCTACCATTGT-1,1,75,127,23348,23168
CTGTCCTGCGCACTAC-1,0,76,0,24290,5069
GCCCAGCGACACAAAG-1,0,77,1,24532,5222
TATAGCTATTATCTCT-1,0,76,2,24279,5355
AAGCTATGGATTGACC-1,0,77,3,24521,5507
CCGAAACACGACCTCT-1,0,76,4,24268,5640
ATCAGAAGCTGGTTGC-1,0,77,5,24510,5792
TGAACCTGAATGTGAG-1,0,76,6,24257,5925
TCAGAGCATGTCAACG-1,0,77,7,24500,6077
ATACCCTCCCGGCCAA-1,0,76,8,24246,6210
GCCACCTTATTCGCGA-1,0,77,9,24489,6362
CAACGAGCTTATTATG-1,0,76,10,24235,6495
GATCCAACCTTTAAAC-1,1,77,11,24478,6647
TTGTGGAGACAGCCGG-1,1,76,12,24224,6780
AGATAATCACACCTAT-1,1,77,13,24467,6933
GGTTAGGGATGCTAAT-1,1,76,14,24213,7066
TCATGAAGCGCTGCAT-1,1,77,15,24456,7218
CCAGGCGAGATGGTCT-1,1,76,16,24202,7351
CGACTTGCCGGGAAAT-1,1,77,17,24445,7503
GTGCCAAACGTTTCGA-1,1,76,18,24191,7636
TGCTCAAAGGATGCAC-1,1,77,19,24434,7788
GCCTCAGGTACCGGTC-1,1,76,20,24180,7921
ACAAGTAATTGTAAGG-1,1,77,21,24423,8073
TTAGAGTATTGTCGAG-1,1,76,22,24169,8206
GTCATCCCAAACTCAC-1,1,77,23,24412,8358
CTCCTAGTAATCGTGA-1,1,76,24,24159,8491
CCCTCATCACAGAGTA-1,1,77,25,24401,8644
GGAAACAGAGCTTGGG-1,1,76,26,24148,8777
ACATCGCAATATTCGG-1,0,77,27,24390,8929
TTAGCCATAGGGCTCG-1,1,76,28,24137,9062
CGGATTCTGCCTTATG-1,1,77,29,24379,9214
TTGTTGGCAATGACTG-1,0,76,30,24126,9347
GGATCTACCGTTCGTC-1,1,77,31,24368,9499
GGTGGGATTAGGTCCC-1,0,76,32,24115,9632
AATAGGCACGACCCTT-1,0,77,33,24357,9784
GAGGTCCGTTCGCTGT-1,0,76,34,24104,9917
TGACAACTTAAAGGTG-1,0,77,35,24347,10069
AGCTAAGCTCCGTCCG-1,0,76,36,24093,10202
CTAGCCCGGGAGACGA-1,0,77,37,24336,10355
CCCAGATTCCCGTGAC-1,0,76,38,24082,10488
GCCCGTTCACACAATT-1,0,77,39,24325,10640
ACAAACTCCATCAGAG-1,0,76,40,24071,10773
GGTTCCGTACGACTAA-1,0,77,41,24314,10925
TTGCGGAAAGCTGCCC-1,0,76,42,24060,11058
GGAACTCGTGAATACG-1,0,77,43,24303,11210
GGTTACCGCTCCCTAC-1,0,76,44,24049,11343
AGCGACTTTGAAGACA-1,0,77,45,24292,11495
CCGTTTCCTTTCCGTG-1,0,76,46,24038,11628
TGGATGGCATCTTGGA-1,0,77,47,24281,11780
CAAGTCGTTGAAATCT-1,0,76,48,24027,11913
TGCAAACGTACTAGTT-1,0,77,49,24270,12066
GGCTGTCCTACTGCGG-1,0,76,50,24017,12199
TACTGCATGATTAAAT-1,0,77,51,24259,12351
CGGACCTCTGTAGTTA-1,0,76,52,24006,12484
CCCTAGCTCTAAGGTC-1,0,77,53,24248,12636
GTAACAGGTTAACGGC-1,0,76,54,23995,12769
CCCGCAAATAATCATC-1,0,77,55,24237,12921
AATCCCGCTCAGAGCC-1,0,76,56,23984,13054
AACGTCATCCGGCTTG-1,0,77,57,24226,13206
CTCGTGGCACTGAAAG-1,0,76,58,23973,13339
CTTTATCCGACGCATG-1,0,77,59,24215,13491
AAATGACTGATCAAAC-1,0,76,60,23962,13624
TTCGTGCATGTTATAG-1,0,77,61,24205,13777
ATCAAAGAGCCGTGGT-1,0,76,62,23951,13910
ATGTCATAATAAACGA-1,0,77,63,24194,14062
CTTAATCGACTTAGTA-1,0,76,64,23940,14195
CTAAAGGATGAGATAC-1,0,77,65,24183,14347
GTGCTATCCAGCTGGA-1,0,76,66,23929,14480
GACAGAGGTCTTCAGT-1,0,77,67,24172,14632
TCGATTTACGAAACGA-1,0,76,68,23918,14765
AGGCTTAAGTTGCACA-1,0,77,69,24161,14917
TAGGATCTTAACCGCA-1,0,76,70,23907,15050
GACTTTCGAGCGGTTC-1,1,77,71,24150,15202
CCCTGGGAGGGATCCT-1,1,76,72,23896,15335
TAGTAGTTGCCGGACA-1,1,77,73,24139,15487
GCCCTAAGTGCAGGAT-1,1,76,74,23885,15621
ACTTGGGCTTTCGCCA-1,1,77,75,24128,15773
CATGATACGGTGAAAC-1,1,76,76,23874,15906
TCCTGCAGCCGCCAAT-1,0,77,77,24117,16058
GTCCGTTAGAGGGCCT-1,1,76,78,23864,16191
GCTTTATTAAGTTACC-1,1,77,79,24106,16343
AATCGAGGTCTCAAGG-1,1,76,80,23853,16476
GTGCTGTTAGAACATA-1,1,77,81,24095,16628
GGCTTCTCGTGGGTGG-1,1,76,82,23842,16761
CCTACAGTTGAGGGAG-1,1,77,83,24084,16913
TATCCCTCGATCTGCA-1,1,76,84,23831,17046
CCGGTATCTGGCGACT-1,1,77,85,24073,17198
CTCTAACACCGGCAGC-1,1,76,86,23820,17332
CTTCATCACCAGGGCT-1,1,77,87,24062,17484
GGCTGGCAATCCCACG-1,1,76,88,23809,17617
CAAACCATAAGCGTAT-1,1,77,89,24052,17769
CATGTGGGCTCATCAC-1,1,76,90,23798,17902
CCCGTGACAGTGCCTT-1,1,77,91,24041,18054
GATTATCTTGCATTAT-1,1,76,92,23787,18187
GAGTCCACCAGGTTTA-1,1,77,93,24030,18339
TGTACTATCGCTCGTT-1,1,76,94,23776,18472
TTAGCGAATAGATAGG-1,1,77,95,24019,18624
ACATACAATCAAGCGG-1,1,76,96,23765,18757
ATTCGTGTACCCATTC-1,1,77,97,24008,18909
GCTAGCAACGCACCTA-1,1,76,98,23754,19043
ACCTCAGCGAGGCGCA-1,1,77,99,23997,19195
TCCGGGCCACTAACGG-1,1,76,100,23743,19328
TCCCAATATCGACGAC-1,1,77,101,23986,19480
GGATTGAAGTAGCCTC-1,1,76,102,23732,19613
GGCGCACAGTTTACCT-1,1,77,103,23975,19765
CCCGGCACGTGTCAGG-1,1,76,104,23722,19898
AGTAAGGGACAGAATC-1,1,77,105,23964,20050
TTGCGCACAACCACGT-1,1,76,106,23711,20183
CCTGCTACAACCATAC-1,0,77,107,23953,20335
CTGGGCTACTGGAGAG-1,0,76,108,23700,20468
AGCTACGAATGGTGGT-1,1,77,109,23942,20620
ATTCGTTTATCGTATT-1,1,76,110,23689,20754
GGCATTCCCTCCCTCG-1,1,77,111,23931,20906
AGTTATTCAGACTGTG-1,1,76,112,23678,21039
CCACTTTCCTTCTAGG-1,1,77,113,23920,21191
CGCAGTTCTATCTTTC-1,1,76,114,23667,21324
AGGAGCGTTTATTATC-1,1,77,115,23910,21476
GACAGGTAATCCGTGT-1,1,76,116,23656,21609
TTCCCAAAGTACTGAT-1,1,77,117,23899,21761
CTGCAGGGTGACGCTC-1,1,76,118,23645,21894
TCATGGAGGCCTTTGT-1,1,77,119,23888,22046
ATGGCCCGAAAGGTTA-1,1,76,120,23634,22179
CGTAATATGGCCCTTG-1,1,77,121,23877,22331
AGAGTCTTAATGAAAG-1,1,76,122,23623,22465
GAACGTTTGTATCCAC-1,1,77,123,23866,22617
ATTGAATTCCCTGTAG-1,1,76,124,23612,22750
TACCTCACCAATTGTA-1,1,77,125,23855,22902
AGTCGAATTAGCGTAA-1,1,76,126,23601,23035
TTGAAGTGCATCTACA-1,1,77,127,23844,23187
