ACGCCTGACACGCGCT-1,1,0,0,3660,4843
TACCGATCCAACACTT-1,1,1,1,3916,4984
ATTAAAGCGGACGAGC-1,1,0,2,3665,5135
GATAAGGGACGATTAG-1,1,1,3,3922,5276
GTGCAAATCACCAATA-1,1,0,4,3671,5426
TGTTGGCTGGCGGAAG-1,1,1,5,3928,5567
GCATCCTCTCCTATTA-1,1,0,6,3677,5718
GCGAGGGACTGCTAGA-1,1,1,7,3933,5859
TGGTACCGGCACAGCC-1,1,0,8,3682,6010
GCGCGTTTAAATCGTA-1,1,1,9,3939,6150
TGCCTTGCCCTTACGG-1,1,0,10,3688,6301
GACGACTTTCCAAGAA-1,1,1,11,3945,6442
CCAGTGAGCTCCTTGT-1,1,0,12,3694,6593
ATACCCTGGCTCAAAT-1,1,1,13,3950,6734
GGGTTTCCGGCTTCCA-1,1,0,14,3699,6884
TAACCGTCCAGTTCAT-1,1,1,15,3956,7025
AAACAACGAATAGTTC-1,1,0,16,3705,7176
CAAGGGAGTGTATTTG-1,1,1,17,3961,7317
CCAAGCTTGATCTCCT-1,1,0,18,3711,7468
TTATTTCATCCCAAAC-1,1,1,19,3967,7608
GAGCGCTATGTCAGGC-1,1,0,20,3716,7759
TATGGCAGACTTTCGA-1,1,1,21,3973,7900
CTTCGTGCCCGCATCG-1,1,0,22,3722,8051
AAACGGGTTGGTATCC-1,1,1,23,3978,8192
TGCAAACCCACATCAA-1,1,0,24,3728,8342
GACGGGATGTCTTATG-1,1,1,25,3984,8483
GGCGAGCATCGAGGAC-1,1,0,26,3733,8634
CGCGTGCTATCAACGA-1,1,1,27,3990,8775
TGAAACCTCAACTCAC-1,1,0,28,3739,8926
CACATAAGGCGACCGT-1,1,1,29,3995,9067
TGACCCAACTCACATT-1,1,0,30,3744,9217
ATACGCCGATCTACCG-1,1,1,31,4001,9358
ACTTATCTGATCTATA-1,1,0,32,3750,9509
GTGTGAGCCGAGGTGC-1,1,1,33,4007,9650
GATGATTTGAAACTGG-1,1,0,34,3756,9800
GGGAACCACCTGTTTC-1,1,1,35,4012,9941
GTTCGTTGCGGACCAG-1,1,0,36,3761,10092
TGAGGTTGATCCCAAG-1,1,1,37,4018,10233
GATGCCACACTACAGC-1,1,0,38,3767,10384
AGGCAAAGAGGAATCA-1,1,1,39,4024,10525
AAGTAAGCTTCCAAAC-1,1,0,40,3773,10675
AACGTAGTCTACCCAT-1,1,1,41,4029,10816
GTTTGAGCGGTTATGT-1,1,0,42,3778,10967
GAAGCAAGGCAATGTT-1,1,1,43,4035,11108
TCACTCAGCGCATTAG-1,1,0,44,3784,11259
TACAATGAAACCAGCA-1,1,1,45,4040,11399
GTGCGCTTACAAATGA-1,1,0,46,3790,11550
GCACTCCCACAGTCCC-1,1,1,47,4046,11691
CGAAGACTGCCCGGGA-1,1,0,48,3795,11842
CAGGATCCGCCCGACC-1,1,1,49,4052,11983
CACGATTGGTCGTTAA-1,1,0,50,3801,12133
GGTTGTATCGTGAAAT-1,1,1,51,4057,12274
TCTTATGGGTAGTACC-1,1,0,52,3807,12425
TACAAGCTGTTCACTG-1,1,1,53,4063,12566
GTATCTTGTTGCTCAC-1,1,0,54,3812,12717
ATACCAGGTGAGCGAT-1,1,1,55,4069,12857
CCTAAACAGGGTCCGT-1,1,0,56,3818,13008
ATGGTGCTCAAAGCCA-1,1,1,57,4074,13149
CAAATGCGGAGTGTTC-1,1,0,58,3823,13300
CGTGCCCGACATTTGT-1,1,1,59,4080,13441
GTATCTCCCTAACTGT-1,1,0,60,3829,13591
ATTTGCCTAGTTACGA-1,1,1,61,4086,13732
ACGTCCTAAACGAGAT-1,1,0,62,3835,13883
CTGGGATCGCCCAGAT-1,1,1,63,4091,14024
CTGCAAATGGGCTCCA-1,1,0,64,3840,14175
CATTATAACAGGGTCC-1,1,1,65,4097,14316
ACCTTTCCTTTAGAAG-1,1,0,66,3846,14466
ATAGATTTGCAGTCGG-1,1,1,67,4103,14607
CTCGGGCATCGTCGGG-1,1,0,68,3852,14758
GTGGCGGGCCGTAGCT-1,1,1,69,4108,14899
CAACAGTGCCAAACGG-1,1,0,70,3857,15049
TGCGGGTATTGGGATC-1,1,1,71,4114,15190
GTCTCGCCAACACGCC-1,1,0,72,3863,15341
CTGGGCGGCCAAATGT-1,1,1,73,4119,15482
TAAAGGAGAAACTAGT-1,1,0,74,3869,15633
TCCCACGGAGGGAGCT-1,1,1,75,4125,15774
AGCTTCAATACTTTGA-1,1,0,76,3874,15924
TTCCACATTTCTCGTC-1,1,1,77,4131,16065
ACAAACCGACAAGGCG-1,1,0,78,3880,16216
AGACGGGATTGGTATA-1,1,1,79,4136,16357
AACCTAAAGCCGTCCG-1,1,0,80,3886,16508
TACAAATTGCGGAGGT-1,1,1,81,4142,16648
CCCGCTAGAGGGTTAA-1,1,0,82,3891,16799
CATTGCAAAGCATAAT-1,1,1,83,4148,16940
TGTACGCTATCAGCTT-1,1,0,84,3897,17091
TTCTTCGCAATAGAGC-1,1,1,85,4153,17232
TGTGATTCCAGCGCTT-1,1,0,86,3902,17382
ATTCAGGATCGCCTCT-1,1,1,87,4159,17523
GCCCATGGGTGCAATG-1,1,0,88,3908,17674
TTCCCGACGCTTCACT-1,1,1,89,4165,17815
AGCGGTTGAGATGTAC-1,1,0,90,3914,17966
GCTGTCTGTGATCGAC-1,1,1,91,4170,18106
AAAGACATGAAGTTTA-1,1,0,92,3919,18257
CAACAGAATAACGCTA-1,1,1,93,4176,18398
TGCGGTCTACGAGTAA-1,1,0,94,3925,18549
AAGACTCACGCCCACT-1,1,1,95,4182,18690
CTTTGAAACATATTCC-1,1,0,96,3931,18840
CTGGGCACTAGTCGGA-1,1,1,97,4187,18981
CGCCCTTACATCCACC-1,1,0,98,3936,19132
CACGACCACAGACTTT-1,1,1,99,4193,19273
CAATCCATTATCCGTT-1,1,0,100,3942,19424
GTGGCGTGCACCAGAG-1,1,1,101,4198,19565
CGGAGTCCTAACCTGG-1,1,0,102,3948,19715
GGTCCCATAACATAGA-1,1,1,103,4204,19856
ATCTCATAAACCTACC-1,1,0,104,3953,20007
TGCATGGCAGTCTTGC-1,1,1,105,4210,20148
TTGCAGGTCATGAAGT-1,1,0,106,3959,20298
AGCTGCATTTGAGGTG-1,1,1,107,4215,20439
TAATCAGGAATGCTGC-1,1,0,108,3965,20590
CCATCATAAGAACAGG-1,1,1,109,4221,20731
TCGTATCACCAAGCTA-1,1,0,110,3970,20882
ATTCAGATGAATCCCT-1,1,1,111,4227,21023
AAAGGTCAACGACATG-1,1,0,112,3976,21173
AGCTGCTGTGCCGAAT-1,1,1,113,4232,21314
CTAGCGCCAATCCTAC-1,1,0,114,3981,21465
GCTCGACCGAACTGAA-1,1,1,115,4238,21606
ACAGTGCAGCGCATTT-1,1,0,116,3987,21756
CGGCTGAAGGTTACGC-1,1,1,117,4244,21897
CACCTCTACGAGTGTG-1,1,0,118,3993,22048
ATACGACAGATGGGTA-1,1,1,119,4249,22189
ACTTCCTGTCGTGCGA-1,1,0,120,3998,22340
CGTAACGGAACGATCA-1,1,1,121,4255,22481
AAATCACTCCTAAACG-1,1,0,122,4004,22631
CTCCGAGTAAATCCGC-1,1,1,123,4261,22772
ACGCTAGTATCAGTGC-1,1,0,124,4010,22923
AGAGTGAACAGACACC-1,1,1,125,4266,23064
ACACCCGTAAATCTGT-1,1,0,126,4015,23215
GCTTTGCTGCCGGGTA-1,1,1,127,4272,23355
ACAGGAGGCGCAGCCG-1,1,2,0,4167,4833
AGGCAATACGGAGGAC-1,1,3,1,4424,4974
TGGTGTGACAGACGAT-1,1,2,2,4173,5125
ATCTATCGATGATCAA-1,1,3,3,4429,5266
CGGTAACAAGATACAT-1,1,2,4,4178,5416
TCGCCGGAGAGTCTTA-1,1,3,5,4435,5557
GGAGGAGTGTGTTTAT-1,1,2,6,4184,5708
TTAGGTGTGACTGGTC-1,1,3,7,4441,5849
CAGGGCTAACGAAACC-1,1,2,8,4190,6000
CCCGTGGGTTAATTGA-1,1,3,9,4446,6141
GACCGACCGCTAATAT-1,1,2,10,4195,6291
GGTATCAAGCATAGAA-1,1,3,11,4452,6432
TGCATGAGTAGATTCG-1,1,2,12,4201,6583
AATTCCAACTTGGTGA-1,1,3,13,4458,6724
TGCCGATGTCATCAAT-1,1,2,14,4207,6875
GCTGGGTCCGCTGTTA-1,1,3,15,4463,7015
TGAACACCCGAAGCAG-1,1,2,16,4212,7166
AACATTGGTCAGCCGT-1,1,3,17,4469,7307
GTGGGTCTTCTTTGCG-1,1,2,18,4218,7458
CATCGAATGGATCTCT-1,1,3,19,4475,7599
GCTACACTGTCCGAAC-1,1,2,20,4224,7749
CGGGTTGTAGCTTTGG-1,1,3,21,4480,7890
CCTAAGTGTCTAACCG-1,1,2,22,4229,8041
TCTGTGACTGACCGTT-1,1,3,23,4486,8182
TTATCATACTCGCAAA-1,1,2,24,4235,8333
AGCGTAGCGCTAGACC-1,1,3,25,4491,8473
TCCCTCCGAAATCGTT-1,1,2,26,4241,8624
AGGTCGCCACTTCGGT-1,1,3,27,4497,8765
CTAGCAACTAATTTAC-1,1,2,28,4246,8916
TTGCTAGCTACCAATC-1,1,3,29,4503,9057
GCCGGTTTGGGCGGAT-1,1,2,30,4252,9207
TGTAACTTGTCAACCT-1,1,3,31,4508,9348
CGAGATGTTGCCTATA-1,1,2,32,4258,9499
GTTACGAAATCCACGC-1,1,3,33,4514,9640
CTTGTCGTACGTGTCA-1,1,2,34,4263,9791
GCGTCCAGCTCGTGGC-1,1,3,35,4520,9932
CCCTTCTCGTACGCGA-1,1,2,36,4269,10082
CCAAAGTCCCGCTAAC-1,1,3,37,4525,10223
CCGCTTCGCGGTTAAC-1,1,2,38,4274,10374
GTTACGGCCCGACTGC-1,1,3,39,4531,10515
CCCGCTTGCCCTCGTC-1,1,2,40,4280,10665
TAGTGAGAAGTGGTTG-1,1,3,41,4537,10806
CGCTACCGCCCTATGA-1,1,2,42,4286,10957
AAACAATCTACTAGCA-1,1,3,43,4542,11098
GCGCGATGGGTCAAGT-1,1,2,44,4291,11249
ATAAACCATTGGACGG-1,1,3,45,4548,11390
TCGGGCACTTCTGGAT-1,1,2,46,4297,11540
TCTGTGGCTACATTTC-1,1,3,47,4554,11681
CTCTGTGCCTGCTATG-1,1,2,48,4303,11832
CACGACTAAAGTTCTG-1,1,3,49,4559,11973
GAGGAGTAATTCCTAC-1,1,2,50,4308,12124
AGAGGTATCTCGGTCC-1,1,3,51,4565,12264
GGCGTACCCTATATAA-1,1,2,52,4314,12415
GCCGGAAACACATCTT-1,1,3,53,4570,12556
AAATGTGGGTGCTCCT-1,1,2,54,4320,12707
ACCAGGAGTGTGATCT-1,1,3,55,4576,12848
TGTGGAGGAAGCTTAA-1,1,2,56,4325,12998
AAGGAGAACTTATAAG-1,1,3,57,4582,13139
CCCTCGGGAGCCTTGT-1,1,2,58,4331,13290
ACTGTTTAGTGTAGGC-1,1,3,59,4587,13431
CGTCAGTTTATCGTCT-1,1,2,60,4337,13582
GCGTGTATGTCGTATT-1,1,3,61,4593,13722
ACAATCGATCTTTATA-1,1,2,62,4342,13873
CAGCCCTCACAGGCAG-1,1,3,63,4599,14014
CGCGTCATATTAAACC-1,1,2,64,4348,14165
GAAGACTTCAATGCCG-1,1,3,65,4604,14306
TTGCGGCGACTCATGC-1,1,2,66,4353,14456
ACCAAACTAGAAATCC-1,1,3,67,4610,14597
TTACTGTTTCTCTACG-1,1,2,68,4359,14748
GACCAGGTCATTCATA-1,1,3,69,4616,14889
TTCTTCCCTTTGATAT-1,1,2,70,4365,15040
ACGCCCAGCTGTCGAT-1,1,3,71,4621,15181
AGTAGCGTGAACGAAC-1,1,2,72,4370,15331
CCTCGACCCACTGCCT-1,1,3,73,4627,15472
AGTTATTGAAAGGTAA-1,1,2,74,4376,15623
TCAGTTACGGAATGAT-1,1,3,75,4633,15764
GAATCTATACTCGGAC-1,1,2,76,4382,15914
TCGGCTAACTTCCCTT-1,1,3,77,4638,16055
ACGTGGTCGAATGTGC-1,1,2,78,4387,16206
ATATCGTGCCAGACCC-1,1,3,79,4644,16347
GTAGCTAGTAAGCGCG-1,1,2,80,4393,16498
ACGCTTAGTGTCTCTC-1,1,3,81,4649,16639
TCCGGCCTGCATCGAT-1,1,2,82,4399,16789
TAGTGGAACTCATACA-1,1,3,83,4655,16930
ATCATCTGCCCAGTGT-1,1,2,84,4404,17081
GTTATTAAATACGACC-1,1,3,85,4661,17222
GCGCTAAGTATGCATG-1,1,2,86,4410,17373
CCTGACGCAACCTTTA-1,1,3,87,4666,17513
CCCAAGAATGCACGGT-1,1,2,88,4416,17664
AACTGGGTTCGAGCCG-1,1,3,89,4672,17805
GGTTCCACCCGCTTCT-1,1,2,90,4421,17956
CATGCACGTGTTACTG-1,1,3,91,4678,18097
AGCGTTCCGATTTAAA-1,1,2,92,4427,18247
CCTACGCGACCTTACA-1,1,3,93,4683,18388
CGAATTACATGGTGTT-1,1,2,94,4432,18539
GAGGTCTTAGTGGGTC-1,1,3,95,4689,18680
GCCGCTAGATACGCAG-1,1,2,96,4438,18831
GTCACCTGTCTATGTC-1,1,3,97,4695,18971
CCGATTGGTCAATGAA-1,1,2,98,4444,19122
CCTGTGCGGATTGTAA-1,1,3,99,4700,19263
TTACGTAGCGCGTGCT-1,1,2,100,4449,19414
GGAGGCGAAGAACCGC-1,1,3,101,4706,19555
GGGTCACGTGCTTATG-1,1,2,102,4455,19705
GCTCCGGACGTTGATA-1,1,3,103,4712,19846
ATGTTTGTAAGATCAT-1,1,2,104,4461,19997
TGACCCAGCATTCCCG-1,1,3,105,4717,20138
TGGTCGTTTGATAGAT-1,1,2,106,4466,20289
TGTAATGCCTTCGGAC-1,1,3,107,4723,20430
TGCTCACACAACAACC-1,1,2,108,4472,20580
TACGATCCAAGCCACT-1,1,3,109,4728,20721
TTGTAACTTCATAGCG-1,1,2,110,4478,20872
AGATTCAAGCGGGTCG-1,1,3,111,4734,21013
CTCAGCAGACTGCCGA-1,1,2,112,4483,21163
GTAACATCAGCTCATC-1,1,3,113,4740,21304
ATGGAACAGAATAAAC-1,1,2,114,4489,21455
GGGCCTATACAACCGG-1,1,3,115,4745,21596
TCAAACAATTAGGACA-1,1,2,116,4495,21747
AAACCACTACACAGAT-1,1,3,117,4751,21888
AAACGACAGTCTTGCC-1,1,2,118,4500,22038
TTGAGGGTCGAACGCG-1,1,3,119,4757,22179
TGTTGATCACTGTTTA-1,1,2,120,4506,22330
AGGGTGTGCTACACGC-1,1,3,121,4762,22471
GTAGTTAGACAATATA-1,1,2,122,4511,22622
AATGGCCGCCAATGCG-1,1,3,123,4768,22762
TCGGCGGTATTAGATT-1,1,2,124,4517,22913
GGGTCACTGAGTAGTG-1,1,3,125,4774,23054
GAATTATGCAACCTAC-1,1,2,126,4523,23205
GATCTTAGTGAACGTG-1,1,3,127,4779,23346
CTAATGCGCCCAACAA-1,1,4,0,4675,4823
GCCACCCATTCCACTT-1,1,5,1,4931,4964
TACTCACAACGTAGTA-1,1,4,2,4680,5115
GTTCGGTGTGGATTTA-1,1,5,3,4937,5256
TCTTTCGGCGGGACAC-1,1,4,4,4686,5407
GGAGACATTCACGGGC-1,1,5,5,4942,5548
GGGATTATCTCACAAC-1,1,4,6,4692,5698
TAGAACGCCAGTAACG-1,1,5,7,4948,5839
ACGAGTCGCCGGCGTT-1,1,4,8,4697,5990
TGATGGGACTAAGTCA-1,1,5,9,4954,6131
TGCGAGAAACGTTACG-1,1,4,10,4703,6282
TCGCCTCGACCTGTTG-1,1,5,11,4959,6422
AACTCGATAAACACGT-1,1,4,12,4708,6573
AGGAAAGCCTCTGATG-1,1,5,13,4965,6714
GAAGGACTAAATTGAA-1,1,4,14,4714,6865
GTATCGGGACGAGCTG-1,1,5,15,4971,7006
CCTGTGCATAGGAGAC-1,1,4,16,4720,7156
CATACGGGTGCATGAT-1,1,5,17,4976,7297
CCACTAAACTGAATCG-1,1,4,18,4725,7448
AAATTGCGGCGGTTCT-1,1,5,19,4982,7589
AGTCCAGCGGGTACGT-1,1,4,20,4731,7740
CATTCAGGTCAGTGCG-1,1,5,21,4988,7880
CTAAAGTCCGAAGCTA-1,1,4,22,4737,8031
AATCAGACTGCAGGAC-1,1,5,23,4993,8172
AGTATCCATAATAACG-1,1,4,24,4742,8323
CTGGCTGCTAACGTAA-1,1,5,25,4999,8464
GTTCCAAGACAGCGAC-1,1,4,26,4748,8614
AAGACTAACCCGTTGT-1,1,5,27,5004,8755
GATTAATCCTGGCTCA-1,1,4,28,4754,8906
CGCGCAAGGAACTACA-1,1,5,29,5010,9047
CAGTAGCGAGGTAGTA-1,1,4,30,4759,9198
ACGGCGGGTTGCCCTG-1,1,5,31,5016,9339
CTAGGCGGCAGAGAAT-1,1,4,32,4765,9489
GTGCGCAGCTTGCTCC-1,1,5,33,5021,9630
TCACTATCGTGCAATC-1,1,4,34,4771,9781
TATGATTCTGCTTGGT-1,1,5,35,5027,9922
TAAGATTTAGCGGGAG-1,1,4,36,4776,10072
TTACGGTGTCACCGAG-1,1,5,37,5033,10213
CTACACTAGCTTGTTC-1,1,4,38,4782,10364
TGAGCAGTCGTGAAGT-1,1,5,39,5038,10505
CGCTGAGGACGTCCAA-1,1,4,40,4787,10656
GTGTATGACTTTAAAG-1,1,5,41,5044,10797
CTAAACGGGTGTAATC-1,1,4,42,4793,10947
TGTACTGTGCCAAAGT-1,1,5,43,5050,11088
GGCCACAAGCGATGGC-1,1,4,44,4799,11239
GTCAATTGTACTGAAG-1,1,5,45,5055,11380
AGGGACAGCACGGCGG-1,1,4,46,4804,11530
AGCTTATAGAGACCTG-1,1,5,47,5061,11671
AACTAGCGTATCGCAC-1,1,4,48,4810,11822
AACTTTAGCTGCTGAG-1,1,5,49,5067,11963
CCCAAGACAGAGTATG-1,1,4,50,4816,12114
GGCATCAACGAGCACG-1,1,5,51,5072,12255
ATGCATTCCGTGATGG-1,1,4,52,4821,12405
TTATAGATGCACATTA-1,1,5,53,5078,12546
GAACCATCTGGGAGAC-1,1,4,54,4827,12697
TGCTATACAAACGGAC-1,1,5,55,5084,12838
ACTTGCCATATTGTAC-1,1,4,56,4833,12989
TATTCCGGCAGTCCTA-1,1,5,57,5089,13129
GACGGACCGCGTTCCT-1,1,4,58,4838,13280
ATGTGTAGTTTAGTCA-1,1,5,59,5095,13421
ATACCAGCAAATTGCT-1,1,4,60,4844,13572
AAGTTTACTAATGGCA-1,1,5,61,5100,13713
CTCTCGATGTGCGCCT-1,1,4,62,4850,13863
GATTGACACTCTGCTC-1,1,5,63,5106,14004
TATCACAGCACGGGCA-1,1,4,64,4855,14155
ACCGTTCCCGCTCTGA-1,1,5,65,5112,14296
CCGCCACCACAATCCA-1,1,4,66,4861,14447
CATTCACTGACAGCTA-1,1,5,67,5117,14587
CGGCTGCAAGATTAAG-1,1,4,68,4866,14738
CATGAACCTCTTATCA-1,1,5,69,5123,14879
TTAATGCGAGGTAACT-1,1,4,70,4872,15030
AATAAGTCCTCGAGAC-1,1,5,71,5129,15171
ACCAGCCCGGTCTTTG-1,1,4,72,4878,15321
CTACGAACTAGGTCGA-1,1,5,73,5134,15462
ACATCTCAACGCGTAA-1,1,4,74,4883,15613
CACTACTCAGTTCTGT-1,1,5,75,5140,15754
CCGACTCGCATAGTCT-1,1,4,76,4889,15905
CATTTATCGTTCAAGA-1,1,5,77,5146,16046
CAAACGTGGTCTTGCG-1,1,4,78,4895,16196
TAGAAACCACTAAGTA-1,1,5,79,5151,16337
ACTGATTTAGTGATTC-1,1,4,80,4900,16488
TCGTATTTCGTCCGGA-1,1,5,81,5157,16629
CGGAAATTTCACATCC-1,1,4,82,4906,16779
ATCCACGCTAAATGTT-1,1,5,83,5163,16920
GTTCAATCTATGTCAA-1,1,4,84,4912,17071
ATAAAGGTCAAGTACG-1,1,5,85,5168,17212
CAACTCCAACGTTTAG-1,1,4,86,4917,17363
TAGGAACAGCCTCCAG-1,1,5,87,5174,17504
ATGGGAACGGAAGCGG-1,1,4,88,4923,17654
CACACGTTTCAATGGG-1,1,5,89,5179,17795
GGTGTTCTGTTTCTAC-1,1,4,90,4929,17946
AGTAACGTTCATCCTG-1,1,5,91,5185,18087
GTATAGTGGCCCATGT-1,1,4,92,4934,18238
TCTACACGTTCATGCA-1,1,5,93,5191,18378
AATCTGGGTAGACCCT-1,1,4,94,4940,18529
TCGGTTAGCCATGTAG-1,1,5,95,5196,18670
TGCCATGGCTTATAAG-1,1,4,96,4945,18821
TAAGTAAATGTGCCGC-1,1,5,97,5202,18962
GTGTCCGATAAGGCAT-1,1,4,98,4951,19112
TGGCACGAGCTCGAGT-1,1,5,99,5208,19253
ACCGGTCTGAGTACGG-1,1,4,100,4957,19404
GAACTTAGCGCCCGGT-1,1,5,101,5213,19545
AGTAGCTAGACGCCGA-1,1,4,102,4962,19696
ATAGGAATCTAAGCTT-1,1,5,103,5219,19836
CTTCCTGCATATTTAC-1,1,4,104,4968,19987
CAATATGTAGATTTAC-1,1,5,105,5225,20128
ACAAGGCCTACCAGCC-1,1,4,106,4974,20279
TTATAGTCCAAGGTGC-1,1,5,107,5230,20420
AAACGCCCGAGATCGG-1,1,4,108,4979,20570
CCTCGTTACGCCTGTT-1,1,5,109,5236,20711
GAACGGTGTAAAGCAG-1,1,4,110,4985,20862
ACGCATAAATGACATG-1,1,5,111,5242,21003
GGTTCGATGCTGAGTT-1,1,4,112,4991,21154
CTTTGGCAGACAGAGT-1,1,5,113,5247,21295
TTCGTGGGCTGGAAGC-1,1,4,114,4996,21445
CAAAGGTTAAATTCAG-1,1,5,115,5253,21586
GTTTGGCGTCAGGCAC-1,1,4,116,5002,21737
GCTTTCTATCTCAACT-1,1,5,117,5258,21878
TGCATCTCCGGATCTT-1,1,4,118,5008,22028
CTGAAACGGCCCTCAG-1,1,5,119,5264,22169
TAGCAGTAAATACGCG-1,1,4,120,5013,22320
CGGGCTACTTAAATTG-1,1,5,121,5270,22461
ATTATGCTCAGTATTG-1,1,4,122,5019,22612
TGATGCTCACGTAGTC-1,1,5,123,5275,22753
GTCTAAGATGCCCAGC-1,1,4,124,5024,22903
AACCCGATAGGGCTTC-1,1,5,125,5281,23044
CGCTATCGTGGCTTTA-1,1,4,126,5030,23195
CGTCTCTCGCCGAGGC-1,1,5,127,5287,23336
AGTGGGAGTATACACG-1,1,6,0,5182,4814
GGTCTTGGTGTTAACT-1,1,7,1,5439,4955
GGCTGGCAGCTTTATG-1,1,6,2,5188,5105
CGCCAATTATTGCGTT-1,1,7,3,5444,5246
GGTAACCGGCAAAGGT-1,1,6,4,5193,5397
TGGGACCATTGGGAGT-1,1,7,5,5450,5538
CTGCAGGTGCTCGGCC-1,1,6,6,5199,5688
CCGGTGCGAGTGATAG-1,1,7,7,5455,5829
GGGTACACTCTGGAGG-1,1,6,8,5205,5980
TAGCCAGAGGGTCCGG-1,1,7,9,5461,6121
CTTGTGAGGACAGCGG-1,1,6,10,5210,6272
GAAGGGCATAACCATG-1,1,7,11,5467,6413
CAACATGGCCTGATAA-1,1,6,12,5216,6563
CAATTTGACCGGGAAG-1,1,7,13,5472,6704
TCTGACTGTAATGGTT-1,1,6,14,5222,6855
TTCATAGCCTTGTAAC-1,1,7,15,5478,6996
TGGAAACGGAGTGAAC-1,1,6,16,5227,7147
ATCGCACGATTGTTCA-1,1,7,17,5484,7287
CGCCACCCGCATTAAC-1,1,6,18,5233,7438
TGGACCACGGCGTTGA-1,1,7,19,5489,7579
GTATATGTTACGGCGG-1,1,6,20,5238,7730
GTATTCTTACCGTGCT-1,1,7,21,5495,7871
TTCAGAGTAACCTGAC-1,1,6,22,5244,8021
GCGGTAACCCAAATGA-1,1,7,23,5501,8162
CTACGTGTTGCCACCA-1,1,6,24,5250,8313
CTAGATAAACTCCTCG-1,1,7,25,5506,8454
TCCATTAGTTGGATAG-1,1,6,26,5255,8605
CTGGCTCCTGCGGGAT-1,1,7,27,5512,8745
CAGTCTCTCGGCTAAT-1,1,6,28,5261,8896
GTATGACGTGGGAAAC-1,1,7,29,5518,9037
AGTCACTCCGCCTCAT-1,1,6,30,5267,9188
GCAGCGGTGGGCATTA-1,0,7,31,5523,9329
TATGGAGTTTCTCGTT-1,1,6,32,5272,9479
ACTCAACGAATGTATT-1,1,7,33,5529,9620
AACACGCGGCCGCGAA-1,1,6,34,5278,9771
CGATATTAGCCGCAGG-1,1,7,35,5534,9912
AGCGTCTGAACCCGCA-1,1,6,36,5284,10063
GATGTCCGGATCACAT-1,1,7,37,5540,10204
GGTCACGTTAGATTCA-1,1,6,38,5289,10354
TTAAGGATACGGAGGT-1,1,7,39,5546,10495
GTGCGGGACCATCGGC-1,1,6,40,5295,10646
CCATCTTGTTCACAAT-1,1,7,41,5551,10787
TCCGAGAAGGCTAAGC-1,1,6,42,5301,10937
TGGCGGTGTGCGATTG-1,1,7,43,5557,11078
ATCCTGCTGCAGATAG-1,1,6,44,5306,11229
TTATGCGTCCCGGTCC-1,1,7,45,5563,11370
CATAATGAGCGGGCGA-1,1,6,46,5312,11521
AGACATAGATCCTTCC-1,1,7,47,5568,11662
GGTGAAACCGGGAATG-1,1,6,48,5317,11812
AACTGGTGTGGGCCTT-1,1,7,49,5574,11953
GTAGCGCTGTTGTAGT-1,1,6,50,5323,12104
TTGTTTGTGTAAATTC-1,1,7,51,5580,12245
GGATCAAAGGACGAGG-1,1,6,52,5329,12396
CGTAGCGCCGACGTTG-1,1,7,53,5585,12536
CAAGTGAACTTTGGTT-1,1,6,54,5334,12687
GTAGACAACCGATGAA-1,1,7,55,5591,12828
CAATGGTCGGCCTGGG-1,1,6,56,5340,12979
ACAGATTAGGTTAGTG-1,1,7,57,5597,13120
GTTATCACCTTCTGAA-1,1,6,58,5346,13270
TGGTATCGGTCTGTAT-1,1,7,59,5602,13411
GGAATAACCTCAAGAA-1,1,6,60,5351,13562
ATTATCTCGACAGATC-1,1,7,61,5608,13703
CCGAGGGATGTTAGGC-1,1,6,62,5357,13854
TGAGATCAAATACTCA-1,1,7,63,5613,13994
AAACGAAGAACATACC-1,1,6,64,5363,14145
CTGGTCCTAACTTGGC-1,1,7,65,5619,14286
TGCACGAGTCGGCAGC-1,1,6,66,5368,14437
ATAGTCTTTGACGTGC-1,1,7,67,5625,14578
TGGAGCTAAAGTTCCC-1,1,6,68,5374,14728
GGGTGGTCCAGCCTGT-1,1,7,69,5630,14869
CATGCATGGAGACCCT-1,1,6,70,5380,15020
ACACGGCACTATGCAT-1,1,7,71,5636,15161
CCCTGGTATGGGCGGC-1,1,6,72,5385,15312
GGAGGATTGAAAGGAG-1,1,7,73,5642,15453
CCGCTGGTGCCATTCA-1,1,6,74,5391,15603
GTTAGAGTGTGCCGCT-1,1,7,75,5647,15744
TCGGAATGACCATCAA-1,1,6,76,5396,15895
TTCAATTAGCCATAAT-1,1,7,77,5653,16036
GATGTGTTGTCACAAG-1,1,6,78,5402,16186
TCTTTCTCTTAAGGAG-1,1,7,79,5659,16327
ACCCTTTAGTTCTCCA-1,1,6,80,5408,16478
ACCACAACTCAGAACA-1,1,7,81,5664,16619
TATGATAAATCTAACG-1,1,6,82,5413,16770
GATCCTCTTGCGCTTA-1,1,7,83,5670,16911
TTCTACCTTTATGTTG-1,1,6,84,5419,17061
GAAATACCTGCTGGCT-1,1,7,85,5676,17202
ATTCTGAGTATGAACT-1,1,6,86,5425,17353
GGATTAAGCTAAGGTC-1,1,7,87,5681,17494
AGTACGTGGCCTGTCT-1,1,6,88,5430,17644
TCAGGGTGCACGAAAC-1,1,7,89,5687,17785
AAATTTACCGAAATCC-1,1,6,90,5436,17936
TTGAGGCATTTAACTC-1,1,7,91,5692,18077
AACCAGTATCACTCTT-1,1,6,92,5442,18228
CACCGGAGATATCTCC-1,1,7,93,5698,18369
GACTGGGCGCCGCAAC-1,1,6,94,5447,18519
CACGTCTATGATGTGG-1,1,7,95,5704,18660
TTAAGACGAACGAACC-1,1,6,96,5453,18811
TGACCAGCTTCAAAGT-1,1,7,97,5709,18952
AGAGTTAGAGACCGAT-1,1,6,98,5459,19103
TTCGGACTGATGCCTT-1,1,7,99,5715,19243
CTCGAATGGAACGTAT-1,1,6,100,5464,19394
GGACGGCTTGCGCAAC-1,1,7,101,5721,19535
CTAAGTACAGGGCTAC-1,1,6,102,5470,19686
ACAAATTCAGATCTGA-1,1,7,103,5726,19827
CATGGAAATGGGACCA-1,1,6,104,5475,19977
GGTGGACCACGTGTTA-1,1,7,105,5732,20118
CACGACGTAATAGTAA-1,1,6,106,5481,20269
CGGGTTCGGCACGTAT-1,1,7,107,5738,20410
CTGGGCTATCCTTTGG-1,1,6,108,5487,20561
GTATTAGGGTTCGCGT-1,1,7,109,5743,20701
TCATTCGTATAATTTG-1,1,6,110,5492,20852
AATAGCAAGCCTCCTG-1,0,7,111,5749,20993
CATCTACCCGAGAACG-1,1,6,112,5498,21144
GCTTCAGTGGGATTAC-1,0,7,113,5755,21285
TCTGTGATGGAGGTTG-1,1,6,114,5504,21435
ATCCACTTTCAGACTA-1,1,7,115,5760,21576
ATGGTTACGAAACATG-1,1,6,116,5509,21727
GGCCCAATCTAGAGGG-1,1,7,117,5766,21868
GATGGTGAAATAACCC-1,1,6,118,5515,22019
AGAGGGACAATTGTCC-1,1,7,119,5771,22160
CGCGTACATTCTGGAA-1,1,6,120,5521,22310
CAAGAAACCCTAAACT-1,1,7,121,5777,22451
TTGGTGCGGTGTTGAA-1,1,6,122,5526,22602
GGTTCCCTAGTGTCTC-1,1,7,123,5783,22743
CGATAACCAATTTGAG-1,1,6,124,5532,22893
GCCCACTGGTCCACAA-1,1,7,125,5788,23034
GAGGGCCGGCAGAGTC-1,1,6,126,5538,23185
CGACACGGATGCCCAC-1,1,7,127,5794,23326
CTGTCTGTGGCTGGCT-1,1,8,0,5689,4804
ATATTATCCCGTATTT-1,1,9,1,5946,4945
GCGCTGGCGGAAAGTC-1,1,8,2,5695,5095
ATCTAACGTCCCTATG-1,1,9,3,5952,5236
GTCAGACAGCGTTGGA-1,1,8,4,5701,5387
GCCAGGCTTAGTGGTA-1,1,9,5,5957,5528
ATTCAAAGTACCTGTT-1,1,8,6,5706,5679
TGGACGTAGGCGAATC-1,1,9,7,5963,5820
ACACATTGACGCAACA-1,1,8,8,5712,5970
GATATCAGTATGTATC-1,1,9,9,5969,6111
TGGGCCTTGCCTGCAT-1,1,8,10,5718,6262
CAAAGTCAGGTTAGCT-1,1,9,11,5974,6403
GGATCCCTACCAGCTA-1,1,8,12,5723,6553
ATCGTCCAATCGAGTC-1,1,9,13,5980,6694
ACATGGCTCAATTTAG-1,1,8,14,5729,6845
AGGCCCAGTGACTGGT-1,1,9,15,5985,6986
GCTTCCAGCTTAGATT-1,1,8,16,5735,7137
TGCTTGAAACCATGCA-1,1,9,17,5991,7278
CAATATTGGACTAGTG-1,1,8,18,5740,7428
CGTGCTGGCCTAGTCG-1,1,9,19,5997,7569
CCTGCGATAGAACTGT-1,1,8,20,5746,7720
GGGTAATGCTGTGTTT-1,1,9,21,6002,7861
AACGCGAACGGCAACA-1,1,8,22,5751,8012
TGTCGGCATGGTGGAA-1,1,9,23,6008,8152
AGCGTACGAGAGCTAG-1,1,8,24,5757,8303
ATACTCTCGCCACTCT-1,1,9,25,6014,8444
AATCCATGCAAGGGTG-1,1,8,26,5763,8595
TTAAACAGAGTCCCGC-1,1,9,27,6019,8736
CCACAGCTGAAATCAT-1,1,8,28,5768,8886
CGGTTCCGGCTTCTTG-1,1,9,29,6025,9027
GACGTGAGACTCCATG-1,1,8,30,5774,9178
TCGTTGGCTCGTCAAT-1,1,9,31,6031,9319
GGTGAACGGGCTAGCC-1,1,8,32,5780,9470
GCACTGTGCAAATGTA-1,1,9,33,6036,9610
ACGAGAACCCATCACG-1,1,8,34,5785,9761
CCAGCTACGCCTCATA-1,1,9,35,6042,9902
TCCCGGTCAGGAATTT-1,1,8,36,5791,10053
TCGCATTCAATGACTT-1,1,9,37,6048,10194
CTGGTTCAACGCATCA-1,1,8,38,5797,10344
GGTGATTTCATCTTGT-1,1,9,39,6053,10485
CACCCTTTCCTCGCTC-1,1,8,40,5802,10636
CAACTTGTAGTGGGCA-1,1,9,41,6059,10777
AATATCAAGGTCGGAT-1,1,8,42,5808,10928
ACTCAGACCTGCTTCT-1,1,9,43,6064,11069
TTGGAGTCTCCCTTCT-1,1,8,44,5814,11219
GGATACTCATGAATTG-1,1,9,45,6070,11360
TGGGCACAAACAGAAC-1,1,8,46,5819,11511
GAGCCACGGTAGTAGG-1,1,9,47,6076,11652
TCGATAGGCTAGTCGC-1,1,8,48,5825,11802
TAACCGCCCGCAGTGC-1,1,9,49,6081,11943
GCCTATTTGCTACACA-1,1,8,50,5830,12094
TTGACGATTCAGCACG-1,1,9,51,6087,12235
TTAAACCGGTAGCGAC-1,1,8,52,5836,12386
ACCGAAAGGGCCCTGC-1,1,9,53,6093,12527
ACGTTCCGCGCTCCGT-1,1,8,54,5842,12677
ATACCAGGCTAATAGA-1,1,9,55,6098,12818
CGGCTTTGTATGATAA-1,1,8,56,5847,12969
CTTGACCCGAAAGATA-1,1,9,57,6104,13110
CGCAGAAACATTTGCG-1,1,8,58,5853,13261
GACCCGTCGCCGGCTA-1,1,9,59,6110,13401
AATCGGGACACTACGA-1,1,8,60,5859,13552
GTCACAAAGTTTCCAA-1,1,9,61,6115,13693
TATATTCGCGTCGATA-1,1,8,62,5864,13844
CCTCCCGACAATCCCT-1,1,9,63,6121,13985
CGACATGCGATCTTCT-1,1,8,64,5870,14135
AACACGACTGTACTGA-1,1,9,65,6127,14276
CCCAACCACACTAACA-1,1,8,66,5876,14427
CACCGCCGACCAGCGA-1,1,9,67,6132,14568
TGGTATCGCATCCCAA-1,1,8,68,5881,14719
CAGAGTGATTTAACGT-1,1,9,69,6138,14859
AACCCTGGTGGAACCA-1,1,8,70,5887,15010
GTCAGTTGTGCTCGTT-1,1,9,71,6143,15151
ATTGACGTAACTCGGT-1,1,8,72,5893,15302
GATGTCGGTCAACTGC-1,1,9,73,6149,15443
AGGGCAGCGGCGTGGT-1,1,8,74,5898,15593
ACATCGTTAACCTAGT-1,1,9,75,6155,15734
TCCATTGTGACCTCGT-1,1,8,76,5904,15885
TGTTTAATACTTCATC-1,1,9,77,6160,16026
TTGCTGGCCGGGCTTC-1,1,8,78,5910,16177
CATATTATTTGCCCTA-1,1,9,79,6166,16318
CTGCCTAGCCACCAAG-1,1,8,80,5915,16468
ACGAGATATTTGCTTA-1,1,9,81,6172,16609
GACTACAATTGCTCGT-1,1,8,82,5921,16760
AACGTGATGAAGGACA-1,1,9,83,6177,16901
ACTCTCTTATACACGA-1,1,8,84,5926,17051
CGCATCATGGCTTCAG-1,1,9,85,6183,17192
CGGCTCTTCGTCGAAC-1,1,8,86,5932,17343
ATTCTTCGTACTTATG-1,1,9,87,6189,17484
AGTGAGGGTTTCTGAC-1,1,8,88,5938,17635
GCCAGGCGTTCGCATG-1,1,9,89,6194,17776
GACTAACACAGCACCT-1,1,8,90,5943,17926
CAATGGAATCTACATA-1,1,9,91,6200,18067
GTGGTCAGCGAAGTAT-1,1,8,92,5949,18218
ATGGCTGGAAATGGCC-1,1,9,93,6206,18359
ATCAGGTCGCCATTGC-1,1,8,94,5955,18510
TATCACCATGTAAAGT-1,1,9,95,6211,18650
AGCGCTTATGGGCAAG-1,1,8,96,5960,18801
AAGCGGCGTCATGGGT-1,1,9,97,6217,18942
ACTAATACGTCAGGCG-1,1,8,98,5966,19093
GGCTGAGCATCGTAAG-1,1,9,99,6222,19234
CGGTTGGGTTCAAGTT-1,1,8,100,5972,19384
GACTGATTGGTCACAA-1,1,9,101,6228,19525
AGACGGGCCGATTTAA-1,1,8,102,5977,19676
ACCAGTGCCCGGTCAA-1,1,9,103,6234,19817
GTCCTTTAATGACTTC-1,1,8,104,5983,19968
CCTACAAGTCCGGAAT-1,1,9,105,6239,20108
GCCTGCTACACTGAGA-1,1,8,106,5989,20259
GACTCGGTCGGCGGAT-1,1,9,107,6245,20400
CTAGACATATATGTAG-1,1,8,108,5994,20551
TCGCCCAACTGACTCC-1,1,9,109,6251,20692
AAACTAACGTGGCGAC-1,1,8,110,6000,20842
AACTGAGGTCAGCGTC-1,1,9,111,6256,20983
ACAATGATTCTTCTAC-1,0,8,112,6005,21134
ATAAGTACCCGATTGT-1,1,9,113,6262,21275
ATTGGGAGTTCTGTAA-1,1,8,114,6011,21426
CGAACATAGTCAGAAA-1,1,9,115,6268,21567
TAGCTCAGATCCTAGT-1,1,8,116,6017,21717
GTGTCGTATTCACCTT-1,1,9,117,6273,21858
CTCACCGATCCAAACT-1,1,8,118,6022,22009
ATATGTGCACAAACCA-1,1,9,119,6279,22150
CAGTCCAACGCCTTCT-1,1,8,120,6028,22300
TCGTCCGGGTACACTC-1,1,9,121,6285,22441
GCAGAAACGTAATCCA-1,1,8,122,6034,22592
TTCGAGCCGGCGCTAC-1,1,9,123,6290,22733
GGAAGATAAGACTGTA-1,1,8,124,6039,22884
ATAAGCAAACACCGAG-1,1,9,125,6296,23025
GCATAAATTGAACGCC-1,1,8,126,6045,23175
CGCCGGTGTCGCAGTA-1,1,9,127,6301,23316
GACCTGGTCTGGGCGT-1,1,10,0,6197,4794
AGCCGCTTGATTAGCG-1,1,11,1,6453,4935
CCCGGCTAGGTGAGAA-1,1,10,2,6202,5086
CGAGCCGAGCACTCGA-1,1,11,3,6459,5226
TAGTGCTTGAATCCTT-1,1,10,4,6208,5377
CAACCGCACCTAGACA-1,1,11,5,6465,5518
ACCACTGTTCAAGAAG-1,1,10,6,6214,5669
AGATGCTATAACGAGC-1,1,11,7,6470,5810
AATTACTCGTACGCTC-1,1,10,8,6219,5960
CGTCAATCTTTAACAT-1,1,11,9,6476,6101
CCAAAGCAGTTGGTTG-1,1,10,10,6225,6252
CCATATTGGATCATGA-1,1,11,11,6482,6393
CGTACCGAAAGTCTAG-1,1,10,12,6231,6544
CTCGAGATCCAAAGCA-1,1,11,13,6487,6685
TGGATAGAGTAACAGA-1,1,10,14,6236,6835
TCACAGATCCTCAAAC-1,1,11,15,6493,6976
AGAGCTACGAAAGCAT-1,1,10,16,6242,7127
TGCGTGATTGGGTGTC-1,1,11,17,6498,7268
CACATGTTTGGACATG-1,1,10,18,6248,7418
TTCGCATCCGGAAGCA-1,1,11,19,6504,7559
CCCTAGTGTCAGGTGT-1,1,10,20,6253,7710
TTACCGCCTTAGGGAA-1,1,11,21,6510,7851
CCAGTCCATTATTCGA-1,1,10,22,6259,8002
CGTAAACGCTTGAGTG-1,1,11,23,6515,8143
ATTCCTTCCAGGCGGT-1,1,10,24,6265,8293
TTCCTTTCTGTGTTGC-1,1,11,25,6521,8434
AGTTGACATCGGCTGG-1,1,10,26,6270,8585
AACTCGATGGCGCAGT-1,1,11,27,6527,8726
GATAAGGCAGATGCAA-1,1,10,28,6276,8877
GGCTGGCTAGCTTAAA-1,1,11,29,6532,9017
CCTCATGCAGCTACGA-1,1,10,30,6281,9168
GACGCCTGTTGCAGGG-1,1,11,31,6538,9309
TAATTAGATGGATATG-1,1,10,32,6287,9460
GAGGGCATCGCGTATC-1,1,11,33,6544,9601
CTTGTGAGTCTTTGAC-1,1,10,34,6293,9751
TCAACACATTGGGTAA-1,1,11,35,6549,9892
ACTGTATACGCGAGCA-1,1,10,36,6298,10043
GTGAAACGTGCTCCAC-1,1,11,37,6555,10184
CGAGTGCTATAGTTCG-1,1,10,38,6304,10335
GTACTGCATGAAGCGT-1,1,11,39,6561,10475
GTAACTTGCGGCAGTC-1,1,10,40,6310,10626
GAATCGCCGGACACGG-1,1,11,41,6566,10767
GGGAGTAATGGCTGGC-1,1,10,42,6315,10918
CATGAACCGACATTTG-1,1,11,43,6572,11059
TCTGTCATACAAGAGC-1,1,10,44,6321,11209
GTCGTCAATTATAAGG-1,1,11,45,6577,11350
TAAAGAGCCCGAAACC-1,1,10,46,6327,11501
GTACTGAGGTCGTAAC-1,1,11,47,6583,11642
AAAGACCCAAGTCGCG-1,1,10,48,6332,11793
CGTCAGTGCGCACAAG-1,1,11,49,6589,11934
TGTATCCTTATTCCAT-1,1,10,50,6338,12084
ATTCTCGTCTCTTTAG-1,1,11,51,6594,12225
AAAGTCACTGATGTAA-1,1,10,52,6344,12376
TGTCTACAGTTTCTGT-1,1,11,53,6600,12517
TTAACGTCGCAAGACC-1,1,10,54,6349,12667
CTATGTCTATTGAAAC-1,1,11,55,6606,12808
TCGGGTGAAACTGCTA-1,1,10,56,6355,12959
TGTCCCGACATAGCAC-1,1,11,57,6611,13100
ACAGCATAGAGCCAGT-1,1,10,58,6360,13251
ATATTCCCACAGGTCA-1,1,11,59,6617,13392
TTGGATCGACTTCTGG-1,1,10,60,6366,13542
CACCATCGGAGGAGAC-1,1,11,61,6623,13683
TCGTTCGTTATTATGT-1,1,10,62,6372,13834
CTTAACTTCGAAGTAC-1,1,11,63,6628,13975
GCACAAGTGTCGGAAG-1,1,10,64,6377,14126
TACCAGCTAGGTTTAA-1,1,11,65,6634,14266
ACGTACAGATTTCTCT-1,1,10,66,6383,14417
AATTTGGTTCCAAAGA-1,1,11,67,6640,14558
GTAAGGATTTGTCGGA-1,1,10,68,6389,14709
CATCATCTACCCGGAC-1,1,11,69,6645,14850
ACGATGGATCCGATGC-1,1,10,70,6394,15000
CACTCAGCTCTTGAGG-1,1,11,71,6651,15141
TAGATCCGAAGTCGCA-1,1,10,72,6400,15292
TGAAACTTATGCAAGC-1,1,11,73,6656,15433
GCGATTCTGGAAGCAG-1,1,10,74,6406,15584
CAAACTATTGAGCTTC-1,1,11,75,6662,15724
TAGAATTAAGGGCAAC-1,1,10,76,6411,15875
CGAAACATAGATGGCA-1,1,11,77,6668,16016
GATGGTGCCCTAGGCA-1,1,10,78,6417,16167
CCCGCAGGGCCCAAAG-1,1,11,79,6673,16308
ACAGCGCACCCGCAGC-1,1,10,80,6423,16458
GGTAAATGTGCGTTAC-1,1,11,81,6679,16599
GTCCTTCTAGTGGGTT-1,1,10,82,6428,16750
GGAAGCTCGCTTACAG-1,1,11,83,6685,16891
CACCGATACACCGAGC-1,1,10,84,6434,17042
CAGCCGGGCCCTCTAT-1,1,11,85,6690,17183
CGGAGCTTATAACACC-1,1,10,86,6439,17333
ATTACAACTACCGGCC-1,1,11,87,6696,17474
TCCTCTGGCCCATTAG-1,1,10,88,6445,17625
CGGCACCGTTAGCGCC-1,1,11,89,6702,17766
TCGGTCCCTGACTCCA-1,1,10,90,6451,17916
TGGTTGGAGGATCCTG-1,1,11,91,6707,18057
CTGCGGTAGTCACGTG-1,1,10,92,6456,18208
GTGCCTCAGTGTACGG-1,1,11,93,6713,18349
ATCGTTCACTTTCGCC-1,1,10,94,6462,18500
ACTTACCGGGCGCGCA-1,1,11,95,6719,18641
CTAGACTGCATTTCGT-1,1,10,96,6468,18791
TTGCCGGTGATCCCTC-1,1,11,97,6724,18932
CTGTCACGCCAGGCGC-1,1,10,98,6473,19083
CGGTATAGGTATTAGC-1,1,11,99,6730,19224
CCAACGCTTGCCAGGG-1,1,10,100,6479,19375
CGTTGAGTAATTGCGT-1,1,11,101,6736,19515
TGTATTTACCTAATGC-1,1,10,102,6485,19666
TAAATGCCGTCTCATG-1,1,11,103,6741,19807
CGGTTTATGAAGGAAC-1,1,10,104,6490,19958
GCAAGATGTGTTCGCG-1,1,11,105,6747,20099
AAAGGTAAGCTGTACC-1,1,10,106,6496,20249
GTACGTCACGTATTAA-1,1,11,107,6752,20390
AGTACCTTCGAGTGCT-1,1,10,108,6502,20541
ATTGTGACTTCGCTGC-1,1,11,109,6758,20682
TGTATCAGACTGAAGC-1,1,10,110,6507,20833
GAGACCCTGCAACGCC-1,1,11,111,6764,20973
TGGGTGGGATGTCATT-1,1,10,112,6513,21124
GGCTAATGATTGAAAT-1,1,11,113,6769,21265
ATAACGTTACCTCCAC-1,1,10,114,6518,21416
TGCGAGATGGCGGCCA-1,1,11,115,6775,21557
CACACTTGTATTGCGA-1,1,10,116,6524,21707
GCTGGTGACTCGTAGT-1,1,11,117,6781,21848
CGACACCGCTTAAGGA-1,1,10,118,6530,21999
GTAACAACTGACCTTG-1,1,11,119,6786,22140
CAACTGAGGGTATGAC-1,1,10,120,6535,22291
CTAATTATGAAGCGTA-1,1,11,121,6792,22432
CCGATCTTAAGAGGCT-1,1,10,122,6541,22582
CGACTCGGTACACGGT-1,1,11,123,6798,22723
TGCTGCGTCAGAGTTA-1,1,10,124,6547,22874
AGAGTTGCAGGCCTCC-1,1,11,125,6803,23015
ACTGGCGAACCTGCGT-1,1,10,126,6552,23165
ACTAAGGACGCACACC-1,1,11,127,6809,23306
CGTCCAGATGGCTCCA-1,1,12,0,6704,4784
ACTATCGCCGGCTAAA-1,1,13,1,6961,4925
GATAGCGTACCACGCG-1,1,12,2,6710,5076
AGGACTTATAGGAGAA-1,1,13,3,6966,5217
TAGTCGGGATTCTTCG-1,1,12,4,6716,5367
ACCATTAAGGGTGTCA-1,1,13,5,6972,5508
TTAATGTGTTTGCAGG-1,1,12,6,6721,5659
TCCGCAGCCACCTAGC-1,1,13,7,6978,5800
GAGGAGATCCTCATGC-1,1,12,8,6727,5951
GGTCCTTCATACGACT-1,1,13,9,6983,6092
CCCTGTTGGCAAAGAC-1,1,12,10,6732,6242
GTGCCTAGCTATGCTT-1,1,13,11,6989,6383
GTCATCTCCTACAGCT-1,1,12,12,6738,6534
GCGAGAAACGGGAGTT-1,1,13,13,6995,6675
CGTCGCGGCGGGATTT-1,1,12,14,6744,6825
CATTGTGTGCTAGATC-1,1,13,15,7000,6966
CGCGGCAGTATTACGG-1,1,12,16,6749,7117
GAAATGGGATGTAAAC-1,1,13,17,7006,7258
CATTCCCTAAGTACAA-1,1,12,18,6755,7409
AGTTCTGCGTTGTATC-1,1,13,19,7012,7550
ACCCTATAGGACTGAG-1,1,12,20,6761,7700
TTAGATAGGTCGATAC-1,1,13,21,7017,7841
ATTGATAGCAACGAGA-1,1,12,22,6766,7992
TCTCGGCTCCAGGACT-1,1,13,23,7023,8133
CTTGAGGTTATCCCGA-1,1,12,24,6772,8283
AAGAAGGATCAGTTAG-1,1,13,25,7028,8424
GTACGACGGCGCTGCG-1,1,12,26,6778,8575
CTTATGTTGACTACCA-1,1,13,27,7034,8716
CGGCACTCAAGAAAGT-1,1,12,28,6783,8867
GTCAAAGTTTACATAG-1,1,13,29,7040,9008
CTCCTAAGTTATGTCT-1,1,12,30,6789,9158
ACTGTGCTAGTAGATC-1,1,13,31,7045,9299
GTTTGGCCGCTCAGCG-1,1,12,32,6795,9450
TTATCCAATCGAACTC-1,1,13,33,7051,9591
CCGTACCCAAGCGCCA-1,1,12,34,6800,9742
CATACAAAGCCGAACC-1,1,13,35,7057,9882
GGTCGGTAATTAGACA-1,1,12,36,6806,10033
AGCGGGAAGGGTCCAT-1,1,13,37,7062,10174
GCCCACCAAGGCTGTC-1,1,12,38,6811,10325
GTAGACGTCGTTACAT-1,1,13,39,7068,10466
GAGCATCATCCCTGGG-1,1,12,40,6817,10616
AGGTAACCTCCTATTC-1,1,13,41,7074,10757
GGTTTGAGTGCTGGAA-1,1,12,42,6823,10908
GCACTAGTCGCGCTAT-1,1,13,43,7079,11049
GGTAACTATGTATCTG-1,1,12,44,6828,11200
GCGGTCCCTAGACGCA-1,1,13,45,7085,11340
CGAGCGTTGATCAGCC-1,1,12,46,6834,11491
AATCCAAGGGCCTGAG-1,1,13,47,7091,11632
CCGTGCCCATGACGGC-1,1,12,48,6840,11783
GAAATTCACATCGCTG-1,1,13,49,7096,11924
CTCTGCGAAGCAAGCA-1,1,12,50,6845,12074
AGTAGGTAACATACAT-1,1,13,51,7102,12215
ATTGGGAATATCTTGG-1,1,12,52,6851,12366
TAGAGCTACGAAGAAC-1,1,13,53,7107,12507
TGCGGCATAGTTCAAC-1,1,12,54,6857,12658
CCGCCGGTCAACACAC-1,1,13,55,7113,12799
TCGTATAGTGCAATTA-1,1,12,56,6862,12949
TAGTTTATTCTTGCTT-1,1,13,57,7119,13090
GATATCTCATGCAATA-1,1,12,58,6868,13241
CGTTTAAGCGGAGCAC-1,1,13,59,7124,13382
CATGCTGGCTCCAATT-1,1,12,60,6874,13532
GAAACAGCCATGCAGT-1,1,13,61,7130,13673
AGTTTCGCAGGTCGGA-1,1,12,62,6879,13824
CTCATGGCTCACAATC-1,1,13,63,7136,13965
AACCGTTGTGTTTGCT-1,1,12,64,6885,14116
ACCCTTCATCTGCGAA-1,1,13,65,7141,14257
TGCGGTGAAATTTCAT-1,1,12,66,6890,14407
CAAATTGTCAGCAAGC-1,1,13,67,7147,14548
GAGGTACATCCATCTT-1,1,12,68,6896,14699
AAATGGCATGTCTTGT-1,1,13,69,7153,14840
TCATCCCAGAGGGTGG-1,1,12,70,6902,14991
CGTAGCGAATTGTCAG-1,1,13,71,7158,15131
CCTAGTTAGTCGCATG-1,1,12,72,6907,15282
GAAACTCTAATGAAGG-1,1,13,73,7164,15423
TTGTATCACACAGAAT-1,1,12,74,6913,15574
TTCAAGCCGAGCTGAG-1,1,13,75,7170,15715
AGGTACGATATTGCCA-1,1,12,76,6919,15865
TTAAGCCGACAACTTC-1,1,13,77,7175,16006
GTCTTAGTACAGCCGG-1,1,12,78,6924,16157
TGGGTAAGGTTCCCGC-1,1,13,79,7181,16298
CTACGCCATTTCCGAT-1,1,12,80,6930,16449
GACCGTCAGGTCGTGA-1,1,13,81,7186,16589
TAGTTAAGATAGGATA-1,1,12,82,6936,16740
GAATATTCGGAGTCCC-1,1,13,83,7192,16881
CAAACTACGATAGAGA-1,1,12,84,6941,17032
CAGGAAGACTTTATAT-1,1,13,85,7198,17173
TTCGTAATCCCAGCGG-1,1,12,86,6947,17323
GTGAGGAGCGGTTGAG-1,1,13,87,7203,17464
CAATCCCTATACCAGC-1,1,12,88,6953,17615
AGGGAAACGAGGTACT-1,1,13,89,7209,17756
TCCTGCCAACTGGAGA-1,1,12,90,6958,17907
AATTTGGGACATAGTA-1,1,13,91,7215,18048
AACTCCTAATCCCATG-1,1,12,92,6964,18198
GCTCATTACTGCATGT-1,1,13,93,7220,18339
TCTCGAACGAGGTCAC-1,1,12,94,6969,18490
TCACTACGACCAATGC-1,1,13,95,7226,18631
GTGATGCACAACATCT-1,1,12,96,6975,18781
CCGACGTAAACACAAC-1,1,13,97,7232,18922
TGGGATGCACTCATTC-1,1,12,98,6981,19073
TTCCATCATGCGGTGA-1,1,13,99,7237,19214
TGCACAGTGAAGTTAT-1,1,12,100,6986,19365
CTATTGTGTTTGGTCA-1,1,13,101,7243,19506
TGCGAGCCCTTCCGCG-1,1,12,102,6992,19656
TTGAAAGGTGTAAAGG-1,1,13,103,7249,19797
GGTGCAGAGCCTATCG-1,1,12,104,6998,19948
ACTATATGCTGTGTTC-1,1,13,105,7254,20089
TCCTGGCGCTGCCTGG-1,1,12,106,7003,20240
GAGCCGAGCGTTTATT-1,1,13,107,7260,20380
AGAATGCGGGTTCGGA-1,1,12,108,7009,20531
ATGCGACAATTGGTCC-1,1,13,109,7265,20672
TTCCGGCTCGACTTCT-1,1,12,110,7015,20823
TGATTATGGCACGCAG-1,1,13,111,7271,20964
GGTTTGACAAGAAGCT-1,1,12,112,7020,21114
GCAGCTATGGACAGGT-1,1,13,113,7277,21255
CACCATGATCGCAAAG-1,1,12,114,7026,21406
GTCGGAAGGATACCAG-1,1,13,115,7282,21547
GGCCCAGTTATCAGCA-1,1,12,116,7032,21698
GGGCCTATTTAAGTAT-1,1,13,117,7288,21838
GTTGTTACATTGCGCT-1,1,12,118,7037,21989
CAACTCCGTAACTTGC-1,1,13,119,7294,22130
GATCTTTGCTCAAAGA-1,1,12,120,7043,22281
TCGCTTAATTACGAAG-1,1,13,121,7299,22422
CGATCATTAGAGGCAC-1,1,12,122,7048,22572
TGTTCTCTACTCCCTA-1,1,13,123,7305,22713
GCTTAGGGAAGCGGTA-1,1,12,124,7054,22864
CAGGTTTAGTACTACA-1,1,13,125,7311,23005
AAGCGGAGTGCGCGCA-1,1,12,126,7060,23156
TCAGATGGAGACGTAG-1,1,13,127,7316,23297
TCGCACTAACGTTTGT-1,1,14,0,7212,4774
CACGTCGGGTTCTAGA-1,1,15,1,7468,4915
GGAGTACACATGAGCT-1,1,14,2,7217,5066
GTGTGTCGACGTCGCT-1,1,15,3,7474,5207
GAAGCTCTTTGCTTAG-1,1,14,4,7223,5358
ACACCGAGCGCTCTTT-1,1,15,5,7479,5498
CGTAATAATTACGAGT-1,1,14,6,7229,5649
CATCAACACCTACTAA-1,1,15,7,7485,5790
CCAAGTTTCTACAGAT-1,1,14,8,7234,5941
ACGGGTCATGTGACTT-1,1,15,9,7491,6082
AGTGTGCTAAGATCGC-1,1,14,10,7240,6232
GGCGGTTTGCCGGTGC-1,1,15,11,7496,6373
GTATAATCTCCCGGAT-1,1,14,12,7245,6524
TAGTCCGTATGCATAA-1,1,15,13,7502,6665
CACTTCGTCTTATCTC-1,1,14,14,7251,6816
CATCCGCAGGCCCGAA-1,1,15,15,7508,6957
CCCTGATGTAACTCGT-1,1,14,16,7257,7107
CCATAGTCAGTAACCC-1,1,15,17,7513,7248
CGGGCCATAGCCGCAC-1,1,14,18,7262,7399
CTCCGGCTTGTAGACA-1,1,15,19,7519,7540
AACTTGCGTTCTCGCG-1,1,14,20,7268,7690
AATGAGTTCGCATATG-1,1,15,21,7525,7831
CGAGGCCAGGCATTGG-1,1,14,22,7274,7982
TCTGCGTCCGGTTTCT-1,1,15,23,7530,8123
CAATCCTGCCGTGGAG-1,1,14,24,7279,8274
CTGAGCAAGTAACAAG-1,1,15,25,7536,8415
GGGTACCCACGGTCCT-1,1,14,26,7285,8565
ACGGAATTTAGCAAAT-1,1,15,27,7542,8706
GGGCGGTCCTATTGTC-1,1,14,28,7291,8857
ATGTTACGAGCAATAC-1,1,15,29,7547,8998
AACCATGGGATCGCTA-1,1,14,30,7296,9149
TCGCATCCCTAAGTGT-1,1,15,31,7553,9289
ACTTAGTACGACAAGA-1,1,14,32,7302,9440
GAGCTCTCGGACCTAA-1,1,15,33,7558,9581
TCTATTACGCTGGCGA-1,1,14,34,7308,9732
AGATACGACTTCATAT-1,1,15,35,7564,9873
CGCTATACCGCCCACT-1,1,14,36,7313,10023
CAGTGTCCGCAGAATG-1,1,15,37,7570,10164
CCATCCATACCAAGTC-1,1,14,38,7319,10315
AACCCAGAGACGGAGA-1,1,15,39,7575,10456
GAAGAACGGTGCAGGT-1,1,14,40,7324,10607
GATAAATCGGTGGATG-1,1,15,41,7581,10747
CAGCTCGTGCTTGTGT-1,1,14,42,7330,10898
GAGTACGGGTATACAA-1,1,15,43,7587,11039
CATCGCCCGCGGCCAA-1,1,14,44,7336,11190
TCTTACAGAGGTACCG-1,1,15,45,7592,11331
TGGAAGACGAACACCA-1,1,14,46,7341,11481
GTTGTCGTGTTAGTTG-1,1,15,47,7598,11622
CCAAGGAACAGAGAGG-1,1,14,48,7347,11773
CTGCACCTGGAACCGC-1,1,15,49,7604,11914
CGCTTTCATACCGGTG-1,1,14,50,7353,12065
GTTCTTCCCTCGATGT-1,1,15,51,7609,12206
ATTTAACTCGTATTAC-1,1,14,52,7358,12356
AACGATAGAAGGGCCG-1,1,15,53,7615,12497
TATCCTGCATGGGAAT-1,1,14,54,7364,12648
AGGCCCATTGTACAGG-1,1,15,55,7621,12789
CCGGCGCATATTGGAT-1,1,14,56,7370,12939
ATCTGTAATTGTACCC-1,1,15,57,7626,13080
GAGCGAGGGAGTACCG-1,1,14,58,7375,13231
TTATTAGGGAAGCATC-1,1,15,59,7632,13372
CTTCTTACGTCGTATA-1,1,14,60,7381,13523
GAAGTGCTGGATAGCT-1,1,15,61,7637,13664
GTGCAACAAATGTGGC-1,1,14,62,7387,13814
CATGCGTTAGACAGAA-1,1,15,63,7643,13955
ACACACTTTCTACACG-1,1,14,64,7392,14106
AGCCCTAAGCGAAGTT-1,1,15,65,7649,14247
ATTAATTCGGTCACTC-1,1,14,66,7398,14397
AACAGGAAATCGAATA-1,1,15,67,7654,14538
ACGTTTAGTTGTGATC-1,1,14,68,7403,14689
TCCTTCAGTGGTCGAA-1,1,15,69,7660,14830
CGAACGCCCAGTGCCG-1,1,14,70,7409,14981
CCTCGAAGTGGACGGG-1,1,15,71,7666,15122
CTCTGTTTGAGGATTC-1,1,14,72,7415,15272
TGGGCACGTTCTATGG-1,1,15,73,7671,15413
ACTATTCGTCCGTGGT-1,1,14,74,7420,15564
CCTCTGGCCTAGACGG-1,1,15,75,7677,15705
CCATAAACAACCCGAC-1,1,14,76,7426,15856
CATAGTACATTGAGAG-1,1,15,77,7683,15996
ATTTCATTATTTCGCG-1,1,14,78,7432,16147
CAACTATATCGAATGC-1,1,15,79,7688,16288
CTAGTATTCGGAATTA-1,1,14,80,7437,16439
GTGGAACCTACATGCG-1,1,15,81,7694,16580
CCTAAAGGCTGACGCT-1,1,14,82,7443,16730
CGTGACATTGGGTCGT-1,1,15,83,7700,16871
CCAATCGGTAGATCGA-1,1,14,84,7449,17022
ATTGTCGCAATACCTT-1,1,15,85,7705,17163
AAATTACACGACTCTG-1,1,14,86,7454,17314
CACTCCTCTCGGTCGG-1,1,15,87,7711,17454
AAATAACCATACGGGA-1,1,14,88,7460,17605
AGTTACTCTATCGTGG-1,1,15,89,7716,17746
CGTTAGCTCACAACTG-1,1,14,90,7466,17897
GAATGTATGGCAGGTC-1,1,15,91,7722,18038
GCAACCACCAGACCGG-1,1,14,92,7471,18188
TCACTCGTGCAACGGC-1,1,15,93,7728,18329
AAACAGAGCGACTCCT-1,1,14,94,7477,18480
CAGCCTCTCCTCAAGA-1,1,15,95,7733,18621
TTGCGTGAACGCTTAG-1,1,14,96,7482,18772
CCGCCTGCGAATTGGT-1,1,15,97,7739,18913
AGATGAGGGTTGCGAT-1,1,14,98,7488,19063
CGGTGGGCTCCAGCCT-1,1,15,99,7745,19204
GGCAGCGGTAATCCTA-1,1,14,100,7494,19355
GCTAGCAGGGAGTGGG-1,1,15,101,7750,19496
CTCAAGACATTAGCGC-1,1,14,102,7499,19646
CACGGCGCGCCAAAGG-1,1,15,103,7756,19787
TGCAATTTGGGCACGG-1,1,14,104,7505,19938
ATGCCAATCGCTCTGC-1,1,15,105,7762,20079
GCTGGACCCAAAGTGG-1,1,14,106,7511,20230
ATTCCTAAGACGTGGA-1,1,15,107,7767,20371
TCCGGAGGAAGGGCTG-1,1,14,108,7516,20521
TCGGTGACCGCTCCGG-1,1,15,109,7773,20662
TCCGAAGTAGTCACCA-1,1,14,110,7522,20813
CATGTAGGAGCGCCAA-1,1,15,111,7779,20954
CACAAGAAAGATATTA-1,1,14,112,7528,21105
AGGGTCAGTAACCCTA-1,1,15,113,7784,21245
TAAGCCCTTACGACCA-1,1,14,114,7533,21396
ATACCGTCATCCATAA-1,1,15,115,7790,21537
GGACGTCCATAGTTGG-1,1,14,116,7539,21688
CATCAAACTGGCGCCC-1,1,15,117,7795,21829
AAACGTGTTCGCCCTA-1,1,14,118,7545,21979
AAATTGGTGAGAAGCA-1,1,15,119,7801,22120
GGTCATTGTAGTCATA-1,1,14,120,7550,22271
TGCAGTGAGGCTCGGG-1,1,15,121,7807,22412
GAACATTAGTATGTTA-1,1,14,122,7556,22563
GGTTTGCGAACACGTA-1,1,15,123,7812,22703
ACACAAATATTCCTAG-1,1,14,124,7562,22854
TTGGGTTTATTCAGCG-1,1,15,125,7818,22995
ATTCGCAGAGGACACT-1,1,14,126,7567,23146
GATTTAGTGCGTACTG-1,1,15,127,7824,23287
TAGAAACACAATAGTG-1,1,16,0,7719,4765
CAGTAGATGATGTCCG-1,1,17,1,7976,4905
TCTTAACTCGGATGTA-1,1,16,2,7725,5056
TACATCTTGTTTCTTG-1,1,17,3,7981,5197
TTCATAGGGTGTCCAT-1,1,16,4,7730,5348
TGAAGTAGCTTACGGA-1,1,17,5,7987,5489
GCACAAGTGGATCATA-1,1,16,6,7736,5639
GGGCGAATTTCTCCAC-1,1,17,7,7992,5780
ATGTTCCTGCCCACCT-1,1,16,8,7742,5931
GCTCAACCTCTTAGAG-1,1,17,9,7998,6072
ATAGCTGCTCTTGTTA-1,1,16,10,7747,6223
CGTCAGCTATTTACTC-1,1,17,11,8004,6363
ATCTGATAGTGTCTTA-1,1,16,12,7753,6514
TGCACTATGTGAGTGC-1,1,17,13,8009,6655
CCGACAAACACATGAG-1,1,16,14,7759,6806
GCCTTGTATATGCAGT-1,1,17,15,8015,6947
ATAATACCGTTAGCCG-1,1,16,16,7764,7097
ACACTCCAATGTCACT-1,1,17,17,8021,7238
AGTTGCTGACTGATAT-1,1,16,18,7770,7389
GGCGCTCCTCATCAAT-1,1,17,19,8026,7530
TGCCTGACATCGGTCA-1,1,16,20,7775,7681
TTGGCCATCTTGCGCT-1,1,17,21,8032,7822
CAGTGGTTGCACATGA-1,1,16,22,7781,7972
AGAATTGTTTGACATA-1,1,17,23,8038,8113
AAATGCTCGTTACGTT-1,1,16,24,7787,8264
CACCTAATAGAGTCGT-1,1,17,25,8043,8405
CATTTCTAGCAGACTA-1,1,16,26,7792,8555
CCGAAAGTGGTGAGCA-1,1,17,27,8049,8696
AGTCAGCCACCGCCTG-1,1,16,28,7798,8847
TCATCACTCGAGCTCG-1,1,17,29,8055,8988
CTCAGGACTCACCTGT-1,1,16,30,7804,9139
CGGTGTACTTGATCCC-1,1,17,31,8060,9280
CCTACGGCTCAGTCGA-1,1,16,32,7809,9430
GTACTTGGGCACTTCT-1,1,17,33,8066,9571
TGATTTCCTCCTGACG-1,1,16,34,7815,9722
CCTCACCAATCTTGAC-1,1,17,35,8071,9863
GGTGAGATGCAGATAA-1,1,16,36,7821,10014
GCTAGTTTCATTGAGG-1,1,17,37,8077,10154
AGGACATCGCACGTCG-1,1,16,38,7826,10305
GTGGACGTGCTGAGAC-1,1,17,39,8083,10446
TAAGGAACTTGTGGGA-1,1,16,40,7832,10597
TCGCTGTGCGTAAATC-1,1,17,41,8088,10738
GCATCCCTAACTTTGA-1,1,16,42,7838,10888
CACCCACACGTCACCC-1,1,17,43,8094,11029
CCCTCATTCTGGAATT-1,1,16,44,7843,11180
AGGGCGTGATCGGCTA-1,1,17,45,8100,11321
GGTGCGGATAAGTGGC-1,1,16,46,7849,11472
TAATATTGAAATTCGC-1,1,17,47,8105,11612
CTTACACTGGGAAATA-1,1,16,48,7854,11763
ACCAAGAACGCGTGTC-1,1,17,49,8111,11904
GCCTTCAGCCCTACCG-1,1,16,50,7860,12055
GATGCTACAAGCGCCT-1,1,17,51,8117,12196
CCGGGACCCGCAGAGA-1,1,16,52,7866,12346
GTTCCAGTCTGACCAT-1,1,17,53,8122,12487
ATGATCGGGAATAGAC-1,1,16,54,7871,12638
TTGGATTGGGTACCAC-1,1,17,55,8128,12779
TACCTCACGCTTGTAC-1,1,16,56,7877,12930
CATGGCAGGAAGATCG-1,1,17,57,8134,13071
ATGACGCCGGCTCTAA-1,1,16,58,7883,13221
AGCGACATCCCATTCA-1,1,17,59,8139,13362
AGTAATGTCTTGCCGC-1,1,16,60,7888,13513
TTCTTAGTGGCTCAGA-1,1,17,61,8145,13654
CGTCTGGAAGGGCCCG-1,1,16,62,7894,13804
ACGTGCGCCTCGTGCA-1,1,17,63,8150,13945
AGAGCGGGCTAATCAT-1,1,16,64,7900,14096
GCGTCGAAATGTCGGT-1,1,17,65,8156,14237
AACTGATATTAGGCCT-1,1,16,66,7905,14388
CGAGCTGGGCTTTAGG-1,1,17,67,8162,14529
GGGTGTTTCAGCTATG-1,1,16,68,7911,14679
TTAATTTCAGACGCGG-1,1,17,69,8167,14820
ACTGCCGTCGTAACTC-1,1,16,70,7917,14971
GTGCACGAAAGTGACT-1,1,17,71,8173,15112
ATCTCCCTGCAATCTA-1,1,16,72,7922,15263
ACGCCAGATGATTTCT-1,1,17,73,8179,15403
AGCTATTTAATCCAAC-1,1,16,74,7928,15554
CCACGAGAAGAGAATC-1,1,17,75,8184,15695
GATTCCGCGTTTCCGT-1,1,16,76,7933,15846
GTCGGATGTAGCGCGC-1,1,17,77,8190,15987
TATTTATACCGAGTAG-1,1,16,78,7939,16137
GTAGGTGATCCGTGTA-1,1,17,79,8196,16278
AGTTAAGCGGTCCCGG-1,1,16,80,7945,16429
CTGGCGACATAAGTCC-1,1,17,81,8201,16570
TTGGCCTAGAATTTCG-1,1,16,82,7950,16721
GGCATATCGGTTCTGC-1,1,17,83,8207,16861
GGGCGTCCACTGGCTC-1,1,16,84,7956,17012
TTACCCATTGCCGGGT-1,1,17,85,8213,17153
TTAGACACGATCGTTG-1,1,16,86,7962,17304
GCGCTGATCCAGACTC-1,1,17,87,8218,17445
TTCGGCAACCCGCTGA-1,1,16,88,7967,17595
GATATTTCCTACATGG-1,1,17,89,8224,17736
CTGCGTTACGATATAA-1,1,16,90,7973,17887
TAATAAACAAGGAGAT-1,1,17,91,8229,18028
AACCTTTACGACGTCT-1,1,16,92,7979,18179
AGTCCCGCCTTTAATT-1,1,17,93,8235,18320
TGAGATTAGGCCCTAA-1,1,16,94,7984,18470
AGTGTATTGCGCATTG-1,1,17,95,8241,18611
GTTGGATTCAGTGGCT-1,1,16,96,7990,18762
TAAAGCTGCAATAGGG-1,1,17,97,8246,18903
AGTAGGAAGGAAGTTG-1,1,16,98,7996,19053
TATCACTTCGAGTAAC-1,1,17,99,8252,19194
TGATCTACGCTGATCT-1,1,16,100,8001,19345
GGATCATCCCGTACGC-1,1,17,101,8258,19486
TGACACTTCTCTTTGC-1,1,16,102,8007,19637
AGCCCTTCTAATCCGA-1,1,17,103,8263,19778
CACCGCGTCCACTCTA-1,1,16,104,8012,19928
TAATTGGAATCGGGAA-1,1,17,105,8269,20069
TCGTAAGCTCCGAGGA-1,1,16,106,8018,20220
TATATTACAAATGTCG-1,1,17,107,8275,20361
CGCGAGAGGGACTTGT-1,1,16,108,8024,20512
GGACCTACGGTAACGT-1,1,17,109,8280,20652
GAAATATGCTTGAATG-1,1,16,110,8029,20803
CCGTATTAGCGCAGTT-1,1,17,111,8286,20944
AGGCGTCTATGGACGG-1,1,16,112,8035,21095
AACATCGATACGTCTA-1,1,17,113,8292,21236
TGAATATGCTATAAAC-1,1,16,114,8041,21386
ACCAAACACCCAGCGA-1,1,17,115,8297,21527
TGGCTTGTACAAGCTT-1,1,16,116,8046,21678
GAATGAAGGTCTTCAG-1,1,17,117,8303,21819
AGATACCAGCACTTCA-1,1,16,118,8052,21970
GCGGTCCCGGTGAAGG-1,1,17,119,8308,22110
GAGGCATTTGCAGCAG-1,1,16,120,8058,22261
GGCAAGCCAGGGATAG-1,1,17,121,8314,22402
TCTACGGGCTCAGTTG-1,1,16,122,8063,22553
TCTGCGAATCGTTCGC-1,1,17,123,8320,22694
AGCTCGTTGATGGAAA-1,1,16,124,8069,22844
TGAATGAGATACAGCA-1,1,17,125,8325,22985
ACCCTTGCCTGGGTCG-1,1,16,126,8075,23136
GGCGAACCGTTCTGAT-1,1,17,127,8331,23277
GCGATGTCTGTGCTTG-1,1,18,0,8226,4755
ATTAACACCTGAGATA-1,1,19,1,8483,4896
GAAATCTGACCAAGTT-1,1,18,2,8232,5046
CCTGACAAACTCGCGC-1,1,19,3,8489,5187
ATGTCATTTCCCATTG-1,1,18,4,8238,5338
GCGGTGCGGAGCATCG-1,1,19,5,8494,5479
CGGAAAGCAAATGTGC-1,1,18,6,8243,5630
GCTGAGCAACGGTTCT-1,1,19,7,8500,5770
TCACTCTTCGTCTGTC-1,1,18,8,8249,5921
GATCTTCATTGTCCTC-1,1,19,9,8506,6062
ACTCGATGTATTTCAT-1,1,18,10,8255,6213
TGAAGAGCGGTCCTAG-1,1,19,11,8511,6354
TAAACGTCGTCAATGA-1,1,18,12,8260,6504
ACGTTATTGGTCACTC-1,1,19,13,8517,6645
ATAGCCTCAGTACCCA-1,1,18,14,8266,6796
CGGGAGTATACCGCCG-1,1,19,15,8522,6937
GTCCTACAGGCGGCTC-1,1,18,16,8272,7088
CGGATAAGCGGACATG-1,1,19,17,8528,7228
AACTTCTGCGTCTATC-1,1,18,18,8277,7379
GGGTTCAGACGAACAA-1,1,19,19,8534,7520
AGTCTGGACATCCTTG-1,1,18,20,8283,7671
TTGAACGAATCCTTTG-1,1,19,21,8539,7812
GAAATACTAAACGTTT-1,1,18,22,8289,7962
CCCGCGCAATGCACCC-1,1,19,23,8545,8103
TTCGGCTAGAGATGGT-1,1,18,24,8294,8254
GACACGAGTTAGAGGA-1,1,19,25,8551,8395
GAGGTCCCAAAGATCT-1,1,18,26,8300,8546
TAACTCCATGGAGGCT-1,1,19,27,8556,8687
CTTGTTTATGTAGCCA-1,1,18,28,8305,8837
GATGGCGCACACATTA-1,1,19,29,8562,8978
ATAATAGTGTAGGGAC-1,1,18,30,8311,9129
CGCTATTCAATGTATG-1,1,19,31,8568,9270
ATATTGCTGTCAAAGT-1,1,18,32,8317,9420
GGATTCAGTACGGTGG-1,1,19,33,8573,9561
TTCTTAGTGAACGGTG-1,1,18,34,8322,9712
AATGGTTCTCACAAGC-1,1,19,35,8579,9853
TATACACGCAAAGTAT-1,1,18,36,8328,10004
CTTCATAGCTCAAGAA-1,1,19,37,8585,10145
CAACGGTTCTTGATAC-1,1,18,38,8334,10295
ACACCCGAGAAATCCG-1,1,19,39,8590,10436
TCTATCATGCAGTTAC-1,1,18,40,8339,10587
CCCGCCATGCTCCCGT-1,1,19,41,8596,10728
CGCTTCCACTGAAATC-1,1,18,42,8345,10879
CACTGTCCAAGTGAGA-1,1,19,43,8601,11019
ATTACTAGCCTCTTGC-1,1,18,44,8351,11170
CATAGTAGCATAGTAG-1,1,19,45,8607,11311
CAACTCCTTGATCCCG-1,1,18,46,8356,11462
AAGTAGAAGACCGGGT-1,1,19,47,8613,11603
GCGGGAACCAGGCCCT-1,1,18,48,8362,11753
ATTAGATTGATAGCGG-1,1,19,49,8618,11894
CTCGGTCCGTAGCCTG-1,1,18,50,8368,12045
TGGCTTTGGGTAGACA-1,1,19,51,8624,12186
TATCCATATCATGCGA-1,1,18,52,8373,12337
GGAGTGCCGCCCTGGA-1,1,19,53,8630,12477
TGAGAATGCTTTACCG-1,1,18,54,8379,12628
TTAACCAACCCTCCCT-1,1,19,55,8635,12769
TGTTTCGGTACTTCTC-1,1,18,56,8384,12920
TTGCTGAAGGAACCAC-1,1,19,57,8641,13061
TATTTAGTCTAGATCG-1,1,18,58,8390,13211
CTCCGGCCTAATATGC-1,1,19,59,8647,13352
TTGTGGCCCTGACAGT-1,1,18,60,8396,13503
TCGCCGGTCGATCCGT-1,1,19,61,8652,13644
CCATAGGTTGGCGTGG-1,1,18,62,8401,13795
GAACGACCGAATGATA-1,1,19,63,8658,13936
TCCGATAATTGCCATA-1,1,18,64,8407,14086
CATTACGTCGGCCCGT-1,1,19,65,8664,14227
CAAGCACCAAATGCCT-1,1,18,66,8413,14378
TGCATGGATCGGATCT-1,1,19,67,8669,14519
GAAATCGCGCGCAACT-1,1,18,68,8418,14669
CTGAAAGAGATCCGAC-1,1,19,69,8675,14810
CACCTCGATGGTGGAC-1,1,18,70,8424,14961
ATTTGTTCCAGGGCTC-1,1,19,71,8680,15102
TGGGCCACAAGAGCGC-1,1,18,72,8430,15253
CCTTCTTGATCCAGTG-1,1,19,73,8686,15394
CCTCGCCAGCAAATTA-1,1,18,74,8435,15544
TTCATGGCGCAACAGG-1,1,19,75,8692,15685
TTAATCAGTACGTCAG-1,1,18,76,8441,15836
CCTATCTATATCGGAA-1,1,19,77,8697,15977
ATTATACTTTGCTCGT-1,1,18,78,8447,16128
ATGGATCCGGCGTCCG-1,1,19,79,8703,16268
CGCCCGCTTCCGTACA-1,1,18,80,8452,16419
GGATTCCGCTATACCC-1,1,19,81,8709,16560
CGGTCTATCAACCCGT-1,1,18,82,8458,16711
ATGCCGGTTGATGGGA-1,1,19,83,8714,16852
TCATGCAGGTTCTCAT-1,1,18,84,8463,17002
TGAGCTTTAATGACGC-1,1,19,85,8720,17143
TCCCTTAGATTACTCG-1,1,18,86,8469,17294
ATATCTCCCTCGTTAA-1,1,19,87,8726,17435
AGCTCTTCCCAGTGCA-1,1,18,88,8475,17586
TCGCTAAACCGCTATC-1,0,19,89,8731,17726
CACATTCTTTCGATGG-1,1,18,90,8480,17877
GATATGCGGTAGCCAA-1,1,19,91,8737,18018
CGTTTCACTTCGGGCG-1,1,18,92,8486,18169
CCAATTACGGGTCGAG-1,1,19,93,8743,18310
GCAGGTAGAGTATGGT-1,1,18,94,8492,18460
GTCGTATTGGCGTACA-1,1,19,95,8748,18601
GAAATTAGCACGGATA-1,1,18,96,8497,18752
AATGCACCAAGCAATG-1,1,19,97,8754,18893
AGGACGCTCGATGTTG-1,1,18,98,8503,19044
GGCTAAAGGGCGGGTC-1,1,19,99,8759,19185
CATCTATCCCGTGTCT-1,1,18,100,8509,19335
CAGTAACTATTTATTG-1,1,19,101,8765,19476
CATATACTACTGATAA-1,1,18,102,8514,19627
GCGTTCGGAGACCGGG-1,1,19,103,8771,19768
AAGTTCAGTCTGCGTA-1,1,18,104,8520,19918
CGAAGCTATAAATTCA-1,1,19,105,8776,20059
CGCGGTCACAAACCAA-1,1,18,106,8526,20210
GGGAATGAGCCCTCAC-1,1,19,107,8782,20351
ACGGAGCGCAAATTAC-1,1,18,108,8531,20502
CGTTCTTCGCACACCT-1,1,19,109,8788,20643
GAATAGCCCTGCGGTC-1,1,18,110,8537,20793
AATAGCTACCGCGTGC-1,1,19,111,8793,20934
CCGAGCTGTGCTTGTC-1,1,18,112,8542,21085
GATGACGATGATCGCG-1,1,19,113,8799,21226
GCCTATGCTGGGCCTT-1,1,18,114,8548,21377
TTACTGTCTAGAGCTC-1,1,19,115,8805,21517
AGCGGTTGCCGCTCTG-1,1,18,116,8554,21668
GCTTGCAGCACAATTG-1,1,19,117,8810,21809
CCGGAGGTCTTATGGT-1,1,18,118,8559,21960
ACAGTATACCGTGGGA-1,1,19,119,8816,22101
GGGATCCCAATACAAA-1,1,18,120,8565,22251
ATTACGACTCCACAGT-1,1,19,121,8822,22392
CTCACACGCAAGCCTA-1,1,18,122,8571,22543
CCAGATGTAAATGGGT-1,1,19,123,8827,22684
GAACTTGTGCACGGGA-1,1,18,124,8576,22835
AAGCCGCTTTACCTTG-1,1,19,125,8833,22975
TCCATTCCCACTAGAG-1,1,18,126,8582,23126
AGAGCGCTTGTAACGG-1,1,19,127,8838,23267
TGGGTTCCCGGACGGA-1,1,20,0,8734,4745
GCTGCGCCTCCCACGT-1,1,21,1,8990,4886
CTGTTGGCTCTTCTGA-1,1,20,2,8739,5037
TTGTTCTAGATACGCT-1,1,21,3,8996,5177
CCCTCAAGCTCTTAGT-1,1,20,4,8745,5328
TGGTCTAGCTTACATG-1,1,21,5,9002,5469
ATGCACCTTCCTTAAT-1,1,20,6,8751,5620
GGGATACGGTAATAAT-1,1,21,7,9007,5761
AGTTCACCGGTTGGAC-1,1,20,8,8756,5911
GACATACTGTCGCAGA-1,1,21,9,9013,6052
TGGACACCGTTGCTTG-1,1,20,10,8762,6203
TGCGATGCTAATGGCT-1,1,21,11,9019,6344
TTCTGTTTCCTGTCGC-1,1,20,12,8768,6495
CGTTGTAAACGTCAGG-1,1,21,13,9024,6635
GATCGGCGATAAGTCG-1,1,20,14,8773,6786
AGCCTTAAAGCGGAAG-1,1,21,15,9030,6927
TCCGTAACCACAATCC-1,1,20,16,8779,7078
GAATGCCGAAATGACC-1,1,21,17,9035,7219
TATACTCATGCGGCAA-1,1,20,18,8785,7369
TAGTGTCAGAAACGGC-1,1,21,19,9041,7510
CGTCATACCATATCCA-1,1,20,20,8790,7661
TAGTACCTTAGTGGTC-1,1,21,21,9047,7802
CTGGCGGGAATAAGTA-1,1,20,22,8796,7953
AGTGTGGTCTATTGTG-1,1,21,23,9052,8094
GCTATCGCGGCGCAAC-1,1,20,24,8802,8244
CAGTAATCCCTCCCAG-1,1,21,25,9058,8385
GTATTAAGGCGTCTAA-1,1,20,26,8807,8536
CTAATTTCAACAACAC-1,1,21,27,9064,8677
TTAGCAACATGGATGT-1,1,20,28,8813,8827
ATGCTCAGTGTTGCAT-1,1,21,29,9069,8968
GATGTTTGTGCGAGAT-1,1,20,30,8818,9119
CACTTCGCCACAGGCT-1,1,21,31,9075,9260
CTGTATGGTGTAGAAA-1,1,20,32,8824,9411
TACGTGCACTATGCTG-1,1,21,33,9081,9552
GTATCAGCTTGGGTTC-1,1,20,34,8830,9702
TAACAAAGGGAGAAGC-1,1,21,35,9086,9843
TTACATCGTGGCCTGG-1,1,20,36,8835,9994
TCTGAACCGGTCGGCT-1,1,21,37,9092,10135
GGCTCGTGCCACCAGC-1,1,20,38,8841,10285
TATAAGTGAGGATAGC-1,1,21,39,9098,10426
GCCCGCGCGTTTGACA-1,1,20,40,8847,10577
TGCTGGTTGGACAATT-1,1,21,41,9103,10718
GCCTAGCGATCTGACC-1,1,20,42,8852,10869
CCATGCTCTGCAGGAA-1,1,21,43,9109,11010
TATAAATCCACAAGCT-1,1,20,44,8858,11160
CGCTCGACATAATGAT-1,1,21,45,9115,11301
CCAATTGAATGTTAAT-1,1,20,46,8864,11452
GCTAATACCGAATGCC-1,1,21,47,9120,11593
TTCAACGACCCGACCG-1,1,20,48,8869,11744
TTCCTCGAGGGTGTCT-1,1,21,49,9126,11884
CAACGACCCGTTTACA-1,1,20,50,8875,12035
CTTGTACTTGTTGACT-1,1,21,51,9131,12176
TCTCTAATAGCTGGTA-1,1,20,52,8881,12327
ATTATGCCATAGGGAG-1,1,21,53,9137,12468
GACAACGCAGCTTACG-1,1,20,54,8886,12618
AGATGACTCGCCCACG-1,1,21,55,9143,12759
GTGCGGGTCTCCAAAT-1,1,20,56,8892,12910
GTACGAGATTGCGACA-1,1,21,57,9148,13051
GTATAGGACTCAGTAG-1,1,20,58,8897,13202
TTGCACGGAGCAGCAC-1,1,21,59,9154,13342
CACAGCTAGGGAGTGA-1,1,20,60,8903,13493
ATACTAGCATGACCCT-1,1,21,61,9160,13634
CCAAGACTTCTGCGAA-1,1,20,62,8909,13785
ACATAATAAGGCGGTG-1,1,21,63,9165,13926
TAATACACAGTAGTAT-1,1,20,64,8914,14076
TCTTGGTAACACCAAA-1,1,21,65,9171,14217
AACTGGGTCCCGACGT-1,1,20,66,8920,14368
ATCACTTCATCCTCGC-1,1,21,67,9177,14509
TGGAAGGATAAAGATG-1,1,20,68,8926,14660
CATGATGCACAATTCT-1,1,21,69,9182,14801
TGCCTGATCAAACGAT-1,1,20,70,8931,14951
ATAGGGATATCCTTGA-1,1,21,71,9188,15092
CACCTAATCAGTTTAC-1,1,20,72,8937,15243
TGTGACTACGCCAGTC-1,1,21,73,9194,15384
CCCGACCATAGTCCGC-1,1,20,74,8943,15534
CGCGCCCGACTTAATA-1,1,21,75,9199,15675
TGCCACCTGGCGAAAC-1,1,20,76,8948,15826
CTGCCAAGGTTGGAAG-1,1,21,77,9205,15967
TCTCCAACGTAGGTTA-1,1,20,78,8954,16118
TTCTTGGAGTAATGAG-1,1,21,79,9210,16259
GTCTCGATCTGCTTTC-1,1,20,80,8960,16409
TACTCTCCGAACAAAT-1,1,21,81,9216,16550
ATCACATTAGAATATC-1,1,20,82,8965,16701
TACGGGATGCTAGCAG-1,1,21,83,9222,16842
AGCTGAAGTAAACCAA-1,1,20,84,8971,16993
CATGGGTCGGGTGTGG-1,1,21,85,9227,17133
CACCCACGAGGCAATT-1,1,20,86,8976,17284
TGCCATTACTAAAGAA-1,1,21,87,9233,17425
CCGTTACGTTAGAACA-1,0,20,88,8982,17576
GCCAGGAGTAACCGAT-1,0,21,89,9239,17717
GGAAAGTGCCCATGCC-1,0,20,90,8988,17867
TCTTACCGGAACTCGT-1,0,21,91,9244,18008
TATGTCAAGACCGACT-1,0,20,92,8993,18159
CCTAACTAAGGCTCTA-1,0,21,93,9250,18300
GCGGTGAACTGCGCTC-1,1,20,94,8999,18451
CCTCGCGCGATATAGG-1,0,21,95,9256,18591
ATCGGCAAGCAGTCCA-1,1,20,96,9005,18742
AGATCGTGCATAAGAT-1,1,21,97,9261,18883
ATTCAGGACCTATTTC-1,1,20,98,9010,19034
AGCTAGAAGCAGAAGT-1,1,21,99,9267,19175
TTCGCTATCTGACGTG-1,1,20,100,9016,19325
TTCCGCAGAGAAATAT-1,1,21,101,9273,19466
CAGTACATTCTCTAAA-1,1,20,102,9022,19617
GTGAAGATTTCAAGTG-1,1,21,103,9278,19758
AACGCATGATCTGGGT-1,1,20,104,9027,19909
CCCAGAGGAGGGCGTA-1,1,21,105,9284,20050
GGAAACCTTGTTGAAT-1,1,20,106,9033,20200
GTGAAGCCGTATAGTC-1,1,21,107,9289,20341
GAGCTGTCGTCTCGGA-1,1,20,108,9039,20492
TGTCATTTGTTGGGAA-1,1,21,109,9295,20633
ACCAACACCACACACT-1,1,20,110,9044,20783
AAATGATTCGATCAGC-1,1,21,111,9301,20924
CTGCTTTATGTCCGCG-1,1,20,112,9050,21075
GCGAGAGGCCATGTAA-1,1,21,113,9306,21216
ATTGACCGGCGATGAC-1,1,20,114,9055,21367
ACCCTGGTAACGCCCT-1,1,21,115,9312,21508
GTTGGACCGCATCAGG-1,1,20,116,9061,21658
CGTTTACAAGGCAGCT-1,1,21,117,9318,21799
CGGTCCATGAGACTCC-1,1,20,118,9067,21950
GTTCGTCTGGGTCCCT-1,1,21,119,9323,22091
TGTACTACTCTCACGG-1,1,20,120,9072,22242
AGTGAAGATGGTGTCC-1,1,21,121,9329,22382
GAGGGCCATAATATTA-1,1,20,122,9078,22533
ACTCCCGTAGACTAGG-1,1,21,123,9335,22674
CGTCAAATGGTCGCAG-1,1,20,124,9084,22825
AAGTCTAGTAGCTGCC-1,1,21,125,9340,22966
AAGAAATCACCAGATT-1,1,20,126,9089,23116
GAGTGCACGGACAACA-1,1,21,127,9346,23257
GTTCAAATCAGATGTC-1,1,22,0,9241,4735
CATGGCTCCCTATGTC-1,1,23,1,9498,4876
GGCCACACGAAAGCCT-1,1,22,2,9247,5027
GAAGCCGGGTAAGCTC-1,1,23,3,9503,5168
TTGCGCTCTCTCGCTT-1,1,22,4,9253,5318
TACATGACCTTATCCG-1,1,23,5,9509,5459
GTCCTTCTACAACCCA-1,1,22,6,9258,5610
TATATGCTGGGTTGCC-1,1,23,7,9515,5751
GTTTATGGGATTTAGA-1,1,22,8,9264,5902
GGAACCCGAACAAGAA-1,1,23,9,9520,6042
AACGTTATCAGCACCT-1,1,22,10,9269,6193
CATCGTCCGGTTACTA-1,1,23,11,9526,6334
AGACAGCTCAGAATCC-1,1,22,12,9275,6485
GCAGATCCTCGCAAAT-1,1,23,13,9532,6626
GGGTCATGCGTACCAT-1,1,22,14,9281,6776
CTGGTCATTCCAATCC-1,1,23,15,9537,6917
TCAGGGCGCAAACTCG-1,1,22,16,9286,7068
GATGCCAGCAGAAGGC-1,1,23,17,9543,7209
GTTATTAACGTGGGAG-1,1,22,18,9292,7360
AATACAATGTTTCAGG-1,1,23,19,9549,7500
TTGCTGCACCTATCCA-1,1,22,20,9298,7651
CCAGAGACAAAGCCGG-1,1,23,21,9554,7792
CCGAAGTATATTGTTC-1,1,22,22,9303,7943
GCTAAACCTGAGGTGA-1,1,23,23,9560,8084
TCATACTTACAGATCC-1,1,22,24,9309,8234
CGAGCACTTCAAGTTT-1,1,23,25,9565,8375
TAGCAACCTGTCACAA-1,1,22,26,9315,8526
TGGGAAATGCCTTTCC-1,1,23,27,9571,8667
AGACCATGGGATACAA-1,1,22,28,9320,8818
TAAATGAATCCGTTTC-1,1,23,29,9577,8959
ACAACGGTCCCTGCGA-1,1,22,30,9326,9109
GTCACTCTCCAAATCT-1,1,23,31,9582,9250
TTCTACTTGCGAGGGC-1,1,22,32,9332,9401
CGCAATTACTTTCGGT-1,1,23,33,9588,9542
CTGTTCATCTCACGGG-1,1,22,34,9337,9692
TTCTTGTAACCTAATG-1,1,23,35,9594,9833
GCTTGATGATAATCAG-1,1,22,36,9343,9984
TTGGCTCGCATGAGAC-1,1,23,37,9599,10125
GCCCAGTTGGTATGCC-1,1,22,38,9348,10276
ATTCCTCCGCCAGTGC-1,1,23,39,9605,10417
TCGTCCGCTGGCGTCT-1,1,22,40,9354,10567
GGAGAAGTCATTGGCA-1,1,23,41,9611,10708
TTGTTAGCAAATTCGA-1,1,22,42,9360,10859
TCTAGCATCTTCGATG-1,1,23,43,9616,11000
TTCTAGGCCAATTGTG-1,1,22,44,9365,11151
TCACGGTCATCGCACA-1,1,23,45,9622,11291
ATGAAGCCAAGGAGCC-1,1,22,46,9371,11442
AATGACTGTCAGCCGG-1,1,23,47,9628,11583
CCAAACAGAACCCTCG-1,1,22,48,9377,11734
TATCGATGATTAAACG-1,1,23,49,9633,11875
GAACACACATCAACCA-1,1,22,50,9382,12025
CCCGTCAGCGTCTGAC-1,1,23,51,9639,12166
AGCATCGTCGATAATT-1,1,22,52,9388,12317
GACTAAGATCATGCAC-1,1,23,53,9644,12458
TAGGGTGTTTCAAGAG-1,1,22,54,9394,12609
TGGTTCGTAGCAAAGG-1,1,23,55,9650,12749
CTGTTCACTGCCTGTG-1,1,22,56,9399,12900
ATGTGCATCCGACGCA-1,1,23,57,9656,13041
TTGTCGTTCAGTTACC-1,1,22,58,9405,13192
CGGGATCAATGTAAGA-1,1,23,59,9661,13333
TTATCTGTATCATAAC-1,1,22,60,9411,13483
ATCGACTCTTTCCGTT-1,1,23,61,9667,13624
CTCATTTGATGGGCGG-1,1,22,62,9416,13775
GTAAGCGGGCAGTCAG-1,1,23,63,9673,13916
TCTATCGGTCGCAACA-1,1,22,64,9422,14067
AACGCGGTCTCCAGCC-1,1,23,65,9678,14208
ATTAATACTACGCGGG-1,1,22,66,9427,14358
CTTTAACTTTCAAAGG-1,1,23,67,9684,14499
CGTACCTGATAGGCCT-1,1,22,68,9433,14650
GAATGTTGGGTAATCT-1,1,23,69,9690,14791
TGCGGAGTAAAGGTGC-1,1,22,70,9439,14941
CCTGAATATTTACATA-1,1,23,71,9695,15082
TTGCTCCCATACCGGA-1,1,22,72,9444,15233
CCTCTAATCTGCCAAG-1,1,23,73,9701,15374
AGGTTGAGGCACGCTT-1,1,22,74,9450,15525
TCCCGTCAGTCCCGCA-1,1,23,75,9707,15666
TCCGATGACTGAGCTC-1,1,22,76,9456,15816
CAGCCTCCTGCAGAGG-1,1,23,77,9712,15957
CTTAGCCTTCCACATG-1,1,22,78,9461,16108
ATTAATGAACCAGTCG-1,1,23,79,9718,16249
ACGATACATAGAACTA-1,1,22,80,9467,16399
AGCCACTCCCGTGCTT-1,1,23,81,9723,16540
ATACGGGTTTCGATTG-1,1,22,82,9473,16691
CTGTCAAATGGCTCGG-1,1,23,83,9729,16832
GCTCGGAATTTAAAGC-1,1,22,84,9478,16983
TAGGCATGTTACGCCA-1,1,23,85,9735,17124
TGGCAACTCGCGCGCC-1,1,22,86,9484,17274
ATCAGTAGGCAGGGAT-1,1,23,87,9740,17415
TATCGATCTATGCATA-1,1,22,88,9490,17566
CGACTCAGGATGTTAT-1,1,23,89,9746,17707
GCCATATTGCACACAG-1,1,22,90,9495,17858
AATTCATAAGGGATCT-1,1,23,91,9752,17998
CGGTAGAGGTGCAGGT-1,0,22,92,9501,18149
AATGATGATACGCTAT-1,0,23,93,9757,18290
CTTGTGCTCACCGATT-1,0,22,94,9506,18441
TTCCAATCAGAGCTAG-1,1,23,95,9763,18582
CGATGGACCCTACGCC-1,1,22,96,9512,18732
GGTCGGATAAACGGCG-1,1,23,97,9769,18873
TTAGCTAATACGATCT-1,1,22,98,9518,19024
CTCGATATTTGCGAGC-1,1,23,99,9774,19165
ATTACTTACTGGGCAT-1,1,22,100,9523,19316
CTAGCCGATGTTATGA-1,1,23,101,9780,19456
TACTGCAATCAATTAC-1,1,22,102,9529,19607
TAGTCTGTGACGTTGC-1,1,23,103,9786,19748
CTCGTTTCTAATGTTT-1,1,22,104,9535,19899
TTCGTTCAACGAAGTT-1,1,23,105,9791,20040
CTGAATTTATTGCCAG-1,1,22,106,9540,20190
TGGAATATCCTTGACC-1,1,23,107,9797,20331
CAGATCATTTAAAGTC-1,1,22,108,9546,20482
CTCCTTTACGCAAGTC-1,1,23,109,9802,20623
TCCCAAACAGACAACG-1,1,22,110,9552,20774
ATCGCTGCGTGCAGCA-1,0,23,111,9808,20915
TTAGTTCAAGTGTTCG-1,0,22,112,9557,21065
AAACTCGTGATATAAG-1,1,23,113,9814,21206
TTAACGAACAAGCAGT-1,1,22,114,9563,21357
GTTATATCAGGAGCCA-1,1,23,115,9819,21498
CAAATTGGATTATGCC-1,1,22,116,9569,21648
CGAGGAGCTTCCATAT-1,1,23,117,9825,21789
GGAGACCAATGTGCTT-1,1,22,118,9574,21940
CATTGATGAACACGCC-1,1,23,119,9831,22081
GTCAATGCTATAATTT-1,1,22,120,9580,22232
ACCACCCTCTCTTCTA-1,1,23,121,9836,22373
TGGAGGGAAACACCTC-1,1,22,122,9585,22523
CACGGACGTGGATGGC-1,1,23,123,9842,22664
AACTTTCTCGATCATG-1,1,22,124,9591,22815
CGTATTGTTTCCTAAT-1,1,23,125,9848,22956
CCTACTGCGGCGGCCA-1,1,22,126,9597,23107
CTTAGGTCCCAATCGT-1,1,23,127,9853,23247
CGCAATCGATCATTAG-1,1,24,0,9749,4725
TGGTTATGCTTGCGGT-1,1,25,1,10005,4866
GGCTTGGCTCTCACCT-1,1,24,2,9754,5017
ATTGGTAGGATCCGCT-1,1,25,3,10011,5158
TCAGGGCGACTTCCTT-1,1,24,4,9760,5308
TCTGCAGATTCGAGTC-1,1,25,5,10016,5449
CTCTCGCTGTACTATG-1,1,24,6,9766,5600
AATAGTCGCGAGTCGG-1,1,25,7,10022,5741
AGTTACCCTTAAGACT-1,1,24,8,9771,5892
CTTAAATAAGACCCAT-1,1,25,9,10028,6033
GGTTGTGCTCTTGTCC-1,1,24,10,9777,6183
GTGAGTCTAAGACGGA-1,1,25,11,10033,6324
CGCGACACTGCGCAGC-1,1,24,12,9782,6475
GCTCGCGGTTCCGCTC-1,1,25,13,10039,6616
TTAACTCACGCGTGGA-1,1,24,14,9788,6767
GGAACGGCCTGCAGCC-1,1,25,15,10045,6907
GTAGAAACGGGTGGAG-1,1,24,16,9794,7058
TAATGAAAGACCCTTG-1,1,25,17,10050,7199
AGGCTTGCTAGACACC-1,1,24,18,9799,7350
TTGCGTAGTTTGAGGA-1,1,25,19,10056,7491
CGCCCTTGAAGGCTGA-1,1,24,20,9805,7641
CCCGGTGGAAGAACCT-1,1,25,21,10062,7782
TTAACACCTCGAACAT-1,1,24,22,9811,7933
GATTCCTATACGGCGC-1,1,25,23,10067,8074
TTACCCTAACAGTCCT-1,1,24,24,9816,8225
ACCCACCTACATGCTC-1,1,25,25,10073,8365
AAAGGGCAGCTTGAAT-1,1,24,26,9822,8516
CACACAGGGATAGATT-1,1,25,27,10079,8657
AGAGCGTACAAGCTCG-1,1,24,28,9828,8808
TCTTACGGCATCCGAC-1,1,25,29,10084,8949
GCCTATTCCGATATAG-1,1,24,30,9833,9099
GAAAGTGACTAACTGC-1,1,25,31,10090,9240
CCGGAATGGTTTCAGT-1,1,24,32,9839,9391
AGTATAATACTAGGCA-1,1,25,33,10095,9532
TAACTATCGAAGGTCC-1,1,24,34,9845,9683
ATGAGGAGTGTTAATC-1,1,25,35,10101,9824
TGTGTCGCGAGTTGCA-1,1,24,36,9850,9974
ATCCAACGCAGTCATA-1,1,25,37,10107,10115
AAGGCGCGTAAAGCTT-1,1,24,38,9856,10266
AGTCGGCCCAAACGAC-1,1,25,39,10112,10407
AACGTCAGACTAGTGG-1,1,24,40,9861,10557
ACTACCAGCTCTCTGG-1,1,25,41,10118,10698
GCAAGTGCACAGAGAA-1,1,24,42,9867,10849
ACACCTTAAGTAGGGC-1,1,25,43,10124,10990
TTCGACGGGAAGGGCG-1,1,24,44,9873,11141
TTCGCACTCGCGTGCT-1,1,25,45,10129,11282
TATTTGTTACCCTTTA-1,1,24,46,9878,11432
CGCTGTGACGCCGCAC-1,1,25,47,10135,11573
GTTGCACGGAGTTTCG-1,1,24,48,9884,11724
GTTTCCTGGAGGGTGA-1,1,25,49,10141,11865
ACACCCAGCATGCAGC-1,1,24,50,9890,12016
TCAACCATGTTCGGGC-1,1,25,51,10146,12156
TTACAACTACGCATCC-1,1,24,52,9895,12307
TCCGATGGTGCGACAT-1,1,25,53,10152,12448
GGGCGTACATTTATAT-1,1,24,54,9901,12599
AGCGACCAACGATATT-1,1,25,55,10158,12740
ACACAAAGACGGGTGG-1,1,24,56,9907,12890
ATCGCACGCCGGGAGA-1,1,25,57,10163,13031
GCTCTAAACCCTGACG-1,1,24,58,9912,13182
AATGCAACCGGGTACC-1,1,25,59,10169,13323
TCAAACAACCGCGTCG-1,1,24,60,9918,13474
TATGCTCCCTACTTAC-1,1,25,61,10174,13614
AAAGGGATGTAGCAAG-1,1,24,62,9924,13765
ACGATCATACATAGAG-1,1,25,63,10180,13906
TTGTTCAGTGTGCTAC-1,1,24,64,9929,14057
ATGCATGATCCAGGAT-1,1,25,65,10186,14198
AGTCTTCTCCTCAAAT-1,1,24,66,9935,14348
GATTCCCTTGTCGCAG-1,1,25,67,10191,14489
CTCGCACCTATATAGT-1,1,24,68,9941,14640
ACTCAATAAAGGCACG-1,1,25,69,10197,14781
AACCGAGCTTGGTCAT-1,1,24,70,9946,14932
TAAGGCAACATAAGAT-1,1,25,71,10203,15073
CACGCACAGCGCAGCT-1,1,24,72,9952,15223
GGTTTACAATCTCAAT-1,1,25,73,10208,15364
TGCAGGATCGGCAAAG-1,1,24,74,9957,15515
ATAACGGAGTCCAACG-1,1,25,75,10214,15656
AACGATATGTCAACTG-1,1,24,76,9963,15806
GACAACGACCATTGAA-1,1,25,77,10220,15947
TTGACCATGTTCTCCG-1,1,24,78,9969,16098
AGTACGGGCACCTGGC-1,1,25,79,10225,16239
CGCCATCCGATTATGA-1,1,24,80,9974,16390
AAGGTATCCTAATATA-1,1,25,81,10231,16531
TGTTGTCAAGAAGTCT-1,1,24,82,9980,16681
CAGTGAATAAATGACT-1,1,25,83,10237,16822
CACCTTGCGAAACTCG-1,1,24,84,9986,16973
CATTTAGCGGACCATG-1,1,25,85,10242,17114
CCAGTCTAGACGGCGC-1,1,24,86,9991,17265
TCGCTTTAAACGTTTG-1,1,25,87,10248,17405
GTGAAACGGCGCCACC-1,1,24,88,9997,17556
GGGCTCATCGAACCCA-1,1,25,89,10253,17697
TTGATGTGTAGTCCCG-1,1,24,90,10003,17848
CAGTAGCCCACGCGGT-1,1,25,91,10259,17989
AGCGCGGGTGCCAATG-1,1,24,92,10008,18139
TAATCGATCCGTACGT-1,1,25,93,10265,18280
AGTGGCGGCAATTTGA-1,1,24,94,10014,18431
CCTTTCAATGAAGAAA-1,1,25,95,10270,18572
CTCAGTCACGACAAAT-1,1,24,96,10020,18723
ATAGGCTAGCTTCGCA-1,1,25,97,10276,18863
CGGTTCAAGTAGGTGT-1,1,24,98,10025,19014
CAGTCGAGGATGCAAT-1,1,25,99,10282,19155
TATCACCCAACCGACC-1,1,24,100,10031,19306
AATGATGCGACTCCTG-1,1,25,101,10287,19447
TGGAACCACTGACACA-1,1,24,102,10036,19597
GCCAATAGGGCATCTC-1,1,25,103,10293,19738
TTCTTTGGTCGCGACG-1,1,24,104,10042,19889
ATTAGATTCCTCAGCA-1,1,25,105,10299,20030
CCGTGGAACGATCCAA-1,1,24,106,10048,20181
GGGTCGTGGCAAGTGT-1,1,25,107,10304,20322
TCGCTCGGCACCAGCG-1,1,24,108,10053,20472
ACGCAATCACTACAGC-1,0,25,109,10310,20613
CTCTAATGCATTGATC-1,0,24,110,10059,20764
GTCTCGACTAAGTTTG-1,1,25,111,10316,20905
TGGTTTAAACGTGGGT-1,1,24,112,10065,21055
CGCAGATCTTCACCCG-1,1,25,113,10321,21196
TCCAGATGTACGCCAA-1,1,24,114,10070,21347
CATTGCGGGTCAATTC-1,1,25,115,10327,21488
GACGTTCGTAAATACA-1,1,24,116,10076,21639
TACACCGTCGTTAGTC-1,1,25,117,10332,21780
ACGGGCGTATGCGACA-1,1,24,118,10082,21930
GAAGGCTACCATTGTT-1,1,25,119,10338,22071
TAAATCTTTACACCTC-1,1,24,120,10087,22222
AGTTTATGTAAAGACA-1,1,25,121,10344,22363
AGGAGACATCCACAGT-1,1,24,122,10093,22513
CAACCTGAACCTGCCA-1,1,25,123,10349,22654
AGTCCCTCGCAGAAAG-1,1,24,124,10099,22805
TGTATACGGATGATGA-1,1,25,125,10355,22946
TTGTGGTATAGGTATG-1,1,24,126,10104,23097
TCTGCACCATTAGTAA-1,1,25,127,10361,23238
AAATGTATCTTATCCC-1,1,26,0,10256,4715
ACTCTAAACCTGGGAT-1,1,27,1,10513,4856
GCTGGCAGGTGCCGTG-1,1,26,2,10262,5007
CTCATTCGTGAACATC-1,1,27,3,10518,5148
TCGCCGGATGGGCAAG-1,1,26,4,10267,5299
GGACTAAGTCAGGAGT-1,1,27,5,10524,5440
TATCAAAGGTCTGTAA-1,1,26,6,10273,5590
TTCAGTTTGTGGCAGC-1,1,27,7,10529,5731
TGTTCATAAATGTGCT-1,1,26,8,10279,5882
CTTAGCCCGGATAGTG-1,1,27,9,10535,6023
GATGCGAATGGTATTA-1,1,26,10,10284,6173
TCTAACTGTATGTAAA-1,1,27,11,10541,6314
TTAAACCTGGTTCCTT-1,1,26,12,10290,6465
GCTAAGTAAAGGCGAT-1,1,27,13,10546,6606
AGTTACCGCACATGGT-1,1,26,14,10296,6757
GACTGCGGCACGTGTA-1,1,27,15,10552,6898
TGGTGATCGTATTTGT-1,1,26,16,10301,7048
TTATCGCCTGCGAAGC-1,1,27,17,10558,7189
TGGAATTAGACGCTTT-1,1,26,18,10307,7340
TCGTCACACTGTTAGC-1,1,27,19,10563,7481
TTATGTTTGCGATAGA-1,1,26,20,10312,7632
GGTGCTGATCACAAAG-1,1,27,21,10569,7772
CATAGCCGCCCGGGAT-1,1,26,22,10318,7923
GGTTAGTTACGGCGCC-1,1,27,23,10575,8064
ATTCCCACATAAACAA-1,1,26,24,10324,8215
ATTCAGTAGCAGGGTC-1,1,27,25,10580,8356
CAGTTCCGCGGGTCGA-1,1,26,26,10329,8506
AAGAGATGAATCGGTA-1,1,27,27,10586,8647
CGCAATTCTACAATAA-1,1,26,28,10335,8798
TAACGCTTTGAGAGCG-1,1,27,29,10592,8939
AGGCTATGGTTAGCTT-1,1,26,30,10341,9090
GAGGAATGGAGAGGTT-1,1,27,31,10597,9230
TCCTCTACGAGATGGC-1,1,26,32,10346,9381
TTGATTATGCAGATGA-1,1,27,33,10603,9522
TCAGTACTGACCCGCG-1,1,26,34,10352,9673
TTATGACAAACTGGAT-1,1,27,35,10608,9814
GTAAGTAGGGTATACC-1,1,26,36,10358,9964
CGCAAACACGAGTTAC-1,1,27,37,10614,10105
TGGCCGTATATTGACC-1,1,26,38,10363,10256
ACTGTAGCACTTTGGA-1,1,27,39,10620,10397
GCTCTATGTTACGTGC-1,1,26,40,10369,10548
TGCGCGATTAACGGAG-1,1,27,41,10625,10689
GAATCGACATGGTCAC-1,1,26,42,10375,10839
GACTAAGTAGGCTCAC-1,1,27,43,10631,10980
ATCTTGACCTGCAACG-1,1,26,44,10380,11131
ATGCACTACCGCATTG-1,1,27,45,10637,11272
CAGATACTAACATAGT-1,1,26,46,10386,11422
GATCGACACTATCTGA-1,1,27,47,10642,11563
ATAGAGTACTGGGACA-1,1,26,48,10391,11714
CCTACTGCTTACACTT-1,1,27,49,10648,11855
CCTGCTATTTGAGAAG-1,1,26,50,10397,12006
CGCGTTCATGAAATAC-1,1,27,51,10654,12147
CATTATGCTTGTTGTG-1,1,26,52,10403,12297
CCAGGGACGTGGCCTC-1,1,27,53,10659,12438
TATGGATGTGCTACGC-1,1,26,54,10408,12589
GTACTAAGATTTGGAG-1,1,27,55,10665,12730
AGACCCGCCCTCCTCG-1,1,26,56,10414,12881
CGCATTAGCTAATAGG-1,1,27,57,10671,13021
GCTCTCGGGTACCGAA-1,1,26,58,10420,13172
CACCGCCAGAAGGTTT-1,1,27,59,10676,13313
TCCCAAAGACGAAGGA-1,1,26,60,10425,13464
ATGGATTGACCAAACG-1,1,27,61,10682,13605
GTCATGGACATGACTA-1,1,26,62,10431,13755
CTACTGCCACCTGACC-1,1,27,63,10687,13896
TTATATTTGGCAATCC-1,1,26,64,10437,14047
AGCACCAGTACTCACG-1,1,27,65,10693,14188
CATGGTCTAGATACCG-1,1,26,66,10442,14339
TCTACCGTCCACAAGC-1,1,27,67,10699,14479
CTAGTTGGGCCCGGTA-1,1,26,68,10448,14630
TCCCGCGTACTCCTGG-1,1,27,69,10704,14771
CAGAGCATGAGCTTGC-1,1,26,70,10454,14922
ACACGGGAACTTAGGG-1,1,27,71,10710,15063
GGCTCTGCTCCAACGC-1,1,26,72,10459,15213
AGAACGTGGTACATTC-1,1,27,73,10716,15354
CAATAAACCTTGGCCC-1,1,26,74,10465,15505
ACTTCGCCATACGCAC-1,1,27,75,10721,15646
ATCTGGTTAAGACTGT-1,1,26,76,10470,15797
TCGTAAGACGACATTG-1,1,27,77,10727,15938
GTGTACCTTGGCTACG-1,1,26,78,10476,16088
GCCCGTAATACCTTCT-1,1,27,79,10733,16229
CGGTCAAGTGGGAACC-1,1,26,80,10482,16380
TTGTAAGGCCAGTTGG-1,1,27,81,10738,16521
GGAGCACCAAGAACTA-1,1,26,82,10487,16671
TAATAGTGACGACCAG-1,1,27,83,10744,16812
CTAAATCCTATTCCGG-1,1,26,84,10493,16963
CGAGTTCTGTCCCACC-1,1,27,85,10750,17104
AGGCAGATGCGTAAAC-1,1,26,86,10499,17255
AAGGATGAGGGACCTC-1,1,27,87,10755,17396
AGAGAACCGTCTAGGA-1,1,26,88,10504,17546
GAGGGCGCAGCTCTGC-1,1,27,89,10761,17687
AAGATTGGCGGAACGT-1,1,26,90,10510,17838
CCAGTAGTCTGATCCA-1,1,27,91,10767,17979
AAGGGACAGATTCTGT-1,1,26,92,10516,18130
ATAGAGTTATCAACTT-1,1,27,93,10772,18270
AAATTACCTATCGATG-1,1,26,94,10521,18421
GATCCTAAATCGGGAC-1,1,27,95,10778,18562
TTACAGACCTAAATGA-1,1,26,96,10527,18713
CCTCACCTTAGCATCG-1,1,27,97,10783,18854
CATGCGACCAGTTTAA-1,1,26,98,10533,19004
AACATATCAACTGGTG-1,1,27,99,10789,19145
CTATAAGAGCCAATCG-1,1,26,100,10538,19296
AATATCGAGGGTTCTC-1,1,27,101,10795,19437
GTACTCCTGGGTATGC-1,1,26,102,10544,19588
ATAAGTAGGATTCAGA-1,1,27,103,10800,19728
AGGTCGCGGAGTTACT-1,1,26,104,10549,19879
CTAATTCTCAGATATT-1,1,27,105,10806,20020
GCCAACCATTTCCGGA-1,1,26,106,10555,20171
TGATCCCAGCATTAGT-1,1,27,107,10812,20312
CGTTGTAAGATTGATT-1,1,26,108,10561,20462
GAAACCATGGTGCGCT-1,1,27,109,10817,20603
AATCTATGCCGGAGCC-1,0,26,110,10566,20754
GACTCCCAGAATAAGG-1,1,27,111,10823,20895
TATGATCCGGCACGCC-1,1,26,112,10572,21046
CCGCTTGCTGACATGG-1,1,27,113,10829,21187
TGGTTAAGGGCGCTGG-1,1,26,114,10578,21337
TTGATAGTCAATACAT-1,1,27,115,10834,21478
GGTTTAATTGAGCAGG-1,1,26,116,10583,21629
CATTACATAGATTGTG-1,1,27,117,10840,21770
GGTACACCAGATTTAT-1,1,26,118,10589,21920
GGCCCGTATACCATGC-1,1,27,119,10846,22061
ATCTTTCGTATAACCA-1,1,26,120,10595,22212
GAGATGACAATCCTTA-1,1,27,121,10851,22353
AAAGCTTGCCTACATA-1,1,26,122,10600,22504
GAACGATAAGTTAAAG-1,1,27,123,10857,22645
TAATAGCTAAATGATG-1,1,26,124,10606,22795
TATGGCTAGGCTAATT-1,1,27,125,10862,22936
AGGAGAGTCTGGCTAC-1,1,26,126,10612,23087
TGCTCTGCCGGTTCAC-1,1,27,127,10868,23228
CCAATAGATTTCATCT-1,1,28,0,10763,4706
GGGCACGAATTGGCCG-1,1,29,1,11020,4847
TCGTTGACAGGGTCCC-1,1,28,2,10769,4997
ATCGTATTCCGAGAAC-1,1,29,3,11026,5138
GGGAATTCTGTCCAGT-1,1,28,4,10775,5289
ACGCGTTTCTTAAGAG-1,1,29,5,11031,5430
GAGAGCGCAGTCCCTG-1,1,28,6,10780,5580
GTCCTATTGTTGTGGT-1,1,29,7,11037,5721
CATCTGCAGGATCATT-1,1,28,8,10786,5872
GAGTCGACAGACCCTC-1,1,29,9,11043,6013
AAGTGCAAAGGTAGAC-1,1,28,10,10792,6164
AGGGTGGATAGTGCAT-1,1,29,11,11048,6305
TGATAGCGGGATTCTA-1,1,28,12,10797,6455
GTCAGTTTGGTAGTCG-1,1,29,13,11054,6596
GCATTCGAAATGAACA-1,1,28,14,10803,6747
AAAGACTGGGCGCTTT-1,1,29,15,11059,6888
TAACAATATTTGTTGC-1,1,28,16,10809,7039
CCAGCTTCCGCCCGCA-1,1,29,17,11065,7179
GATATGGATTACGCGG-1,1,28,18,10814,7330
AGAGCAGTTATGAGAC-1,1,29,19,11071,7471
TCACATCTTATCTGAT-1,1,28,20,10820,7622
TATGAAGACAGGTGCG-1,1,29,21,11076,7763
TACCTGCTGCACTGTG-1,1,28,22,10826,7913
TAGGTCCAAGTAAGGA-1,1,29,23,11082,8054
GAAACTCGTGCGATGC-1,1,28,24,10831,8205
AACAATTACTCTACGC-1,1,29,25,11088,8346
CCGCACGTGACCTCGG-1,1,28,26,10837,8497
AACTTGCCCGTATGCA-1,1,29,27,11093,8637
GGGTATGTATGCACTT-1,1,28,28,10842,8788
TTCGTACTCCAGAACG-1,1,29,29,11099,8929
GAATTTCTCGCTGCAG-1,1,28,30,10848,9080
AACAGGATGGGCCGCG-1,1,29,31,11105,9221
GACGTGTAGGGATTAT-1,1,28,32,10854,9371
TAGGTGAGCCCTACTC-1,1,29,33,11110,9512
CTAATTCGCACGCGCT-1,1,28,34,10859,9663
GAAGCTTGCTGACCGC-1,1,29,35,11116,9804
GGTTAGGCTTGGAGAA-1,1,28,36,10865,9955
ACAAGGACAAGAGGTT-1,1,29,37,11122,10096
AGGCCACCCGTTATGA-1,1,28,38,10871,10246
GTGGGCTTAGACACAC-1,1,29,39,11127,10387
CGTGTCCCATTCGCGA-1,1,28,40,10876,10538
TGGAGTGATGCGATGA-1,1,29,41,11133,10679
AACAACTGGTAGTTGC-1,1,28,42,10882,10829
CCTGGCTAGACCCGCC-1,1,29,43,11138,10970
CGCAATTAGGGTAATA-1,1,28,44,10888,11121
TCGAAATTTAGGACCA-1,1,29,45,11144,11262
AGACTAGCCTTCCAGA-1,1,28,46,10893,11413
TTGATCTAACTTTGTC-1,1,29,47,11150,11554
AAGGAGCGGTTGGTGC-1,1,28,48,10899,11704
ACTTGGGACCCGGTGG-1,1,29,49,11155,11845
TGATCTCCGGCGCCAG-1,1,28,50,10905,11996
CAGTTCAAATTGACAC-1,1,29,51,11161,12137
GTCCGGCTGAATTGCG-1,1,28,52,10910,12287
CTGGAAATGGATGCTT-1,1,29,53,11167,12428
TGATCGGTTTGACCCT-1,1,28,54,10916,12579
TAGAGTCTAAGCGAAC-1,1,29,55,11172,12720
GAGACTGATGGGTAGA-1,1,28,56,10921,12871
TAGCTAAGTCCGGGAG-1,1,29,57,11178,13012
GGGCGATATGTGTGAA-1,1,28,58,10927,13162
CTCGAGGTCGAACAGT-1,1,29,59,11184,13303
GATCCCTTTATACTGC-1,1,28,60,10933,13454
GTCATGCACCTCCGTT-1,1,29,61,11189,13595
ACTTTCCTATAGCTTC-1,1,28,62,10938,13746
TCGCTCGATATATTCC-1,1,29,63,11195,13886
ATAGGTTGGGCAGATG-1,1,28,64,10944,14037
CAATTAAGGGTGATGA-1,1,29,65,11201,14178
ACCGACTGAGTCCCAC-1,1,28,66,10950,14329
CCTGTCACCCGGGCTC-1,1,29,67,11206,14470
GATCGGTGGCCATAAC-1,1,28,68,10955,14620
CCTATGGGTTACCGTC-1,1,29,69,11212,14761
TTGGGACACTGCCCGC-1,1,28,70,10961,14912
CGAGGCTAAATATGGC-1,1,29,71,11217,15053
TCAGGGTGTAACGTAA-1,1,28,72,10967,15204
CGAGAGATGTGAACCT-1,1,29,73,11223,15344
TCGCTGGGCGGATTGT-1,1,28,74,10972,15495
AGATCTCAGGTGTGAT-1,1,29,75,11229,15636
TGGCCAAACTGAAGTA-1,1,28,76,10978,15787
GCTTCCGTCCCTAGAC-1,1,29,77,11234,15928
CAGCAGCCCGTTCCTT-1,1,28,78,10984,16078
TGTATAACAGATCCTG-1,1,29,79,11240,16219
CGCGGGAATTAGGCAG-1,1,28,80,10989,16370
TGCATGTGGTAATCTA-1,1,29,81,11246,16511
ACAATTTGAGCAGTGG-1,1,28,82,10995,16662
GAGCTAAGGGCATATC-1,1,29,83,11251,16803
CCAGATAGTTGAGTGA-1,1,28,84,11000,16953
CCACAATGTACGTCTT-1,1,29,85,11257,17094
CAATGGATCTCTACCA-1,1,28,86,11006,17245
TGTGGCAAAGCGTATG-1,1,29,87,11263,17386
TAAAGCGTTAGGAGAA-1,1,28,88,11012,17536
TCCGTTTAGCCTTGAA-1,1,29,89,11268,17677
CAGCTCGACAAGTTAA-1,1,28,90,11017,17828
GCCTATAGTGTCAGGG-1,1,29,91,11274,17969
ATAGACAACGGGACCT-1,1,28,92,11023,18120
CTACTATCTTTCAGAG-1,1,29,93,11280,18261
GCGCTGCTTTGCATTT-1,1,28,94,11029,18411
GCGCATCCAGTCAGCA-1,1,29,95,11285,18552
GACTCGCGGGAATGAC-1,1,28,96,11034,18703
CTGGTAACGAGCTCTT-1,1,29,97,11291,18844
TCCGGCCTAGCGTACA-1,1,28,98,11040,18995
TCTAGGTGGCGACGCT-1,1,29,99,11296,19135
ACGCTAGTGATACACT-1,1,28,100,11046,19286
ATCTGCACCTCTGCGA-1,1,29,101,11302,19427
CCTCACCTGAGGGAGC-1,1,28,102,11051,19578
AGTGAGCCTCGCCGCC-1,1,29,103,11308,19719
ACGAGTACGGATGCCC-1,1,28,104,11057,19869
GGTACCATTAAGACGG-1,1,29,105,11313,20010
TTCTGCTAGACTCCAA-1,1,28,106,11063,20161
TAACTATTACGCCAAA-1,1,29,107,11319,20302
GCATTCAAGGCAACGC-1,1,28,108,11068,20453
AGTACATCATTTATCA-1,1,29,109,11325,20593
GTCGTGTCTGGTCATC-1,1,28,110,11074,20744
AGTCTAAAGTATACTC-1,1,29,111,11330,20885
CGGCCCAACCTGTAGT-1,1,28,112,11079,21036
AGGGAGACATACTTCG-1,1,29,113,11336,21177
TCCCTAGATCAATAGG-1,1,28,114,11085,21327
TCCCGTCGCGTCATAG-1,1,29,115,11342,21468
CGCATCCATCAGCCAG-1,1,28,116,11091,21619
CTGCACCTAGTCCACA-1,1,29,117,11347,21760
CGAGGATCGGGAACGA-1,1,28,118,11096,21911
CAATGAGGTTCGACTA-1,1,29,119,11353,22052
TCTGACGGGCTAACCC-1,1,28,120,11102,22202
TTCTATGCCTTTCGCA-1,1,29,121,11359,22343
AGAGTATAGTGTTACG-1,1,28,122,11108,22494
CCATTGTTTCCTCCAT-1,1,29,123,11364,22635
CTCATCACTTAGTGAT-1,1,28,124,11113,22785
CCGAAGGGCGTACCGC-1,1,29,125,11370,22926
TCAAGCTGCCTTGAAA-1,1,28,126,11119,23077
CTCATTAACGTTGCCC-1,1,29,127,11375,23218
GTCTTCCTCACCTAAG-1,1,30,0,11271,4696
GGTGATGAAGGAAGTG-1,1,31,1,11527,4837
TCAATACAATTGCTGC-1,1,30,2,11276,4987
GCAACCCAAGTTGTTT-1,1,31,3,11533,5128
ATGAAGTGGACCCAGC-1,1,30,4,11282,5279
GAGAATCTCACGATCA-1,1,31,5,11539,5420
TATATCATTGATCAGT-1,1,30,6,11288,5571
AACTTTACGGGAGCTT-1,1,31,7,11544,5712
TTCTTGTGTCCATCAG-1,1,30,8,11293,5862
ACAATTTAGGAGGCTC-1,1,31,9,11550,6003
ATACTTGTTCTCGAGC-1,1,30,10,11299,6154
CACGGGATTGAGGGTT-1,1,31,11,11556,6295
GTTAATGTCTATCTTA-1,1,30,12,11305,6445
GCGTTATATTTGGAAC-1,1,31,13,11561,6586
CGTCAAGGCTATAAAT-1,1,30,14,11310,6737
TTAGCTCTGTAATCCG-1,1,31,15,11567,6878
AATGGTCCACCGTTCA-1,1,30,16,11316,7029
GTCATTGCATTGACCC-1,1,31,17,11573,7170
TGTCCGTGGCGCCTTT-1,1,30,18,11322,7320
TCAACTAACGTATAAC-1,1,31,19,11578,7461
TCCTCTCCAGTTGTCC-1,1,30,20,11327,7612
TGTGTTCGTATCCAAG-1,1,31,21,11584,7753
CCGCGTAGGTAAGGGC-1,1,30,22,11333,7904
CTGCGGGTGAAATGTT-1,1,31,23,11589,8044
TATCTACAGAGGTAAT-1,1,30,24,11339,8195
CTACTCTAGGCCCGGC-1,1,31,25,11595,8336
ACAAGCAGTGCCTAGC-1,1,30,26,11344,8487
TACAAGTCTCGTGCAT-1,1,31,27,11601,8628
TCGGAATGCGCTCTGA-1,1,30,28,11350,8778
TCGCGTCCAGAAGGTC-1,1,31,29,11606,8919
TATGGCCCGGCCTCGC-1,1,30,30,11355,9070
GCTGGCATATTCACCT-1,1,31,31,11612,9211
GTCAGAATAGTCTATG-1,1,30,32,11361,9362
GGCGTCCTATCCGCTG-1,1,31,33,11618,9502
CGGAGTTTGAGAGACA-1,1,30,34,11367,9653
AGCACTTAAGGACGCC-1,1,31,35,11623,9794
TCCACAATGGTTTACG-1,1,30,36,11372,9945
CCAACGATGCACTGAT-1,1,31,37,11629,10086
ATTTACAGTTTACTGG-1,1,30,38,11378,10236
CCCTGAAATGAGTTGA-1,1,31,39,11635,10377
CAAACGGTCGCACTTT-1,1,30,40,11384,10528
TGATTCGTCTATCACT-1,1,31,41,11640,10669
TCAGGTTCTTTGAGAA-1,1,30,42,11389,10820
CACGCAGCGAGGCTTT-1,1,31,43,11646,10961
TTAAGCGCCTGACCCA-1,1,30,44,11395,11111
CTTACACGGTATTCCA-1,1,31,45,11652,11252
AAGGCTGTGCTCATCG-1,1,30,46,11401,11403
GACCAGAGCCCTGTAG-1,1,31,47,11657,11544
TCCCAGGCTTAGCTAA-1,1,30,48,11406,11694
ATTGAAGATCTTAGTG-1,1,31,49,11663,11835
AGTTCCTACAGAATTA-1,1,30,50,11412,11986
GGGCTGGTTAGTCGCG-1,1,31,51,11668,12127
GAAATGGCGGTGTTAG-1,1,30,52,11418,12278
TACGAACACGACTTCA-1,1,31,53,11674,12419
ACCACAAGTTTCTATC-1,1,30,54,11423,12569
ATATTTAACCCTCAAG-1,1,31,55,11680,12710
GATCATTCCAAACATT-1,1,30,56,11429,12861
TCCAGGCGAGTACGGT-1,1,31,57,11685,13002
GTTTGACCAAATCCTA-1,1,30,58,11434,13153
CACAGCACCCACGGCA-1,1,31,59,11691,13293
TGCAAGAATGACGTAA-1,1,30,60,11440,13444
GCGAAGCCATACCCGT-1,1,31,61,11697,13585
TCCTTTCTTACGCTTA-1,1,30,62,11446,13736
GCTGCTCTCCGGACAC-1,1,31,63,11702,13877
ACTGTCTTCTTTAGAA-1,1,30,64,11451,14027
TCAAACTTAGATTGTT-1,1,31,65,11708,14168
CTATGTCACTAGCCCA-1,1,30,66,11457,14319
TGCGCAAAGCATTTGG-1,1,31,67,11714,14460
TTAATGTAGACCAGGT-1,1,30,68,11463,14611
GGCGGTAGGATCATTG-1,1,31,69,11719,14751
GGCAATAGTCAATGAG-1,0,30,70,11468,14902
ACACGAGACTCCTTCT-1,1,31,71,11725,15043
GACACAAGGGAAGAAA-1,0,30,72,11474,15194
TCAGCAAATGCATCTC-1,1,31,73,11731,15335
GAGATCTGTCACTCCG-1,0,30,74,11480,15485
ATGCCGGTCTTGCATA-1,0,31,75,11736,15626
TTGGGCGGCGGTTGCC-1,1,30,76,11485,15777
TTGTTGTGTGTCAAGA-1,1,31,77,11742,15918
ACTGTACGATACACAT-1,1,30,78,11491,16069
TCCACTTTATCTAGGT-1,1,31,79,11747,16210
GGTCTGAGAATCTGGA-1,1,30,80,11497,16360
TAGAAAGGTGGCGCTA-1,1,31,81,11753,16501
TATGTCTCATTGTGCC-1,1,30,82,11502,16652
GGATTTCACTTCTATA-1,1,31,83,11759,16793
TGAGTGGTCCGTGACG-1,1,30,84,11508,16943
CGCTTTCTTGCATTCG-1,1,31,85,11764,17084
ACCCAACGCCCGTGGC-1,1,30,86,11513,17235
GAACGTCTCATGGTCG-1,1,31,87,11770,17376
AGGGTTCCCTTTGGTT-1,1,30,88,11519,17527
GTAGCTTCCTCTTGTT-1,1,31,89,11776,17668
GCATGAGGGACGCGGC-1,1,30,90,11525,17818
CTACCCTAAGGTCATA-1,1,31,91,11781,17959
TCACCGCTCGGCACTC-1,1,30,92,11530,18110
GGCTCGCGTTGAGGTA-1,1,31,93,11787,18251
CTAACGAAACTTGCTG-1,1,30,94,11536,18401
TTAAACTCGAATTCAT-1,1,31,95,11793,18542
TACTTTACTGAGCCGG-1,1,30,96,11542,18693
GCTTGGATCGATTAGG-1,1,31,97,11798,18834
CGGTTATCCAACAGTG-1,1,30,98,11547,18985
CAGACCTGTAAGTGTT-1,1,31,99,11804,19126
GACGGTCAATAGAAGC-1,1,30,100,11553,19276
CTGACTGCGCAGCTCG-1,1,31,101,11810,19417
CCATACCTTTACTTGT-1,1,30,102,11559,19568
GTAATAAAGGGCTCCC-1,1,31,103,11815,19709
GTGAACTCCCATTCGA-1,1,30,104,11564,19860
GTGGTTACTTCTTTCG-1,1,31,105,11821,20000
TCAGAACCTCCACAGG-1,1,30,106,11570,20151
TCCCACTCTCTTCCGG-1,1,31,107,11826,20292
ATCTTGACTTGTCCAA-1,1,30,108,11576,20443
TCGGGAACGTGCCTAG-1,1,31,109,11832,20584
GTTAGCCGTAAATCAA-1,1,30,110,11581,20734
ATTTACTAAGTCCATT-1,1,31,111,11838,20875
GGGTGCATATGAAAGC-1,1,30,112,11587,21026
TCCGAATGGTCCTGAG-1,1,31,113,11843,21167
TGATGGCTGTTTCTGA-1,1,30,114,11593,21318
AAATAAGGTAGTGCCC-1,1,31,115,11849,21458
CCACTATCCGGGTCAC-1,1,30,116,11598,21609
ACACCACATAATTAGC-1,1,31,117,11855,21750
CGCGGTAAGTCTAGCT-1,1,30,118,11604,21901
GCGGGCATTACGATGC-1,1,31,119,11860,22042
AGGATTGCTTACGACA-1,1,30,120,11609,22192
CTCGGGATAACACCTA-1,1,31,121,11866,22333
GTCGTCTGGTTGGCTA-1,1,30,122,11615,22484
GCAATTAGTCGCACCG-1,1,31,123,11872,22625
GTGACCTAAAGAATAA-1,1,30,124,11621,22776
CTGAGCGAGACTTATT-1,1,31,125,11877,22917
CAAGACTCAGAAGCGC-1,1,30,126,11626,23067
ACTTCGCTAGCGAGTG-1,1,31,127,11883,23208
CCATACTCGCCTCTCC-1,1,32,0,11778,4686
ACGATACCTATCCTGA-1,1,33,1,12035,4827
CTCACCAGTACAAGTG-1,1,32,2,11784,4978
CGAAGACGGTGAGTGC-1,1,33,3,12040,5118
AAATTAATAAGCGCGA-1,1,32,4,11790,5269
GGGCCCTTATCTATAC-1,1,33,5,12046,5410
CTGCCCACGAAGCGTT-1,1,32,6,11795,5561
GGACAAGTTGCAGTGA-1,1,33,7,12052,5702
GTCCGAGAGCAATCAT-1,1,32,8,11801,5852
ATGGCAGCCGAGAAAC-1,1,33,9,12057,5993
CCTCGGATGCTACCTG-1,1,32,10,11806,6144
ATACGGTGAAGATGCA-1,1,33,11,12063,6285
ACATCAGCTGGGACGC-1,1,32,12,11812,6436
GGTTGTGTAGCCTGGC-1,1,33,13,12069,6577
CCTGCGTTCTACGCTT-1,1,32,14,11818,6727
GAACGTTAGGAAGACG-1,1,33,15,12074,6868
CTGATAGTGTATCTCA-1,1,32,16,11823,7019
TTCTGCGAGCGCCCTT-1,1,33,17,12080,7160
CTTTGGCGCTTTATAC-1,1,32,18,11829,7310
TCCGAACTTGGCTTAC-1,1,33,19,12086,7451
TAGATTCCTGGTTATT-1,1,32,20,11835,7602
CCGACAAAGGGAGTGC-1,1,33,21,12091,7743
CCATGGCCCTTGTACC-1,1,32,22,11840,7894
GAAATATCACCATCAG-1,1,33,23,12097,8035
ACGAAATGGGCGGCAC-1,1,32,24,11846,8185
GTGAGCGTGCTGCACT-1,1,33,25,12102,8326
CCGCGGGTACGAAGAA-1,1,32,26,11852,8477
TCCCTGGCTCGCTGGA-1,1,33,27,12108,8618
CAGCTTAGTAGGTAGC-1,1,32,28,11857,8769
CACGAAAGTTAGTCCC-1,1,33,29,12114,8909
ACCTAATCGACTTCCT-1,1,32,30,11863,9060
AAGTAGTGACGCGAGG-1,1,33,31,12119,9201
TCCGATTACATTGCCG-1,1,32,32,11869,9352
CCTCCGACAATTCAAG-1,1,33,33,12125,9493
GTTCACAGGAGTCTAG-1,1,32,34,11874,9643
CGAAGTTGCTCTGTGT-1,1,33,35,12131,9784
GTCGGATATCTCAGAC-1,1,32,36,11880,9935
CGCTCTCCGTAGATTA-1,1,33,37,12136,10076
CAAGCAACGTCGGAGT-1,1,32,38,11885,10227
CCATTCCCTGCCCACA-1,1,33,39,12142,10367
CTTTGGCTTTAGTAAA-1,1,32,40,11891,10518
GGCTATTAAGTTGTAT-1,1,33,41,12148,10659
CCATTAGCGATAATCC-1,1,32,42,11897,10810
TGTTCTTCCATTGACT-1,1,33,43,12153,10951
AGATAACTTCAGGGCC-1,1,32,44,11902,11101
ATAGACGAAGAGAAAG-1,1,33,45,12159,11242
GGCGGAGTAATATTAG-1,1,32,46,11908,11393
TGACCCACGTTAGACA-1,1,33,47,12165,11534
TCACAGGTTATTGGGC-1,1,32,48,11914,11685
TCACGCATTGTAGATC-1,1,33,49,12170,11826
TTGAAGAATTCCCAGG-1,1,32,50,11919,11976
AAATGGTCAATGTGCC-1,1,33,51,12176,12117
TAGTGCCCTCCAGAGT-1,1,32,52,11925,12268
GGTATTGCCGAGTTTA-1,1,33,53,12181,12409
CGTATTAAGAGATCTA-1,1,32,54,11931,12559
ACTGTCCAGGATTATA-1,1,33,55,12187,12700
CGGGCAGCTAAACCGC-1,1,32,56,11936,12851
TTGCTGATCATGTTCG-1,1,33,57,12193,12992
TATGGGTACGTATCGT-1,1,32,58,11942,13143
CAGCTCACTGAGACAT-1,1,33,59,12198,13284
GGGACTGCATAGATAG-1,1,32,60,11948,13434
ACGCATTCGTGAGTAC-1,1,33,61,12204,13575
CTCTGGACGCCTGGTG-1,1,32,62,11953,13726
AGGGTTTAGTTCGGGA-1,1,33,63,12210,13867
GGGAGAACTCACAGTA-1,1,32,64,11959,14018
ATCAATCTGGGCTGCA-1,1,33,65,12215,14158
TCTTCGATACCAATAA-1,1,32,66,11964,14309
ACGTAGATTGCTGATG-1,1,33,67,12221,14450
TCTTGATGCGTAGCGA-1,1,32,68,11970,14601
GGGCTGCCTAGGGCGA-1,1,33,69,12227,14742
CTCTCACAATCGATGA-1,1,32,70,11976,14892
CCAAGCGTAACTCGTA-1,1,33,71,12232,15033
ACAACAGCATGAGCTA-1,1,32,72,11981,15184
GTCCCAACGTAAAGTA-1,1,33,73,12238,15325
TCGGAGTACATGAGTA-1,1,32,74,11987,15476
GGGAGTTAATGAGGCG-1,1,33,75,12244,15616
CCGGGCGGTCTCGTCA-1,1,32,76,11993,15767
CCGTAAGTTGGTCCCA-1,1,33,77,12249,15908
GGAGGGCTTGGTTGGC-1,1,32,78,11998,16059
TCGGACGCCCAGCCCA-1,1,33,79,12255,16200
TCTGTGCCATCATAGT-1,1,32,80,12004,16350
GTACTGGAGTTAGACC-1,1,33,81,12260,16491
GGAATGCGCTAGCGTG-1,1,32,82,12010,16642
GTGTGAATAACTTAGG-1,1,33,83,12266,16783
GGTCGGCCAGGAGCTT-1,1,32,84,12015,16934
TAGCCGGCGGTCAGCG-1,1,33,85,12272,17075
CGGGTGTACCCATTTA-1,1,32,86,12021,17225
AGTGATTCAAGCAGGA-1,1,33,87,12277,17366
GTTGGATTGAGAACAC-1,1,32,88,12027,17517
CACACGCGCTGTCTTA-1,1,33,89,12283,17658
TAGACGCCCGTACCGG-1,1,32,90,12032,17808
GGTTTCAATCGGTCAG-1,1,33,91,12289,17949
AATCTGCGTTGGGACG-1,1,32,92,12038,18100
TTACGGATGGTTCGAG-1,1,33,93,12294,18241
CGGCAGGGTCGGGTTG-1,1,32,94,12043,18392
GCTTTCAGAGGAGGTG-1,1,33,95,12300,18533
TCTTCCCATGGGCACA-1,1,32,96,12049,18683
TACCGCGGACTTGCAG-1,1,33,97,12306,18824
AGAATTATGGATTCGA-1,1,32,98,12055,18975
ATTGATGAGTCCTAAC-1,1,33,99,12311,19116
TAGGTCGCCGGAACTG-1,1,32,100,12060,19267
TAACCTACCGTCCGAG-1,1,33,101,12317,19407
CTTAGTAGGCCTACAG-1,1,32,102,12066,19558
CTAGATGTGAGTGTAA-1,1,33,103,12323,19699
ACTCCCGAATTCGTTT-1,1,32,104,12072,19850
GTTCATCGTTTGGCTG-1,1,33,105,12328,19991
ACTTTACCCTCATGAA-1,1,32,106,12077,20141
GCGAGAGTTGCGTCCA-1,1,33,107,12334,20282
GTTCGGGCGTACCATT-1,1,32,108,12083,20433
CGACTTTGTATAGCCT-1,1,33,109,12339,20574
GCCATCGATGCTGCAT-1,1,32,110,12089,20725
GCATTTCCAAGGCTCC-1,1,33,111,12345,20865
ATGTAAGGCTGCTCTT-1,1,32,112,12094,21016
ACGTTCGCAATCAATT-1,1,33,113,12351,21157
GTGACGAGGGTGACCC-1,1,32,114,12100,21308
ATTATAGCTACTTTAC-1,1,33,115,12356,21449
CGTGTGTTAAACCCTG-1,1,32,116,12106,21599
TTGGTATGGCTTGTGT-1,1,33,117,12362,21740
CATTCCCATTCCGTCG-1,1,32,118,12111,21891
TGCCGAAAGCGTATTC-1,1,33,119,12368,22032
CAACACATCTCCTGCC-1,1,32,120,12117,22183
CTGCCTCATATGCAAC-1,1,33,121,12373,22324
TCCCGCCTATGTGCGT-1,1,32,122,12122,22474
GGTTACCCGACACTTT-1,1,33,123,12379,22615
CCAGCGGGATCACCAG-1,1,32,124,12128,22766
ATGTTTCGGCCCGGAG-1,1,33,125,12385,22907
GCGTCTAACCTCCTAA-1,1,32,126,12134,23057
ATCAGGTAGCTGACAG-1,1,33,127,12390,23198
GGTATGAAAGAACTGA-1,1,34,0,12286,4676
GTGGCCTAATATCATT-1,1,35,1,12542,4817
CCTGTGAAACCGTAAC-1,1,34,2,12291,4968
GGCAGAGAGATCGGGA-1,1,35,3,12548,5109
TAGCGTCGAATATTGA-1,1,34,4,12297,5259
CGCCGACTATTCGCTA-1,1,35,5,12553,5400
TCTGGCGCAAGCCGGG-1,1,34,6,12303,5551
AGTGGTTGCGTATAGG-1,1,35,7,12559,5692
ATCGGTTACCTAGTAA-1,1,34,8,12308,5843
CCTGCCCGTTGTCTAG-1,1,35,9,12565,5984
GCACACGCCCATGGTC-1,1,34,10,12314,6134
AGTACGGCCCGTATCG-1,1,35,11,12570,6275
TATCTAGCCTAAAGGA-1,1,34,12,12320,6426
CACTCGGTTAGGAGGA-1,1,35,13,12576,6567
ATGTTCGTCGACCCAC-1,1,34,14,12325,6717
TTCCTCTGCCCGAATA-1,1,35,15,12582,6858
TTACTATCGGCTTCTC-1,1,34,16,12331,7009
GCCGCATTAGTCCGGC-1,1,35,17,12587,7150
TAAGGGCTGGGAGAGG-1,1,34,18,12336,7301
TAAGCAGGCGACACGC-1,1,35,19,12593,7442
AGCACTACCGGCCTGT-1,1,34,20,12342,7592
GAAAGCCCTTTGGACC-1,1,35,21,12599,7733
GACCGACTGAAGCGTC-1,1,34,22,12348,7884
CGGTGAAGACTAAAGT-1,1,35,23,12604,8025
CCCTGCGCTACGCATA-1,1,34,24,12353,8175
TACTGGACAGCTCGGC-1,1,35,25,12610,8316
TTAGTAGGGCGGCGGG-1,1,34,26,12359,8467
GAGGCTATCAAAGTCG-1,1,35,27,12616,8608
TTACCATTGATTACCC-1,1,34,28,12365,8759
ATACCACGGGCAACTT-1,1,35,29,12621,8900
TGTCCTAAGTCACCGC-1,1,34,30,12370,9050
AGGTAGGTACAAAGCT-1,1,35,31,12627,9191
GGCATACAGGTAGCGG-1,1,34,32,12376,9342
TGTAGTGATCTATAAT-1,1,35,33,12632,9483
TCCCGGGTGTGCTGCT-1,1,34,34,12382,9634
TACGATGTTGATCATC-1,1,35,35,12638,9774
CCTCTCTCCCATCTAG-1,1,34,36,12387,9925
GCAGGACTATAGAATA-1,1,35,37,12644,10066
CTAGTGAAGGACAGGA-1,1,34,38,12393,10217
TACGAGAACTTCACGT-1,1,35,39,12649,10358
CGTTGTTTCAATTCCC-1,1,34,40,12399,10508
GCAAATATTACGCTTT-1,1,35,41,12655,10649
CCAATAGTGCCGTCGA-1,1,34,42,12404,10800
ATTGCTGCTCCTCCAT-1,1,35,43,12661,10941
GAGATCTGCTTGGCAT-1,1,34,44,12410,11092
GCCGAAATTCCTACGT-1,1,35,45,12666,11232
GGCACTCCACTGGGCA-1,1,34,46,12415,11383
GGGTCACCGTGACGGT-1,1,35,47,12672,11524
CACTTAATCAGACGGA-1,1,34,48,12421,11675
CGTTTCGCTCATTACA-1,1,35,49,12678,11816
ATAAAGGCTCGGTCGT-1,1,34,50,12427,11966
CACTAAAGTTGCCTAT-1,1,35,51,12683,12107
GTGCTCAAGTACTGTC-1,1,34,52,12432,12258
CCATGCCTGTTTAGTA-1,1,35,53,12689,12399
TCTAGTTATCAGAAGA-1,1,34,54,12438,12550
TTGTAATCCGTACTCG-1,1,35,55,12695,12691
TCCCAGCTTTAGTCTG-1,1,34,56,12444,12841
CTACGCACGGAGTACC-1,1,35,57,12700,12982
AAATTAACGGGTAGCT-1,1,34,58,12449,13133
CGGCCACGCACAAAGT-1,1,35,59,12706,13274
GAAGCGTGAGGAATTT-1,1,34,60,12455,13424
ATATCTTAGGGCCTTC-1,1,35,61,12711,13565
ACGCGGGCCAAGGACA-1,1,34,62,12461,13716
GCGAGTTCTGCAAAGA-1,1,35,63,12717,13857
TATTCGTGCCAGAATA-1,1,34,64,12466,14008
AGGGCTGCAGTTACAG-1,1,35,65,12723,14149
CTAGCATAGTATAATG-1,1,34,66,12472,14299
TAGGTTCGAGTTCGTC-1,1,35,67,12728,14440
GAATTATAGTGAAAGG-1,1,34,68,12478,14591
CTATCGGGTCTCAACA-1,1,35,69,12734,14732
GCGCTAATTGAATAGA-1,1,34,70,12483,14883
ATGCGACAGTCCCATT-1,1,35,71,12740,15023
GGTAGTGCTCGCACCA-1,1,34,72,12489,15174
AAGCTCGTGCCAAGTC-1,1,35,73,12745,15315
TATTCAATTCTAATCC-1,1,34,74,12494,15466
TTCAAAGTCTCTAGCC-1,1,35,75,12751,15607
TTGAATATGGACTTTC-1,1,34,76,12500,15757
AAGAGCTCTTTATCGG-1,1,35,77,12757,15898
TTACTCCGGCCGGGAA-1,1,34,78,12506,16049
AAACGAGACGGTTGAT-1,1,35,79,12762,16190
GCTAAGTAGTTTCTCT-1,1,34,80,12511,16341
ATAACGCCGGAGGGTC-1,1,35,81,12768,16481
GGATCCGGAATATACT-1,1,34,82,12517,16632
TGAAAGGACCTGACTC-1,1,35,83,12774,16773
TCCGCGGCAGCATCTG-1,1,34,84,12523,16924
TGCATATGTCTGTCAC-1,1,35,85,12779,17065
TGTAGGAGAAATTTCC-1,1,34,86,12528,17215
AGTGAGACTTCCAGTA-1,1,35,87,12785,17356
CCCAAACATGCTGCTC-1,1,34,88,12534,17507
GCTTATGAAGCAGGAA-1,1,35,89,12790,17648
TTCTAACCGAAGCTTA-1,1,34,90,12540,17799
GGATGTCCTTACCGCA-1,1,35,91,12796,17940
AGGGTGCTCTCGAGGG-1,1,34,92,12545,18090
AACTCTCAATAGAGCG-1,1,35,93,12802,18231
TCTGAATTCCGTACAA-1,1,34,94,12551,18382
GCGTGGTACTGGGTTA-1,1,35,95,12807,18523
CGTCGGATAGTGTTGA-1,1,34,96,12557,18673
ATATGTCTCCCTAGCC-1,1,35,97,12813,18814
TCTTTAAGACTATGAA-1,1,34,98,12562,18965
TCATTTAAGTCTCCGA-1,1,35,99,12819,19106
GATATTGAGATTGGCG-1,1,34,100,12568,19257
TGACATCGAGCGGACC-1,1,35,101,12824,19398
GCGTAAATGGCCATAA-1,1,34,102,12573,19548
ATTGTACAACTCGGCT-1,1,35,103,12830,19689
TACGCTATAGAAACCT-1,1,34,104,12579,19840
CACCCAAATCTTATGT-1,1,35,105,12836,19981
AGATGATGGAGTCTGG-1,1,34,106,12585,20132
CCACGGTGCCCGGTAG-1,1,35,107,12841,20272
TCAAGAAATACTAGCT-1,1,34,108,12590,20423
AGGTATAATTGATAGT-1,1,35,109,12847,20564
CAAGGTCCTATAGGCT-1,1,34,110,12596,20715
CCGGCACGACCGTTTC-1,1,35,111,12853,20856
ACCTCCGTTATTCACC-1,1,34,112,12602,21006
GCAGCCTATATCACAT-1,1,35,113,12858,21147
GGTATAGTGACACATA-1,1,34,114,12607,21298
AAATTCCAGGTCCAAA-1,1,35,115,12864,21439
TCTTTAGCAGGCGAAC-1,1,34,116,12613,21590
TATTGACATTTCTGCC-1,1,35,117,12869,21730
TCTGATCGGGTGCTAG-1,1,34,118,12619,21881
GGCCCGGAGCATGTCT-1,1,35,119,12875,22022
GGGCGCAGCGTTACTC-1,1,34,120,12624,22173
TTGGCGATCCGAATAT-1,1,35,121,12881,22314
CCACGTAAATTAGACT-1,1,34,122,12630,22464
TCTGATTGGAAATGGA-1,1,35,123,12886,22605
ATGGCGGAATAGTCGC-1,1,34,124,12636,22756
ATCGCTTTACGTCTCA-1,1,35,125,12892,22897
TACGTGCAAGGTTCCT-1,1,34,126,12641,23048
CAGGACAGCTGCCCTT-1,1,35,127,12898,23189
CAAACCAGGTCTGCAT-1,1,36,0,12793,4666
ACAAGCTATATGGAAG-1,1,37,1,13050,4807
TCGCCCACTGCGAGAG-1,1,36,2,12799,4958
AGCCGCAAATTCAAAT-1,1,37,3,13055,5099
TTAACGTTAAAGCCTG-1,1,36,4,12804,5250
CAGCGCCAACACGATA-1,1,37,5,13061,5390
ATCCAATGGTACCGAA-1,1,36,6,12810,5541
GTGCTGCAGATAAGGA-1,1,37,7,13067,5682
GGCCTTTGCAACTGGC-1,1,36,8,12816,5833
GTCGTACCTACGATTG-1,1,37,9,13072,5974
TAGAAATTCACGTATA-1,1,36,10,12821,6124
AGAATAAATCTTCAGG-1,1,37,11,13078,6265
CATTGCGAAATGGGCG-1,1,36,12,12827,6416
GTCTACTCAATTACAA-1,1,37,13,13083,6557
TGTAATGACCACAATA-1,1,36,14,12833,6708
AAAGTCGACCCTCAGT-1,1,37,15,13089,6849
TACTCGGCACGCCGGG-1,1,36,16,12838,6999
AGGTGTATCGCCATGA-1,1,37,17,13095,7140
TGTGCTTTACGTAAGA-1,1,36,18,12844,7291
AAACCTCATGAAGTTG-1,1,37,19,13100,7432
TATAGGGTACTCATGA-1,1,36,20,12849,7582
CCAGCTGATGGTACTT-1,1,37,21,13106,7723
AATATTGGAGTATTGA-1,1,36,22,12855,7874
GGCCCTCACCCACTTA-1,1,37,23,13112,8015
AACCAAGACTTCTCTG-1,1,36,24,12861,8166
TCGTATTACCCATTGC-1,1,37,25,13117,8307
ATTCGACGCCGGGCCT-1,1,36,26,12866,8457
GGCGCAGGACATCTTC-1,1,37,27,13123,8598
GTACTCCCTTATCGCT-1,1,36,28,12872,8749
TGGTCTGTTGGGCGTA-1,1,37,29,13129,8890
AATAACAACGCTCGGC-1,1,36,30,12878,9041
CATACCCGTACCCAGT-1,1,37,31,13134,9181
ACAATCCATTTAAACC-1,1,36,32,12883,9332
GTTACAATTGGTGACG-1,1,37,33,13140,9473
TTGCCCTGATCACGGG-1,1,36,34,12889,9624
CTAACCGCGCGCCCGT-1,1,37,35,13146,9765
CTAAAGAATGCCTACT-1,1,36,36,12895,9915
ACCCATCTTGAGGGTA-1,1,37,37,13151,10056
GATCTTTGCAGGGTAT-1,1,36,38,12900,10207
GGGTACTTCATGAACT-1,1,37,39,13157,10348
GCCGCTTGTGAGAAAC-1,1,36,40,12906,10499
CCTGTAAGACATGATA-1,1,37,41,13162,10639
CGACAGTTCGCGTTAT-1,1,36,42,12912,10790
ACGATGCATATGTTAT-1,1,37,43,13168,10931
TGTTCCGCTTCCATGA-1,1,36,44,12917,11082
GGATGACGCGAGTTTA-1,1,37,45,13174,11223
GAAGTTTCCACTCAAT-1,1,36,46,12923,11373
GCGAGGCCCGAGCAGA-1,1,37,47,13179,11514
CATACTATGTAATTGT-1,1,36,48,12928,11665
CCAATGTCACAGCAAG-1,1,37,49,13185,11806
GTTGGATTTGCGTTGG-1,1,36,50,12934,11957
GGGAGGATGCCCGAAA-1,1,37,51,13191,12098
GATCGCGGGCTCTCCA-1,1,36,52,12940,12248
GTTCGCCATAAGTGCC-1,1,37,53,13196,12389
AGATTATAGGACGTTT-1,1,36,54,12945,12540
TCGAGACCAACACCGT-1,1,37,55,13202,12681
TATGGGACCGAGCAGG-1,1,36,56,12951,12831
GATGCGTCCTGCATTC-1,1,37,57,13208,12972
TATGGTCTGAGTAACA-1,1,36,58,12957,13123
GCATAGAGCACTCAGG-1,1,37,59,13213,13264
CTTCATTGTCAGTGGA-1,1,36,60,12962,13415
GCAGATTAGGGATATC-1,1,37,61,13219,13556
CCTGTCGCCCGTAAAT-1,1,36,62,12968,13706
CAATTTCGTATAAGGG-1,1,37,63,13225,13847
GTACACTTACCTGAAG-1,1,36,64,12974,13998
CCAGCCTGGACCAATA-1,1,37,65,13230,14139
ATGGAGCAGGCCGTGA-1,1,36,66,12979,14289
GTCATTAGAGCGAACG-1,1,37,67,13236,14430
AAGACTGCAAGCTACT-1,1,36,68,12985,14581
CTAGTCACGTCTTAAG-1,1,37,69,13241,14722
ACTCTTGTATAGTAAC-1,1,36,70,12991,14873
ATTAGGCGATGCTTTC-1,1,37,71,13247,15014
TTCGGGACTAATCGCG-1,1,36,72,12996,15164
TGGACTGTTCGCTCAA-1,1,37,73,13253,15305
AACGTGCGAAAGTCTC-1,1,36,74,13002,15456
CCACCCAAGGAAAGTG-1,1,37,75,13258,15597
CCGCACAAAGACCAAC-1,1,36,76,13007,15748
GCGATTGTTAACGTTA-1,1,37,77,13264,15888
ACTCGTCAGTAATCCC-1,1,36,78,13013,16039
GGTGATAAGGAGCAGT-1,1,37,79,13270,16180
AAGAGGCATGGATCGC-1,1,36,80,13019,16331
CACGTTCGTGCTCTAG-1,1,37,81,13275,16472
CTATTTGGTTACGGAT-1,1,36,82,13024,16622
GTACAGAGGCAAGGGT-1,1,37,83,13281,16763
GGGCCGGCCGAAGTAC-1,1,36,84,13030,16914
CCTGAACGATATATTC-1,1,37,85,13287,17055
CCGGGCTGCTCCATAC-1,1,36,86,13036,17206
TACTTGTTAGTAGTCC-1,1,37,87,13292,17346
CCTAGGCGTAGCGATC-1,1,36,88,13041,17497
CTGGCGCACAGGTCTG-1,1,37,89,13298,17638
ACTTATACTTACCCGG-1,1,36,90,13047,17789
GAAGTCTCCCTAGCGA-1,1,37,91,13304,17930
ACCGATGGTAGCATCG-1,1,36,92,13053,18080
CGAGTTTATCGGACTG-1,1,37,93,13309,18221
CATAACGGACAGTCGT-1,1,36,94,13058,18372
TGACGATGCACTAGAA-1,1,37,95,13315,18513
TAGGGAGCTTGGGATG-1,1,36,96,13064,18664
AGGGTCGATGCGAACT-1,1,37,97,13320,18805
TATATCCCTGGGAGGA-1,1,36,98,13070,18955
CATCTTACACCACCTC-1,1,37,99,13326,19096
GTGCGACAGGGAGTGT-1,1,36,100,13075,19247
CCGATCTCAACCTTAT-1,1,37,101,13332,19388
ACGATCATCTTGTAAA-1,1,36,102,13081,19538
GAAAGAACAGCGTTAT-1,1,37,103,13337,19679
CTAGGTCTGAAGGAAT-1,1,36,104,13086,19830
ATATCAACCTACAGAG-1,1,37,105,13343,19971
AAATAGCTTAGACTTT-1,1,36,106,13092,20122
GCGACATGTAAACATC-1,1,37,107,13349,20263
ATAAGTAGGGCGACTC-1,1,36,108,13098,20413
GCGAGCGCATGCTCCC-1,1,37,109,13354,20554
AGGGACCGGCTGCGTT-1,1,36,110,13103,20705
CCTATGAAGTGGTGCC-1,1,37,111,13360,20846
GCTTACGTAGTTAGTA-1,1,36,112,13109,20997
CATACTTAGGCAATAC-1,1,37,113,13366,21137
CCTGTCCCTCACGTTA-1,1,36,114,13115,21288
CAATGTGCCAACCCTT-1,1,37,115,13371,21429
GTTAAGTTAGAGTGGG-1,1,36,116,13120,21580
CTGGGATACGCTACCC-1,1,37,117,13377,21721
AACCTGTCACGGAATT-1,1,36,118,13126,21871
ACTGCGGACACACCGT-1,1,37,119,13383,22012
CCGTGAGGCATTCATG-1,1,36,120,13132,22163
GCCCAGATGCTGGAGA-1,1,37,121,13388,22304
TCTGGCCGTTCAAGTT-1,1,36,122,13137,22455
ATACGAAGGCTTTCCA-1,1,37,123,13394,22595
GATCCGAATATAAGTG-1,1,36,124,13143,22746
GTGGAGCATGTCGGCC-1,1,37,125,13399,22887
ACTCTTCAGCTCCCGC-1,1,36,126,13149,23038
CCCGATAGCCTCGCCT-1,1,37,127,13405,23179
ACAGGTGTGTTGTTGC-1,1,38,0,13300,4657
TGAACTGCTATGACTT-1,1,39,1,13557,4797
TGACATATATGACGAT-1,1,38,2,13306,4948
AAGTCTTCTGTGGCCT-1,1,39,3,13563,5089
ACCAGACCATAACAAC-1,1,38,4,13312,5240
TGAGACGTACCTCTCA-1,1,39,5,13568,5381
GACCGTTACATGCGAC-1,1,38,6,13317,5531
GGTTCGGATTATACTA-1,1,39,7,13574,5672
CCTCCTGAGCCCACAT-1,1,38,8,13323,5823
CCGCGATTTGGTAGGT-1,1,39,9,13580,5964
AATCTCTACTGTGGTT-1,1,38,10,13329,6115
ACTTTGACTGCATCCT-1,1,39,11,13585,6255
CCCTGACTAACAAATT-1,1,38,12,13334,6406
ACGCTGTGAGGCGTAG-1,1,39,13,13591,6547
GCATACGAGGTCTTTA-1,1,38,14,13340,6698
TCGGGATTCAAACATA-1,1,39,15,13596,6839
GGGCCCTACGAAAGGG-1,1,38,16,13346,6989
CGCCAAGAAGCCGAGT-1,1,39,17,13602,7130
GGTACATCTGGGACGA-1,1,38,18,13351,7281
GGATGCTGGCGTTCCT-1,1,39,19,13608,7422
CCGATTCGAGGGACCC-1,1,38,20,13357,7573
CCACTGGTGGCTGGTT-1,1,39,21,13613,7714
GACAGGCACACACTAT-1,1,38,22,13363,7864
TCAACGCGACCGGCAG-1,1,39,23,13619,8005
CTACGACTAGCTATAA-1,1,38,24,13368,8156
CGGTTGACCTGGCATA-1,1,39,25,13625,8297
ATCCTGAATCGCTGCG-1,1,38,26,13374,8447
GTTTCATATCGTCGCT-1,1,39,27,13630,8588
ATAAATATTAGCAGCT-1,1,38,28,13379,8739
AAGAGGATGTACGCGA-1,1,39,29,13636,8880
TCCTGCGTTGATACTC-1,1,38,30,13385,9031
CGTGCATTGTCGACGC-1,1,39,31,13642,9172
CCGGGTTCGAGGTTAC-1,1,38,32,13391,9322
CCCAATTTCACAACTT-1,1,39,33,13647,9463
TGATTTATTAGCTGTG-1,1,38,34,13396,9614
TGGAAGAAGGGAACGT-1,1,39,35,13653,9755
GACGCTTGCTTCTAAA-1,1,38,36,13402,9906
GGGAACGGGAGGTTAG-1,1,39,37,13659,10046
GCGGCTCTGACGTACC-1,1,38,38,13408,10197
ACGTTAGATTTGCCCG-1,1,39,39,13664,10338
GAGAGGGCGCGAGGTT-1,1,38,40,13413,10489
GCGTCTCTGCATTGGG-1,1,39,41,13670,10630
GCAGCACACAGCCCAG-1,1,38,42,13419,10780
CAGGCCGTTTGGGTGT-1,1,39,43,13675,10921
AACTCAAGTTAATTGC-1,1,38,44,13425,11072
CTTCGTAGATAGGTGA-1,1,39,45,13681,11213
TGCAGAGTACCGAGCA-1,1,38,46,13430,11364
GAAGTGATTTATCGTG-1,1,39,47,13687,11504
CGCTACGGGACATTTA-1,1,38,48,13436,11655
CCACACTGAGATATTA-1,1,39,49,13692,11796
CGATCCGACCCAGTGC-1,1,38,50,13442,11947
CTGTACTTCTTAGCAT-1,1,39,51,13698,12088
ACTTATTAGGATCGGT-1,1,38,52,13447,12238
TAGTCCGCAGAGAATG-1,1,39,53,13704,12379
TTCACGAAAGGATCAC-1,1,38,54,13453,12530
TACATTTCTAACGTGC-1,1,39,55,13709,12671
ACCATATCCGCAATAA-1,1,38,56,13458,12822
CACTCAAGAGCTATGG-1,1,39,57,13715,12963
TGTACGAACAAATCCG-1,1,38,58,13464,13113
ATCATCCAATATTTGT-1,1,39,59,13721,13254
CGCTATTCTTAGGCTC-1,1,38,60,13470,13405
TGGCAGCAGTAATAGT-1,1,39,61,13726,13546
TCACGTGCCCGATTCA-1,1,38,62,13475,13696
CATACGGCGTCTGGGC-1,1,39,63,13732,13837
CACATGATTCAGCAAC-1,1,38,64,13481,13988
GCTAGTAGAGCTTGTA-1,1,39,65,13738,14129
TGCTGTTGAAGAACTC-1,1,38,66,13487,14280
CGGAGCATGGCGATCC-1,1,39,67,13743,14421
TAGCGTTGGGTCTTAC-1,1,38,68,13492,14571
GTAGCGGCTATACACT-1,1,39,69,13749,14712
TAACATACAATGTGGG-1,1,38,70,13498,14863
TCTTCGAATAGACGTT-1,1,39,71,13754,15004
GATCGTGACTGATATC-1,1,38,72,13504,15155
GATCCGGGAATTAACA-1,1,39,73,13760,15295
TTATATACGCTGTCAC-1,1,38,74,13509,15446
GTCGCGTAACCCGTTG-1,1,39,75,13766,15587
AGCTCTAGACGTTCCA-1,1,38,76,13515,15738
GTCAAGCGGACTCGGG-1,1,39,77,13771,15879
CGAGGGACTGCGGTCG-1,1,38,78,13521,16029
AATCGCCTCAGCGCCA-1,1,39,79,13777,16170
CTTGTTGCTGAGTCAA-1,1,38,80,13526,16321
GATATGAGACACTAAC-1,1,39,81,13783,16462
TTATGATCTTAACGAA-1,1,38,82,13532,16613
CGCCGCCCATGCCTGT-1,1,39,83,13788,16753
CTGGGATAAATAATGG-1,1,38,84,13537,16904
GTGCCCGTTCGGATTC-1,1,39,85,13794,17045
TTCAATACTCTGAATC-1,1,38,86,13543,17196
CGCACATGTCCACTAC-1,1,39,87,13800,17337
AGAAGAGCGCCGTTCC-1,1,38,88,13549,17487
GATAACTCGCACTGTG-1,1,39,89,13805,17628
AGTCGACGGTCTCAAG-1,1,38,90,13554,17779
GTGACCGCACACTACG-1,1,39,91,13811,17920
GTATGTGGGTCTAGTT-1,1,38,92,13560,18071
CTTGAGTTAGGGTAAT-1,1,39,93,13817,18212
TTAGCTGATTTGCCGT-1,1,38,94,13566,18362
GCTGTTGCTACCGAAC-1,1,39,95,13822,18503
TATTACCATCCTGCTT-1,1,38,96,13571,18654
TTGAATTCACGTGAGG-1,1,39,97,13828,18795
CCATCTCACCAGTGAA-1,1,38,98,13577,18945
CGCACGTGCGCTATCA-1,1,39,99,13833,19086
ACCCGGATGACGCATC-1,1,38,100,13583,19237
CGCTAGAGACCGCTGC-1,1,39,101,13839,19378
ATAGTTCCACCCACTC-1,1,38,102,13588,19529
GCAGACCCAGCACGTA-1,1,39,103,13845,19670
TAGACTACCTAGCGTT-1,1,38,104,13594,19820
GGTTCTACTCGTCTGA-1,1,39,105,13850,19961
GACTCACCCACGTGAG-1,1,38,106,13600,20112
AGCTCTTCGTAACCTT-1,1,39,107,13856,20253
ACTATCCAGGGCATGG-1,1,38,108,13605,20403
AAGGATCGATCGCTTG-1,1,39,109,13862,20544
ATATCGGTAGGGAGAT-1,1,38,110,13611,20695
TTCCAGACGAGATTTA-1,1,39,111,13867,20836
GACCGACGTGAAAGCA-1,1,38,112,13616,20987
CCTGGAAACGTTCTGC-1,1,39,113,13873,21128
CCGGTAATGGCTAGTC-1,1,38,114,13622,21278
GCCGTGGAAGAAATGT-1,1,39,115,13879,21419
GTCTTGAGGAGCAGTG-1,1,38,116,13628,21570
TCCCAAAGCCCTAAAT-1,1,39,117,13884,21711
TTGAGCGCCACGTGAT-1,1,38,118,13633,21862
TTGAGTCCCGCTGCTG-1,1,39,119,13890,22002
ATGGAACCTTTGCACA-1,1,38,120,13639,22153
GCTAGCACCTGGGCCA-1,1,39,121,13896,22294
CGCCGTCTACCCATCG-1,1,38,122,13645,22445
GATAGGTGTCCCGGGC-1,1,39,123,13901,22586
AGGTATGCGGACATTA-1,1,38,124,13650,22736
TTGGTTCGCTCAAAGG-1,1,39,125,13907,22877
TCTGGAGCGTAAGAGT-1,1,38,126,13656,23028
TGCCTAAATTTAATAG-1,1,39,127,13912,23169
TAATTTCCGTCCAGTA-1,1,40,0,13808,4647
TCCTTCAATCCCTACG-1,1,41,1,14064,4788
TACCTATCCCTAGAGG-1,1,40,2,13813,4938
GCATGGGTACTGACGC-1,1,41,3,14070,5079
GTCGGGAACATGGTAG-1,1,40,4,13819,5230
GCAAATGAGGACACTT-1,1,41,5,14076,5371
GAATGGGCTTATCGAC-1,1,40,6,13825,5522
TGGTCGTGCAAGGCAA-1,1,41,7,14081,5662
CACCACGCCACACAGA-1,1,40,8,13830,5813
GAACCTCGACCTACAC-1,1,41,9,14087,5954
CAATACGCTCTGAGGC-1,1,40,10,13836,6105
TGGTAAGCAGGATTGA-1,1,41,11,14093,6246
AGTGGCTCCGTCGGCC-1,1,40,12,13842,6396
GATCGGATAGAACCAT-1,1,41,13,14098,6537
GCTACAGTACGGACCG-1,1,40,14,13847,6688
TCTATTACTAGAGGAT-1,1,41,15,14104,6829
TTCAGGCGTCAAAGCC-1,1,40,16,13853,6980
AGACCGGGAAACCCTG-1,1,41,17,14110,7120
AGAGATCTCTAAAGCG-1,1,40,18,13859,7271
CCCTGCCCAATCCGCT-1,1,41,19,14115,7412
GTGGCGGTCCCAGCGT-1,1,40,20,13864,7563
GCATTGTAATTCATAT-1,1,41,21,14121,7704
CCGTTCCGAATCTCGG-1,1,40,22,13870,7854
AGCTTGATCTTAACTT-1,1,41,23,14126,7995
CCTGTACTCACGCCCA-1,1,40,24,13876,8146
AAGTGACGACCGAATT-1,1,41,25,14132,8287
CTCACTTGGCTGGTAA-1,1,40,26,13881,8438
CGCCTGGCCTACGTAA-1,1,41,27,14138,8579
CCCGTAAGTCTAGGCC-1,1,40,28,13887,8729
TTGGACATGTGGCTTA-1,1,41,29,14143,8870
ATTACGCGCTGGCAGG-1,1,40,30,13893,9021
ACGCGCTACACAGGGT-1,1,41,31,14149,9162
TACGTTTACCGGCAAT-1,1,40,32,13898,9312
CGAAACGCAATTCATG-1,1,41,33,14155,9453
TAGTCTAACAACGAGA-1,1,40,34,13904,9604
TTGCATGCTGATCACG-1,1,41,35,14160,9745
TCTGGGTAGCGCTCAT-1,1,40,36,13909,9896
ACATCGGTCAGCCGCG-1,1,41,37,14166,10037
AGATACCGGTGTTCAC-1,1,40,38,13915,10187
GATTACTGAATTTGGG-1,1,41,39,14172,10328
TCCAACTTTAAATTCT-1,1,40,40,13921,10479
TCCTAGCAAAGAAGCT-1,1,41,41,14177,10620
GTCTATCTGAGTTTCT-1,1,40,42,13926,10771
GATGTTCAATCCACGA-1,1,41,43,14183,10911
AGTTAAACACTTGCGA-1,1,40,44,13932,11062
AGCTCTTTACTCAGTT-1,1,41,45,14189,11203
ATCCAGGATTCGTGAA-1,1,40,46,13938,11354
AGTCAACACCACCATC-1,1,41,47,14194,11495
CGATACCTCGCGGACA-1,1,40,48,13943,11645
TACAACGCACAACTCA-1,1,41,49,14200,11786
AATTAAAGGTCGGCGT-1,1,40,50,13949,11937
TACGCAGTTCTTTCCT-1,1,41,51,14205,12078
GACCGTGCTGACGGTG-1,1,40,52,13955,12229
GGCAAATTACTTTACT-1,1,41,53,14211,12369
GGTACAAACATGCTAT-1,1,40,54,13960,12520
CGGGCCTTCTTTGTAA-1,1,41,55,14217,12661
CGTGAAGTTAATTCAC-1,1,40,56,13966,12812
ATAGTGAAGCGTTCTC-1,1,41,57,14222,12953
TACGCCATATTCTAAT-1,1,40,58,13972,13103
GCCGGGTTAGGGTCGC-1,1,41,59,14228,13244
TACATAGGCATACACC-1,1,40,60,13977,13395
GCCGATTGGCCAAGCT-1,1,41,61,14234,13536
CTGCCATGCATCACAT-1,1,40,62,13983,13687
TTATGAATGAAAGGGA-1,1,41,63,14239,13828
GCTGAGGCGTGAGTAT-1,1,40,64,13988,13978
GCGCCGTTCCACGATA-1,1,41,65,14245,14119
CGCATGGTGCGATGCT-1,1,40,66,13994,14270
AGGTTTCACACACCTT-1,1,41,67,14251,14411
CAAGGATCGCATGTTC-1,1,40,68,14000,14561
ACGTTAATGTCGAAGA-1,1,41,69,14256,14702
TCCAGAGCACCGGTTC-1,1,40,70,14005,14853
GATTCGACGGTTCACG-1,1,41,71,14262,14994
GTTTCTGCAGTCTCCC-1,1,40,72,14011,15145
GCTGCACGGTTTCTTA-1,1,41,73,14268,15286
CGTGCAGACTGGGACA-1,1,40,74,14017,15436
GTGTTACTATGCGTCC-1,1,41,75,14273,15577
TCCTCGGGCTGGGCTT-1,1,40,76,14022,15728
GTGAGGACACTTAAGG-1,1,41,77,14279,15869
ATACGCCGGCGAAACC-1,1,40,78,14028,16020
TCTGCCAGAAACTGCA-1,1,41,79,14284,16160
TTCTGCGGGTTAGCGG-1,1,40,80,14034,16311
CTCGGTACCACTGCTC-1,1,41,81,14290,16452
GTAAGTAACAGTCTGG-1,1,40,82,14039,16603
GTGCGTGTATATGAGC-1,1,41,83,14296,16744
ATTTGTCTTGGGAGCT-1,1,40,84,14045,16894
CCTCGGACCGGGATAG-1,1,41,85,14301,17035
TAGGTGCTCGCCTAGC-1,1,40,86,14051,17186
CTTTAGGAACACTGTT-1,1,41,87,14307,17327
TCGGGCCGTCGTGGTA-1,1,40,88,14056,17478
AGTGCTTGCACGAATA-1,1,41,89,14313,17618
TGCAGTTTCCTCCCAT-1,1,40,90,14062,17769
TGAGAGATTTACCACG-1,1,41,91,14318,17910
GAAACAGATGACCACC-1,1,40,92,14067,18061
AGCAACATATCTTATT-1,1,41,93,14324,18202
CAAGTGTGGTTGCAAA-1,1,40,94,14073,18352
GCCTCATCTGGAAATA-1,1,41,95,14330,18493
AACCCTACTGTCAATA-1,1,40,96,14079,18644
ACGTATTACTCCGATC-1,1,41,97,14335,18785
TCTGGGAACCTTTGAA-1,1,40,98,14084,18936
GCTCGCTCATGTCCAA-1,1,41,99,14341,19077
GCGCAAGAGCGCGCTG-1,1,40,100,14090,19227
TTGACGCTCCATGAGC-1,1,41,101,14347,19368
TATAGATGGTCGCAGT-1,1,40,102,14096,19519
TTACATGCCACAACTA-1,1,41,103,14352,19660
ACATGGCGCCAAAGTA-1,1,40,104,14101,19810
TATGGTTAGTGGGAGA-1,1,41,105,14358,19951
CATGACTTCGCTGAAT-1,1,40,106,14107,20102
ACCACCAATGTAACAA-1,1,41,107,14363,20243
TCTTAGAGCTCCAATT-1,1,40,108,14113,20394
CCACGAATTTAACCTC-1,1,41,109,14369,20535
TTCTTGCTAGCATCTC-1,1,40,110,14118,20685
ACACCTTACTACTTGC-1,1,41,111,14375,20826
AGTCGGTTGCGTGAGA-1,1,40,112,14124,20977
ACCTACAGTATGTGGT-1,1,41,113,14380,21118
GAGGATAAACAGTGCT-1,1,40,114,14130,21269
TTCCGGTATCTGTGTC-1,1,41,115,14386,21409
GGAGGCCGAAGTCGTC-1,1,40,116,14135,21560
TTCGCTAGGAAGTTGT-1,1,41,117,14392,21701
TAAAGACAACCCTTTA-1,1,40,118,14141,21852
GTTGCGCTAACATTAC-1,1,41,119,14397,21993
GCTGAACTCTCCAGGG-1,1,40,120,14146,22143
AGCCCTGTCGCACCGT-1,1,41,121,14403,22284
AGCGCTAGAGCGATGT-1,1,40,122,14152,22435
TGCGCCGTTAATAACG-1,1,41,123,14409,22576
TGACAACGCATGTCGC-1,1,40,124,14158,22727
CGTCTTGAGTGTGACG-1,1,41,125,14414,22867
GATAGGATTAATTACA-1,1,40,126,14163,23018
GATACCGTGTCGGAGT-1,1,41,127,14420,23159
TGTGTCGAAGTCGAGG-1,1,42,0,14315,4637
GGATCAGAGCCATCAG-1,1,43,1,14572,4778
GTCCCAATCATCCCGC-1,1,42,2,14321,4928
TGCCACACTAGAGGAA-1,1,43,3,14577,5069
TGAATTTCACTTGCCT-1,1,42,4,14327,5220
CTCAGATTGTGATAAG-1,1,43,5,14583,5361
CGGACGTTACTTGAAG-1,1,42,6,14332,5512
CCGCCTTGCGATGTCG-1,1,43,7,14589,5653
CCAGTCAAATCTCTTA-1,1,42,8,14338,5803
AAACAGCTTTCAGAAG-1,1,43,9,14594,5944
TAGCTGATGTGAAGCG-1,1,42,10,14343,6095
CTTATGCGCTCAGGGC-1,1,43,11,14600,6236
TGGCTCTTGTCGCGTA-1,1,42,12,14349,6387
TTGTGAGGCATGACGC-1,1,43,13,14606,6527
CATAAGCTCTCCGTCT-1,1,42,14,14355,6678
CCTTCTCAGCGTTCCT-1,1,43,15,14611,6819
TGCAGCTACGTACTTC-1,1,42,16,14360,6970
CTCTACACTGGCGATT-1,1,43,17,14617,7111
TGCAGATCGTCCTAGG-1,1,42,18,14366,7261
TGCCAAAGTCAGACTT-1,1,43,19,14623,7402
ACAATAGTCGTACGTT-1,1,42,20,14372,7553
CATGCCAACTCGCAAA-1,1,43,21,14628,7694
TGCAGAACTATATCGT-1,1,42,22,14377,7845
TCGTGTCACGCTGACA-1,1,43,23,14634,7985
TGATCAGGGAACTGCT-1,1,42,24,14383,8136
CTTGCAACCGCCTCCT-1,1,43,25,14639,8277
AGCCCATACATGTAAG-1,1,42,26,14389,8428
ATCCAATGGAGGGTCC-1,1,43,27,14645,8569
AAACCGGGTAGGTACC-1,1,42,28,14394,8719
GCAACCACGGCCGCGT-1,1,43,29,14651,8860
CGCTTATTCCCGGTCG-1,1,42,30,14400,9011
TTACTCTGGTACGTAC-1,1,43,31,14656,9152
GTGGTTTCCGCCTTTC-1,1,42,32,14406,9303
ATAGGCGGCTATAGAA-1,1,43,33,14662,9444
GTGCCATCACACGGTG-1,1,42,34,14411,9594
CCCAACATACGTCGCG-1,1,43,35,14668,9735
CGGTGCAGATAGAACG-1,1,42,36,14417,9886
GGGCGGGTTCCCTACG-1,1,43,37,14673,10027
TGAGCCATACAGTCTC-1,1,42,38,14422,10177
CTCCGCCCACATGAGG-1,1,43,39,14679,10318
GTTGAACCGGTTCCAT-1,1,42,40,14428,10469
TTGACTACCATATGGT-1,1,43,41,14685,10610
ACCATCGTATATGGTA-1,1,42,42,14434,10761
TGCGTAAGAACCTGAT-1,1,43,43,14690,10902
AGAAGGTTGCCGAATT-1,1,42,44,14439,11052
AGGACGACCCATTAGA-1,1,43,45,14696,11193
GGTGCTGGTACACATT-1,1,42,46,14445,11344
GCGCTATGCCGAGGCA-1,1,43,47,14702,11485
ACCCGGTTACACTTCC-1,1,42,48,14451,11636
TAACTCATCCGCGCGG-1,1,43,49,14707,11776
CACAATGAGCTGCTAT-1,1,42,50,14456,11927
GTTACTTTGGGCCTAG-1,1,43,51,14713,12068
GGGCCCGTCTTAAACA-1,1,42,52,14462,12219
GAAATTGTCTCTATAA-1,1,43,53,14719,12360
GGCGCATGAATTGATG-1,1,42,54,14468,12510
CATATAGGTACAGTCA-1,1,43,55,14724,12651
TCAACGAGGAGACAAA-1,1,42,56,14473,12802
TTGCACAATTCAGAAA-1,1,43,57,14730,12943
CATCGGACGGGTTAAT-1,1,42,58,14479,13094
ATTAAACATGCGGACC-1,1,43,59,14735,13234
TATCTACCACAGCGGG-1,1,42,60,14485,13385
CGAGACCCTAGAGTGT-1,1,43,61,14741,13526
ACATCGATCGTTTACC-1,1,42,62,14490,13677
ATCGACCCAATACAGA-1,1,43,63,14747,13818
GAATCTGAACATTCTC-1,1,42,64,14496,13968
AGTTCCTATTTATGTT-1,1,43,65,14752,14109
CAGTCTGTATACTGGG-1,1,42,66,14501,14260
GGAGACGACACCTTTG-1,1,43,67,14758,14401
CCTAAATTAACGGTTC-1,1,42,68,14507,14552
GCTACGACTTATTGGG-1,1,43,69,14764,14693
CTGTGCAGGGTAGGTC-1,1,42,70,14513,14843
ACGCCGCTAGACGACC-1,1,43,71,14769,14984
ACTTGACTCCCTCTTT-1,1,42,72,14518,15135
CGCCTCCCTCCTCTAT-1,1,43,73,14775,15276
CTAGATTTACGACGGC-1,1,42,74,14524,15426
GATGCTGTATTTCATC-1,1,43,75,14781,15567
TGCGTTTGTTGACACT-1,1,42,76,14530,15718
CGTGCCCTCCCGAAGA-1,1,43,77,14786,15859
ACTCTCTGACTTAGGT-1,1,42,78,14535,16010
CTGGGTAGGCAGTTAA-1,1,43,79,14792,16151
GTTTGGCCCAAGTTAT-1,1,42,80,14541,16301
GAATGTGGTCCGGATT-1,1,43,81,14798,16442
CCCAGTTAAGGCGCCG-1,1,42,82,14547,16593
CGGTACTAGAATCAAA-1,1,43,83,14803,16734
GCTTAATGTAACTAAC-1,1,42,84,14552,16885
AGGACAGTCGAATCCC-1,1,43,85,14809,17025
GACAGCCAGACCTGAC-1,1,42,86,14558,17176
GGCGAAATCTAACTTG-1,1,43,87,14814,17317
CTGGTAACACATAGAA-1,1,42,88,14564,17468
TAGCCATTTCAAAGTC-1,1,43,89,14820,17609
GGGATTTACCGCACCT-1,1,42,90,14569,17759
ATGCCATTTGCGACCA-1,1,43,91,14826,17900
GAATAGACGCGACCCA-1,1,42,92,14575,18051
TGTATGGCGCAGACAG-1,1,43,93,14831,18192
GGATGAAGATCGCTGA-1,1,42,94,14580,18343
CGACAATTTGATCTAA-1,1,43,95,14837,18483
AAAGTTGACTCCCGTA-1,1,42,96,14586,18634
CGCGGCTCAACTTGAA-1,1,43,97,14843,18775
CACGCGGAACTGTTGC-1,1,42,98,14592,18926
TCTTAGAGTGAACTCT-1,1,43,99,14848,19067
AGTCCATTGGCTGATG-1,1,42,100,14597,19217
TTAAGATAGGATTGAC-1,1,43,101,14854,19358
ACATCCTGGTAACTGT-1,1,42,102,14603,19509
CACCTTGGCGCCTTTG-1,1,43,103,14860,19650
GCTAGACCGTCTACTG-1,1,42,104,14609,19801
CGGCCCAGGTATATCC-1,1,43,105,14865,19942
GTCCATTACTGCTACG-1,1,42,106,14614,20092
GGGTTTAGGATAGGAT-1,1,43,107,14871,20233
TAATTAGGACATCCGT-1,1,42,108,14620,20384
GCTCCCAGTCGGTCCA-1,1,43,109,14877,20525
ATTCGTGCTATCTCTT-1,1,42,110,14626,20675
GTTAACTATGTTGTCA-1,1,43,111,14882,20816
GCTCCGCTCGCTTCAG-1,1,42,112,14631,20967
GCAACGGCTAGTTATG-1,1,43,113,14888,21108
AATCGCGCAGAGGACT-1,1,42,114,14637,21259
AGGTTACACCATGCCG-1,1,43,115,14893,21400
CGAGATTTCGCTCGGG-1,1,42,116,14643,21550
CGATAATACTCAGGTT-1,1,43,117,14899,21691
AAGGCAGGCTGTCTCC-1,1,42,118,14648,21842
GTAAGTCCACACTCTA-1,1,43,119,14905,21983
ATGAGGGCAGCGGCTA-1,1,42,120,14654,22134
GCCGCACTCCGTTTCA-1,1,43,121,14910,22274
GAGCACGGCGCCTCTT-1,1,42,122,14659,22425
ACAATTTGGCCATATT-1,1,43,123,14916,22566
CTGGTTCGCGAGCTAC-1,1,42,124,14665,22717
GACGGTCCTAGGGTGT-1,1,43,125,14922,22858
ACTCGCGATCTGACGC-1,1,42,126,14671,23008
GTGTACGAACCGTTCC-1,1,43,127,14927,23149
CTTTGACGTCGCTTCT-1,1,44,0,14823,4627
CGTTATCATACTTCCA-1,1,45,1,15079,4768
GCTATGCCAGCTTATG-1,1,44,2,14828,4919
CAGTCGGCCTAGATAT-1,1,45,3,15085,5060
CCCGTGAGGGCGGTGA-1,1,44,4,14834,5210
TCTCGTGTTACGAGGA-1,1,45,5,15090,5351
ACGTCTCGTTCCGGGA-1,1,44,6,14840,5502
CGAGAGCGCGTAGATA-1,1,45,7,15096,5643
GACAGATTTCTGGCTC-1,1,44,8,14845,5794
GGGCCTAAATGGGCTA-1,1,45,9,15102,5934
ACTTGTAGTCCCTTCA-1,1,44,10,14851,6085
CCCGAAGTTTCGCGAA-1,1,45,11,15107,6226
ACCATCCGCCAACTAG-1,1,44,12,14857,6377
TGCGAATATGGGATTT-1,1,45,13,15113,6518
TACATCCCTATCCCTG-1,1,44,14,14862,6668
GTGGGAAGACTGAATC-1,1,45,15,15119,6809
TCAACATCGACCGAGA-1,1,44,16,14868,6960
CTATGTGAGTCACGGC-1,1,45,17,15124,7101
CCGAACACTGGGCCTC-1,1,44,18,14873,7252
AAACTTGCAAACGTAT-1,1,45,19,15130,7392
AGGGCGAGCAGCTGAT-1,1,44,20,14879,7543
AACACGAGACGCGGCC-1,1,45,21,15136,7684
TGACGAATATTTCCCT-1,1,44,22,14885,7835
TCGGAGAGTATCGGGA-1,1,45,23,15141,7976
CAAATCTCTCACAAGG-1,1,44,24,14890,8126
AGGCCCTAGAACGCCA-1,1,45,25,15147,8267
TAGAGATCATGCAACT-1,1,44,26,14896,8418
TTGTTTCCATACAACT-1,1,45,27,15153,8559
GAGAGGTGCATTCTGG-1,1,44,28,14902,8710
GTGGACCAACCCGATT-1,1,45,29,15158,8851
CTGGGCCTGCTATATC-1,1,44,30,14907,9001
CATAGTCCACAAGAAC-1,1,45,31,15164,9142
TTGACATGAACGTGGA-1,1,44,32,14913,9293
GGTTACCACCCTCGGG-1,1,45,33,15169,9434
TACCGGTCGTTTCCAT-1,1,44,34,14919,9584
CGAGTACTAAAGAGGA-1,1,45,35,15175,9725
GCAAGAATTCCTTGGC-1,1,44,36,14924,9876
TCGCCGAAGTTGCGTC-1,1,45,37,15181,10017
TTGAGAGTACTGCTAA-1,1,44,38,14930,10168
GCCACAATTTAAGGAC-1,1,45,39,15186,10309
ATATTCAGTTAAACCT-1,1,44,40,14936,10459
TGAGTGCCTCTTAAAT-1,1,45,41,15192,10600
ATCAGACGGCACGCCG-1,1,44,42,14941,10751
GTGCGAAATCGAACAC-1,1,45,43,15198,10892
GTGCCGCTTCAAAGGT-1,1,44,44,14947,11042
GATACGATGGGAGTCA-1,1,45,45,15203,11183
GACACTGAGTTCAGTG-1,1,44,46,14952,11334
ATCCTGCGTGGAATGG-1,1,45,47,15209,11475
ATCCTACCTAAGCTCT-1,1,44,48,14958,11626
AGTGATATGAGTAGTT-1,1,45,49,15215,11767
ATGATGCAATGGTACA-1,1,44,50,14964,11917
GAAACCGAATTACCTT-1,1,45,51,15220,12058
AGTGACCTACTTTACG-1,1,44,52,14969,12209
CAAATGTCCTTCCGTG-1,1,45,53,15226,12350
TTACTGGGATATTTCA-1,1,44,54,14975,12501
CTTGCCCAGGCTCTAC-1,1,45,55,15232,12641
AAATCGTGTACCACAA-1,1,44,56,14981,12792
GTGATCATAGATCTGC-1,1,45,57,15237,12933
TGGCAGATTACGATCA-1,1,44,58,14986,13084
TCACCCTCTTAAGATT-1,1,45,59,15243,13225
CAGGATATATCGTTGT-1,1,44,60,14992,13375
CCTGACCACCGATGGT-1,1,45,61,15248,13516
CTAAAGGGAAATAGGA-1,1,44,62,14998,13667
CCGCTATCAGCACCAG-1,1,45,63,15254,13808
CTTTAGTGCTATTATT-1,1,44,64,15003,13959
CGGGAATTTATGTAAA-1,1,45,65,15260,14099
TACGACTGCCTCTTAG-1,1,44,66,15009,14250
AAACTGCTGGCTCCAA-1,1,45,67,15265,14391
GTACGTTTGCCCGTCA-1,1,44,68,15015,14542
GGCAAGGCGAAATAGC-1,1,45,69,15271,14683
GATCTTGGAGGGCATA-1,1,44,70,15020,14833
AGCGTGGTATTCTACT-1,1,45,71,15277,14974
CTAAGGGAATGATTGG-1,1,44,72,15026,15125
CATGGTAAGTAGCGTT-1,1,45,73,15282,15266
CGTTGAGCGACCGTCG-1,1,44,74,15031,15417
TGCCCGTACCGTTAAA-1,1,45,75,15288,15558
ACAAGGGCAGGCTCTG-1,1,44,76,15037,15708
GAGATCTTCCATGACA-1,1,45,77,15294,15849
AATGACGTAGGATGTC-1,1,44,78,15043,16000
GTGGTGGCCAAGTGAA-1,1,45,79,15299,16141
TCCCGTGTGCAATTTG-1,1,44,80,15048,16291
ACATCGTATGCAATGG-1,1,45,81,15305,16432
GCGAAACTTAACTGGA-1,1,44,82,15054,16583
AATTGAACGCTCTGGT-1,1,45,83,15311,16724
ACAAATGGTAGTGTTT-1,1,44,84,15060,16875
ATGGTCGCGTGGTTTC-1,1,45,85,15316,17016
TGTTATTGTATGTGGC-1,1,44,86,15065,17166
TTCCGGTTACCCACTT-1,1,45,87,15322,17307
GAGTGTGCGGTACCCA-1,1,44,88,15071,17458
CAAGATATTATAACGT-1,1,45,89,15327,17599
ACACACCAGGACCAGT-1,1,44,90,15077,17750
ATGGGCCTCGGCCTCT-1,1,45,91,15333,17890
AAGGTGATAAACCAGC-1,1,44,92,15082,18041
TCTTACTTATGCCTCT-1,1,45,93,15339,18182
AAAGTGTGATTTATCT-1,1,44,94,15088,18333
TGCTCCACAGTTCTTA-1,1,45,95,15344,18474
CTGGCTGATTCATCCT-1,1,44,96,15094,18624
TAAGGCTGAATCCCTC-1,1,45,97,15350,18765
TCTAGTGATATCGTGG-1,1,44,98,15099,18916
TCGAAGAACCGAGCAC-1,1,45,99,15356,19057
GACAAACATATGCAGG-1,1,44,100,15105,19208
AAGTCAATTGTCGTCA-1,1,45,101,15361,19348
AGTGAACAAACTTCTC-1,1,44,102,15110,19499
CATGATGGAAGTTAGC-1,1,45,103,15367,19640
AAGTGCCTTGACTGTA-1,1,44,104,15116,19791
ATCGCCAGTCAACATT-1,1,45,105,15373,19932
ACCGCGGTGGAAGTCG-1,1,44,106,15122,20082
TCTTCTATAACCCGCC-1,1,45,107,15378,20223
CACATTTCTTGTCAGA-1,1,44,108,15127,20374
TAGCGTCCCTCGATTG-1,1,45,109,15384,20515
GTTCGGATCGGGAACA-1,1,44,110,15133,20666
CAAACTCGCGACGCCG-1,1,45,111,15390,20807
GTCTTGTAGCTATTCA-1,1,44,112,15139,20957
TCTCGACGTATCGCCG-1,1,45,113,15395,21098
TTGCCAAGCAGAACCC-1,1,44,114,15144,21249
AAACCCGAACGAAATC-1,1,45,115,15401,21390
TTGAGCAGCCCACGGT-1,1,44,116,15150,21540
CGCCTTTAGCATGCTC-1,1,45,117,15406,21681
TGTGGCTCCCACCAAC-1,1,44,118,15156,21832
CCGCCGTTGAGGATAA-1,1,45,119,15412,21973
CAATACGAGAGTCTGA-1,1,44,120,15161,22124
CATCTAGTGAAGGGAA-1,1,45,121,15418,22265
GGTGGAGGTTGATACG-1,1,44,122,15167,22415
CCGCACACGAACGTGT-1,1,45,123,15423,22556
AGAACCCAGCGTGACA-1,1,44,124,15173,22707
GCGCTCGATCACCTGT-1,1,45,125,15429,22848
ATCATGGACTACCGAC-1,1,44,126,15178,22999
TACGCCGCCTCAGAAG-1,1,45,127,15435,23139
CGACCTACTAGACAAT-1,1,46,0,15330,4617
GAGTCTTGTAAAGGAC-1,1,47,1,15587,4758
AATATCCTAGCAAACT-1,1,46,2,15336,4909
CCCTAGGCAACAAGAG-1,1,47,3,15592,5050
ACAAAGAAGGTAGGCC-1,1,46,4,15341,5200
CCCTGGCTGTTCCTTC-1,1,47,5,15598,5341
TCGCCGCACCGCGTGA-1,1,46,6,15347,5492
TATAGCGCACGTTATC-1,1,47,7,15604,5633
TTATCTGACATTAGGA-1,1,46,8,15353,5784
AGTGGTGTTACCCGTG-1,1,47,9,15609,5925
GCCAAGAATACTTCTG-1,1,46,10,15358,6075
CCGGCGTGAGACTCTG-1,1,47,11,15615,6216
TTCCCGGCGCCAATAG-1,1,46,12,15364,6367
AAACAGGGTCTATATT-1,1,47,13,15620,6508
ACAGTAATACAACTTG-1,1,46,14,15370,6659
CGAACGGCCGGACAAC-1,1,47,15,15626,6799
GCAACACACTAGAACT-1,1,46,16,15375,6950
ACTCCCATTCCTAAAG-1,1,47,17,15632,7091
ACCTGCGTGTCATGTT-1,1,46,18,15381,7242
TACTTTCCGCACGCCA-1,1,47,19,15637,7383
AGGTCAGGTGAGAGTG-1,1,46,20,15386,7533
TCCTCCTAAGACATTC-1,1,47,21,15643,7674
ATGTGAAAGCCTAATG-1,1,46,22,15392,7825
AGTCGGCTCAACTTTA-1,1,47,23,15649,7966
CGATCTGTTGGAGGAC-1,1,46,24,15398,8117
ACGGGAGTGTCGGCCC-1,1,47,25,15654,8257
TTAACTTCAGGTAGGA-1,1,46,26,15403,8408
CCACGGAGCCATAAGA-1,1,47,27,15660,8549
CTTCTATGTTGAAGTA-1,1,46,28,15409,8700
CACCGTTGCGCGATAT-1,1,47,29,15666,8841
TCTAGCAATCTCCGCC-1,1,46,30,15415,8991
AGTTTGGCCAGACCTA-1,1,47,31,15671,9132
TTGTAAGGACCTAAGT-1,1,46,32,15420,9283
AAATTTGCGGGTGTGG-1,1,47,33,15677,9424
AAGTTCGGCCAACAGG-1,1,46,34,15426,9575
CCGCTTACCTCACTCT-1,1,47,35,15683,9716
ATCACGTGCTAATTAA-1,1,46,36,15432,9866
GGTGAAGTACAGGGAT-1,1,47,37,15688,10007
GCTGTATTACTGGCCC-1,1,46,38,15437,10158
AACGGCCATCTCCGGT-1,1,47,39,15694,10299
TAAGTAACATCTTGAC-1,1,46,40,15443,10449
TTCTTGAGCCGCGCTA-1,1,47,41,15699,10590
AGTGCGTAGCTCGTAA-1,1,46,42,15449,10741
GGGATGGTCGTAACCG-1,1,47,43,15705,10882
GTCTGGGCGGTCGAGA-1,1,46,44,15454,11033
CGGAACGTAAACATAG-1,1,47,45,15711,11174
TGCGACACCCTAGTGC-1,1,46,46,15460,11324
CAAACGAGTATCGCAG-1,1,47,47,15716,11465
TCAGTAGGGACTATAA-1,1,46,48,15465,11616
GCGGTTCCCTATCATG-1,1,47,49,15722,11757
GTGACTTCAGTAGTGC-1,1,46,50,15471,11908
CGTCACGTCCATTGGT-1,1,47,51,15728,12048
ATAAGTTACCGCGACG-1,1,46,52,15477,12199
CTGAATCCGAGACCTC-1,1,47,53,15733,12340
TACGACGCTTGCTGCG-1,1,46,54,15482,12491
GAATTCACCCGGGTGT-1,1,47,55,15739,12632
GGGTGACACCTTAACT-1,1,46,56,15488,12782
TGAGTAAATTAGCGTA-1,1,47,57,15745,12923
GAGTCCGCTTACCGGA-1,1,46,58,15494,13074
GGCGCGTTCGAGTTTA-1,1,47,59,15750,13215
ATTCATATACTGTCCA-1,1,46,60,15499,13366
ATAAACGGACCCGTAA-1,1,47,61,15756,13506
GTCGTACCATCTCGGG-1,1,46,62,15505,13657
ATAATAGCTGTTGAAT-1,1,47,63,15762,13798
TTCCGCGTGAGGCGAT-1,1,46,64,15511,13949
TACCGGCTCACTGCCC-1,1,47,65,15767,14090
GTATCTTTCATAACCA-1,1,46,66,15516,14240
GTTACCTACAACTTGC-1,1,47,67,15773,14381
TGACTATAATCCTTTC-1,1,46,68,15522,14532
AAATACCTATAAGCAT-1,1,47,69,15778,14673
TTATTAGAGCGTGTTC-1,1,46,70,15528,14824
ATGTGGACATCTTGAT-1,1,47,71,15784,14965
GTACGCTTCATTGCAC-1,1,46,72,15533,15115
CACATATTAGCAGGAT-1,1,47,73,15790,15256
CAAGAGGGCGGAGTAC-1,1,46,74,15539,15407
TCGCAAAGATGCATTT-1,1,47,75,15795,15548
GTCGTTATTCGCTTAT-1,1,46,76,15545,15698
TCGTGTACTATGGATG-1,1,47,77,15801,15839
GCGGAGAGGGAGAACG-1,1,46,78,15550,15990
TCACAGGGAATCGCAA-1,1,47,79,15807,16131
GACTGCACCAGCCCAG-1,1,46,80,15556,16282
TCCGCTGTCATCCCGG-1,1,47,81,15812,16423
AGATACTCAAGATCGA-1,1,46,82,15561,16573
ACTGAATGGCGAAAGT-1,1,47,83,15818,16714
TCCTACATCCACGGCC-1,1,46,84,15567,16865
TTCAGCCCTGGTCCAC-1,1,47,85,15824,17006
TTAGAGTTTAGAAGGA-1,1,46,86,15573,17156
GGTTAGCTATATGTCT-1,1,47,87,15829,17297
CTGGTTTCGAGCAAGA-1,1,46,88,15578,17448
TGGGCCCATACTAATT-1,1,47,89,15835,17589
ACTTATTTATGTGCCA-1,1,46,90,15584,17740
TTAGTTATTCGTGGCA-1,1,47,91,15841,17881
AACCGCTAAGGGATGC-1,1,46,92,15590,18031
ATACGTCCACTCCTGT-1,1,47,93,15846,18172
CGACACGCTCCGACAG-1,1,46,94,15595,18323
TCTGAACTCGTACCCG-1,1,47,95,15852,18464
AGGATATAGGGATTTA-1,1,46,96,15601,18615
GTGATCACTAACGCCT-1,1,47,97,15857,18755
ACCGGGCCTTTGTTGA-1,1,46,98,15607,18906
TTGACAGGAGCTCCCG-1,1,47,99,15863,19047
CTCTTCTATTGACTGG-1,1,46,100,15612,19198
CGTGGCCGAATATCTA-1,1,47,101,15869,19339
GGTTTAGCCTTTCTTG-1,1,46,102,15618,19489
TCAAGGTTACTACACC-1,1,47,103,15874,19630
TTGACTATTGTCCGGC-1,1,46,104,15624,19781
CGGGAATATAGTATAC-1,1,47,105,15880,19922
GCAACAGCAGTATGCG-1,1,46,106,15629,20073
ATCAAACACTGTTCCA-1,1,47,107,15886,20213
TGGGCAATAGTTGGGT-1,1,46,108,15635,20364
TGAATGTCAGCCGGCC-1,1,47,109,15891,20505
CGGCTCTAAAGCTGCA-1,1,46,110,15640,20656
GGACACAAGTTTACAC-1,1,47,111,15897,20797
CCGAGAAGTCGCATAA-1,1,46,112,15646,20947
AACTACCCGTTTGTCA-1,1,47,113,15903,21088
GCACAAACGAGGCGTG-1,1,46,114,15652,21239
CACACAGCTTGCGCTC-1,1,47,115,15908,21380
GTGCTTACATCAGCGC-1,1,46,116,15657,21531
GCAAACGTCGCCAGGT-1,1,47,117,15914,21672
GAATAGCATTTAGGGT-1,1,46,118,15663,21822
TACTGTTTCTCTGGTA-1,1,47,119,15920,21963
TCCTATCATAGGTAAC-1,1,46,120,15669,22114
TTCGGTGGAGACGCCC-1,1,47,121,15925,22255
TGTTGCCGTCGTCCCA-1,1,46,122,15674,22405
CCAACTTGATAGATCC-1,1,47,123,15931,22546
CAAAGGTCATCTGAAA-1,1,46,124,15680,22697
CTAGCTTAATGGTCCC-1,1,47,125,15936,22838
AGGCCACATTGGTTAC-1,1,46,126,15686,22989
TTAGGATGGGAGGGTA-1,1,47,127,15942,23130
TATGACCTTGCGCTGG-1,1,48,0,15837,4607
ATATACATGTATGGTA-1,1,49,1,16094,4748
TGTGTGACCATGAATC-1,1,48,2,15843,4899
CCCACTCCACGGTATC-1,1,49,3,16100,5040
GGGCAGACGTCACTGC-1,1,48,4,15849,5191
TCAAAGAGCTATCTGT-1,1,49,5,16105,5332
AGATGCATCCTGTGTC-1,1,48,6,15854,5482
GTGAAGTCACGACTCG-1,1,49,7,16111,5623
TGATTCAGGTCCCGCG-1,1,48,8,15860,5774
CGCCACAGGTCGCGAT-1,1,49,9,16117,5915
TTGAATCGTTGTATAA-1,1,48,10,15866,6065
TGGCCAATTTGGTACT-1,1,49,11,16122,6206
CGACCCTTAACGCCGG-1,1,48,12,15871,6357
TCGGCGTACTGCACAA-1,1,49,13,16128,6498
GAGTAAGGCCACGGGA-1,1,48,14,15877,6649
ATCAGCTCGTCCACTA-1,1,49,15,16133,6790
AGGATCACGCGATCTG-1,1,48,16,15883,6940
AAATGGCCCGTGCCCT-1,1,49,17,16139,7081
CAGTACCAGTTTACGT-1,1,48,18,15888,7232
GGTCGTAAGCTCGCAC-1,1,49,19,16145,7373
CGTTCATGGTGCGCGT-1,1,48,20,15894,7524
GACTACAAAGCGGTGG-1,1,49,21,16150,7664
CAGCTGGCGTAACCGT-1,1,48,22,15900,7815
ACTCGTAACCCGTCCT-1,1,49,23,16156,7956
CATATGTCAGGCTACG-1,1,48,24,15905,8107
GCCCGACTTCTTCCCG-1,1,49,25,16162,8248
CTGGCATCCGAATGAG-1,1,48,26,15911,8398
AAGTGCGTTAGAATCT-1,1,49,27,16167,8539
AGAAGTGATTCGTGAT-1,1,48,28,15916,8690
TACCTTAAGATTTCCC-1,1,49,29,16173,8831
AATGACAGCAATGTCT-1,1,48,30,15922,8982
TCAACGCAGGAAATAA-1,1,49,31,16179,9122
TATTCCTCCGCCCACT-1,1,48,32,15928,9273
ATCAAACGAAGGTTTG-1,1,49,33,16184,9414
TTGATTAGCTGTTTCT-1,1,48,34,15933,9565
CTGCTGAGGCCACGAA-1,1,49,35,16190,9706
CCGTGTTAAATTCCAT-1,1,48,36,15939,9856
CACGTCGGCAACCTCT-1,1,49,37,16196,9997
GTATTCTGAGAAACGA-1,1,48,38,15945,10148
CGGTGCGCGTTGGTCC-1,1,49,39,16201,10289
GTGATTCGCCGCTCAA-1,1,48,40,15950,10440
GCCCGCGCGTAAACGG-1,1,49,41,16207,10581
AACGTACTGTGGGTAC-1,1,48,42,15956,10731
GAGTATGCCCGCCTTG-1,1,49,43,16212,10872
TGATTCTGTCGCCGGT-1,1,48,44,15962,11023
GGGCGGCAAATGAATT-1,1,49,45,16218,11164
TTCCAATCTGGCTATC-1,1,48,46,15967,11314
GGAACCGTGTAAATTG-1,1,49,47,16224,11455
TTGGTCACACTCGTAA-1,1,48,48,15973,11606
CGAACCCGCATGCGTC-1,1,49,49,16229,11747
GGGCGTCACCACGTAA-1,1,48,50,15979,11898
TACCAGAAGTAGGTTC-1,1,49,51,16235,12039
TTGGATATCGTCTACG-1,1,48,52,15984,12189
TAGATATGGACTGGAA-1,1,49,53,16241,12330
GCGACGATAGTTGTAC-1,1,48,54,15990,12481
CTGGATTTACACTTGA-1,1,49,55,16246,12622
GTTATATTATCTCCCT-1,1,48,56,15995,12773
TATTCCACTCAGCTCG-1,1,49,57,16252,12913
CTGTTACCCAATCTAG-1,1,48,58,16001,13064
ACGCGAAGTCAGACGA-1,1,49,59,16258,13205
GATAGGTAACGTTGAC-1,1,48,60,16007,13356
TGTTCGTATTGCGGTG-1,1,49,61,16263,13497
GGTCAGTGGGTCCCAC-1,1,48,62,16012,13647
AATTCTAGAGTTAGGC-1,1,49,63,16269,13788
GTTTACGTTCCATCTG-1,1,48,64,16018,13939
AGACCCACCGCTGATC-1,1,49,65,16275,14080
TCTAGCATGCCCAGAA-1,1,48,66,16024,14231
CCCGCAGCGCGAACTA-1,1,49,67,16280,14371
CTCTATTTGGCTGCAG-1,1,48,68,16029,14522
TTCTGCCGCGCCTAGA-1,1,49,69,16286,14663
ACTCCCTAGAATAGTA-1,1,48,70,16035,14814
CCGAACCTTCCCGGCC-1,1,49,71,16291,14955
TCAGACGCTATAGAAG-1,1,48,72,16041,15105
CAGGCGCCATGCTAGG-1,1,49,73,16297,15246
CACTCGAGCTGAACAA-1,1,48,74,16046,15397
ACAAGGAAATCCGCCC-1,1,49,75,16303,15538
ACCACGTGCAGCTATA-1,1,48,76,16052,15689
ACGGCGACGATGGGAA-1,1,49,77,16308,15830
TTACTAAAGGACTTTA-1,1,48,78,16058,15980
GGCTGAAATAGCAAAG-1,1,49,79,16314,16121
TTAGACGAGTCACCTC-1,1,48,80,16063,16272
GTAGTCGCGGGAATCA-1,1,49,81,16320,16413
GCAAACCCTACATTAT-1,1,48,82,16069,16563
GTTAAAGTAGGACTGG-1,1,49,83,16325,16704
ACCCTCCCTTGCTATT-1,1,48,84,16074,16855
CATGTCTCATTTATGG-1,1,49,85,16331,16996
AATAGAATCTGTTTCA-1,1,48,86,16080,17147
TCTCATGAGATAGGGT-1,1,49,87,16337,17288
ATGACTATGCGACATT-1,1,48,88,16086,17438
CCTAACCCAAACAAGT-1,1,49,89,16342,17579
AGTCAAGATGACACTT-1,1,48,90,16091,17730
CGGGAGCTTCAGTGTA-1,1,49,91,16348,17871
CCACAGTACCCATCCT-1,1,48,92,16097,18022
GAGCGCGCACGAGTAG-1,1,49,93,16354,18162
ACCAGTGCGGGAGACG-1,1,48,94,16103,18313
TCCTTACGACGGTCCG-1,1,49,95,16359,18454
TAGTCGATCACGGGTT-1,1,48,96,16108,18605
AGACGAAGTGCCGGTC-1,1,49,97,16365,18746
CGCTGGTGACTACCCT-1,1,48,98,16114,18896
AGGCATTGTCGTAGGG-1,1,49,99,16370,19037
TGGTAGAATATATGGG-1,1,48,100,16120,19188
TTCTTATCCGCTGGGT-1,1,49,101,16376,19329
AGTTTGGCACGGGTTG-1,1,48,102,16125,19480
GCATCGGCCGTGTAGG-1,1,49,103,16382,19620
ATGCGAGTCCCACCAC-1,1,48,104,16131,19771
TCGGCGAACCCAAACC-1,1,49,105,16387,19912
AGAGTAAACTTCACTA-1,1,48,106,16137,20063
AAGCCGAAGCGGTTTA-1,1,49,107,16393,20204
CCCGAGTTTCTCCGTA-1,1,48,108,16142,20354
AATATCGAATCAATGC-1,1,49,109,16399,20495
GCGCCTCCCACTCCGA-1,1,48,110,16148,20646
CGTTAAACTAGTTAGG-1,1,49,111,16404,20787
TGAGTTAAAGACATTC-1,1,48,112,16153,20938
AACAGGTAGTATGGAT-1,1,49,113,16410,21079
GAACGCGGGTCACACG-1,1,48,114,16159,21229
TGTTTGAGATCGTCAG-1,1,49,115,16416,21370
ATCTCGTGAGCGAAAC-1,1,48,116,16165,21521
CTGAGAAAGTTCGGCG-1,1,49,117,16421,21662
ATTACCACACTGCCTG-1,1,48,118,16170,21812
CTGCTGTCTAACGAGC-1,1,49,119,16427,21953
CGTGGAAGCCTCGTAC-1,1,48,120,16176,22104
GGACTCACAAATTAGG-1,1,49,121,16433,22245
CTTTGCTGTCATGGAT-1,1,48,122,16182,22396
GGTGTTGGGCGTCTTA-1,1,49,123,16438,22537
TACCATGTATTGATTT-1,1,48,124,16187,22687
GGTCTCCAAGTAGTGC-1,1,49,125,16444,22828
ATCCTTCTGAAAGAAC-1,1,48,126,16193,22979
CCGGAAGTTATCAGTC-1,1,49,127,16450,23120
TTAGAGGGATATACAG-1,1,50,0,16345,4598
TTGTACACCTCGAACA-1,1,51,1,16601,4739
GTGGGTACTGAGCGTA-1,1,50,2,16351,4889
CTTAAGCAGCGAGCCG-1,1,51,3,16607,5030
GCATTGACTTGCGGAA-1,1,50,4,16356,5181
CCATAACCTGTGCAGT-1,1,51,5,16613,5322
GGGCTACTATTTCGTG-1,1,50,6,16362,5472
GGCGAGCGAAACGGCA-1,1,51,7,16618,5613
GGAGACCATCTACATA-1,1,50,8,16367,5764
AGACCAAACCACACCT-1,1,51,9,16624,5905
CGACGCATCCGTACCT-1,1,50,10,16373,6056
CCTAGGTAAAGGTAGC-1,1,51,11,16630,6197
AGCGGCGGTTAGCGGT-1,1,50,12,16379,6347
CTGGACGCAGTCCGGC-1,1,51,13,16635,6488
AGCCTAATACCCACGT-1,1,50,14,16384,6639
AATCTGGCTTTCTAGT-1,1,51,15,16641,6780
CACCCTTGGTGAGACC-1,1,50,16,16390,6930
GGATCTTGACTCAACC-1,1,51,17,16647,7071
ACGAGGATACCACTCT-1,1,50,18,16396,7222
GAGTTGATGGCAATTT-1,1,51,19,16652,7363
GTGGCAAACAGCGGCA-1,1,50,20,16401,7514
GATGTAACGAACCACC-1,1,51,21,16658,7655
AGCCGTGGCTAAATGT-1,1,50,22,16407,7805
CTCCCTCCTTTCGATC-1,1,51,23,16663,7946
TTGGAAGAATACAGTC-1,1,50,24,16413,8097
AGTTAAGTCAACCGCT-1,1,51,25,16669,8238
CTCATGGTAATTTGCG-1,1,50,26,16418,8389
AAAGTAGCATTGCTCA-1,1,51,27,16675,8529
TTGTGGTAGGAGGGAT-1,1,50,28,16424,8680
AGTCGTGGGCATTACG-1,1,51,29,16680,8821
ACCTAAGTACCTTTCA-1,1,50,30,16430,8972
GTAGAGGGAGACAAGT-1,1,51,31,16686,9113
GATCCTCGACACTGGC-1,1,50,32,16435,9263
CCTACATTCACAGACG-1,1,51,33,16692,9404
TTGACCGTGTTAATGA-1,1,50,34,16441,9555
TCTGTTACCCAGCATA-1,1,51,35,16697,9696
CTAACTGGTCCGGTTC-1,1,50,36,16446,9847
AGCGACAGGAACGGTC-1,1,51,37,16703,9987
TAATAGAACAGAGTTA-1,1,50,38,16452,10138
ACAGGTGGAGGTGAGG-1,1,51,39,16709,10279
TGCGAGAATATTACCC-1,1,50,40,16458,10430
TTGCGTCGGCCAACCG-1,1,51,41,16714,10571
AGGCTTCCCGAAGAAG-1,1,50,42,16463,10721
GCGGACCGCGTTGTGG-1,1,51,43,16720,10862
GTAATCTGATTCTTCG-1,1,50,44,16469,11013
CCGCGGAATGCGTCAC-1,1,51,45,16726,11154
TTCCACACAGATTTGA-1,1,50,46,16475,11305
CTTCTATTAATGCTAG-1,1,51,47,16731,11446
CATTTGAGTGGTACGT-1,1,50,48,16480,11596
TCACAGCAAACTCGAA-1,1,51,49,16737,11737
CAGACGAACCTGATAC-1,1,50,50,16486,11888
TAGCTAGAAGGCATGA-1,1,51,51,16742,12029
ATCCAGAGCAACAACC-1,1,50,52,16492,12179
TCCGGTTCGTCCGGTC-1,1,51,53,16748,12320
CGCGCATGTTTGATTG-1,1,50,54,16497,12471
TGGCGATCAAGTTATG-1,1,51,55,16754,12612
CCCTTTGACAGGTCTT-1,1,50,56,16503,12763
CAGAGACGGTCACCCA-1,1,51,57,16759,12904
TAGCTCGCCTGATAAC-1,1,50,58,16509,13054
TTGTGTTTCCCGAAAG-1,1,51,59,16765,13195
TATACACAGACGCCTT-1,1,50,60,16514,13346
ACATTAGTTTATATCC-1,1,51,61,16771,13487
CCATCGCAGTTAAACT-1,1,50,62,16520,13638
AATTAGCGCTGCAGCG-1,1,51,63,16776,13778
TCCGCTTATCCCATTA-1,1,50,64,16525,13929
GTTTGGGCTTGTGAGC-1,1,51,65,16782,14070
CTTGTCAACATTCGAG-1,1,50,66,16531,14221
GGACCAACAGGATAAC-1,1,51,67,16788,14362
AAGCTAGATCGAGTAA-1,1,50,68,16537,14512
TACCGTGCCTCGGACC-1,1,51,69,16793,14653
GTAGCCAAACATGGGA-1,1,50,70,16542,14804
TGCCAGTACGTGGAGA-1,1,51,71,16799,14945
ATAAGGTGGAGAACAT-1,1,50,72,16548,15096
CTTTAATATTGGTCGA-1,1,51,73,16805,15236
TGGTTCAACGGGTAAT-1,1,50,74,16554,15387
GCTGCTACTGCGTAGC-1,1,51,75,16810,15528
CTGCACAACTACATAT-1,1,50,76,16559,15679
ATATTCCACATAGTGA-1,1,51,77,16816,15820
TGGCAAACTAAATTAC-1,1,50,78,16565,15970
ACCGCAATAACTGCCT-1,1,51,79,16821,16111
TCGCACCAGGAGGCAG-1,1,50,80,16571,16262
ACTTCAGGCTGATCCC-1,1,51,81,16827,16403
ACAAATCGCACCGAAT-1,1,50,82,16576,16554
TCTGATGTATTCTGTC-1,1,51,83,16833,16695
CTTTACCGAATAGTAG-1,1,50,84,16582,16845
GCAGATCCATAAGACT-1,1,51,85,16838,16986
TTCCTCGGACTAACCA-1,1,50,86,16588,17137
TTATCCGGGATCTATA-1,1,51,87,16844,17278
CTGGAAGACACGGTGG-1,1,50,88,16593,17428
GTTCGTCTAAAGAACT-1,1,51,89,16850,17569
GTCTATTGGTTCCGGT-1,1,50,90,16599,17720
CTAGGCGCCCTATCAG-1,1,51,91,16855,17861
AACGGACGTACGTATA-1,1,50,92,16604,18012
AACACACGCTCGCCGC-1,1,51,93,16861,18153
GCTACTATAGTAGAGT-1,1,50,94,16610,18303
AGCATATCAATATGCT-1,1,51,95,16867,18444
CGAACAGTATGGGCGT-1,1,50,96,16616,18595
ACAATTGTGTCTCTTT-1,1,51,97,16872,18736
GATCGCTACCCGATTT-1,1,50,98,16621,18887
ATTGCGATCAGTAACT-1,1,51,99,16878,19027
CAGCAGTCCAGACTAT-1,1,50,100,16627,19178
AGAGGCTTCGGAAACC-1,1,51,101,16884,19319
AAACAAGTATCTCCCA-1,1,50,102,16633,19470
GGCAGCAAACCTATGC-1,1,51,103,16889,19611
ACTAGTTGCGATCGTC-1,1,50,104,16638,19761
TTGGACCATCTGGCAA-1,1,51,105,16895,19902
CCCTCCTCGCTCGTAT-1,1,50,106,16644,20053
GAGCGCAAATACTCCG-1,1,51,107,16900,20194
ATTACATGTCAGTCTT-1,1,50,108,16650,20345
TTGGGACGTAAGAGTT-1,1,51,109,16906,20485
CTTCGGCCAATTGTTT-1,1,50,110,16655,20636
AGACCGCTCCGCGGTT-1,1,51,111,16912,20777
GACCGCGTCTGACGTG-1,1,50,112,16661,20928
CCAAATAACAAGATTC-1,1,51,113,16917,21069
TCTTTAGAGTCTAACA-1,1,50,114,16667,21219
CTCCCAATGAGTCGCG-1,1,51,115,16923,21360
TAGTCTTTCCGAATTG-1,1,50,116,16672,21511
GAGTAAACCGGAAAGT-1,1,51,117,16929,21652
GATCTCGACGCTGTGG-1,1,50,118,16678,21803
CTGACATAGAAATAGA-1,1,51,119,16934,21944
TATACCGAGTGCCACA-1,1,50,120,16683,22094
TCCGAACGTTGCCGCT-1,1,51,121,16940,22235
GCAGAAGGTAATCTCC-1,1,50,122,16689,22386
GGTACTAAGTGCTTTG-1,1,51,123,16946,22527
CAGAATATTCGTTATC-1,1,50,124,16695,22677
TAATCAACCAAATGGG-1,1,51,125,16951,22818
TCTGCTTAGAACAAGC-1,1,50,126,16700,22969
AACTGAGTTATACTGA-1,1,51,127,16957,23110
CCTCAACGATCGCTGT-1,1,52,0,16852,4588
CGGTACGGCAAACCCA-1,1,53,1,17109,4729
CAGATGTTTGTCCCAA-1,1,52,2,16858,4879
GTTTGTTAGCCAAGTA-1,1,53,3,17114,5020
ACGTGACAAAGTAAGT-1,1,52,4,16864,5171
TTGTCACCGCGGTATC-1,1,53,5,17120,5312
GATCTAACCGTATTCA-1,1,52,6,16869,5463
ATGGAAATTTAAGGAG-1,1,53,7,17126,5604
ATTGATCACCACATTT-1,1,52,8,16875,5754
ACTGCTCGGAAGGATG-1,1,53,9,17131,5895
TCTAAAGAACAGTCTC-1,1,52,10,16880,6046
CTGGGTTGAGTTAAAG-1,1,53,11,17137,6187
CCCAGTAAACTTGGGA-1,1,52,12,16886,6337
AGATTCACAACCGATA-1,1,53,13,17143,6478
AGAAGGTACACTTCAC-1,1,52,14,16892,6629
GCAGGAACTTAGATCT-1,1,53,15,17148,6770
AATCTAGGTTTACTTG-1,1,52,16,16897,6921
CCCGGTGTATCGGAAT-1,1,53,17,17154,7062
TTATCCTCAAGGAATA-1,1,52,18,16903,7212
AGCATCATTTCGAAAG-1,1,53,19,17160,7353
CGCGAGTCTGCCGGGT-1,1,52,20,16909,7504
TGCGTCATGACTGAGC-1,1,53,21,17165,7645
GTATGAAATTTCACTC-1,1,52,22,16914,7796
TTGGTTGCGGTGCGCG-1,1,53,23,17171,7936
ACAGAACTGAGAACAA-1,1,52,24,16920,8087
CTACTATCATAGGTTT-1,1,53,25,17177,8228
CCTCTATCGATTAGCA-1,1,52,26,16926,8379
CCGTATCTCGTCGTAG-1,1,53,27,17182,8520
TCACGATGTCCGTGGA-1,1,52,28,16931,8670
TCAACAAAGATAATTC-1,1,53,29,17188,8811
ATGACGCGTTCTATCC-1,1,52,30,16937,8962
ATTTGCGCGAGTAGCT-1,1,53,31,17193,9103
TTCTTGGACGATCTGC-1,1,52,32,16943,9254
AGACGACGATGCCGCT-1,1,53,33,17199,9394
GGTCTCTGAATGGACT-1,1,52,34,16948,9545
GCTCAATCCGTTTATT-1,1,53,35,17205,9686
CCAGAAAGCAACTCAT-1,1,52,36,16954,9837
CACCGTTAGGGATCAC-1,1,53,37,17210,9978
AATAACACTAGAACAA-1,1,52,38,16959,10128
CACCCGGTTTGTGACT-1,1,53,39,17216,10269
CCACCAACTTTACTGT-1,1,52,40,16965,10420
AACTCTCAGTGTGCTC-1,1,53,41,17222,10561
AAACCGTTCGTCCAGG-1,1,52,42,16971,10712
CAGCGATTCCCTTCAA-1,1,53,43,17227,10853
GCTAGCTTGAATAGCT-1,1,52,44,16976,11003
TTGCGGCATCAGAAAG-1,1,53,45,17233,11144
AATAGAACAGAGTGGC-1,1,52,46,16982,11295
GCCATCGAGCTGCGTG-1,1,53,47,17239,11436
ACACTGATCAAGGTGT-1,1,52,48,16988,11586
ACCAACGCTTATTTAT-1,1,53,49,17244,11727
GACATCGATTTATAAC-1,1,52,50,16993,11878
CAGACACCGATCGCTG-1,1,53,51,17250,12019
CCAAGAAAGTGGGCGA-1,1,52,52,16999,12170
GGTAGACCGTTGGGCG-1,1,53,53,17256,12311
TCGTTAGGAGTCCCTA-1,1,52,54,17005,12461
ACGGCCAACATGGACT-1,1,53,55,17261,12602
GTGAGTGGTACAACGC-1,1,52,56,17010,12753
GAGACTTCGCGACCGA-1,1,53,57,17267,12894
GAAGTCAGTTGCACTA-1,1,52,58,17016,13044
GTTTGGTAGGGTCAAC-1,1,53,59,17272,13185
ACGGCACTTGCTTGGG-1,1,52,60,17022,13336
CCTCTGTACTATTCTA-1,1,53,61,17278,13477
CTATTCATGTGTCCCA-1,1,52,62,17027,13628
GCCCGATCTGTGGTCG-1,1,53,63,17284,13769
TTAGAAGAACATGACT-1,1,52,64,17033,13919
AGGATAAAGTCGGGAT-1,1,53,65,17289,14060
CGGCAAACATCGTGCG-1,1,52,66,17038,14211
CTAGTTACAACCCGGT-1,1,53,67,17295,14352
TTCGACAGAGCCCGTG-1,1,52,68,17044,14503
AAGCATACTCTCCTGA-1,1,53,69,17301,14643
GACGACGATCCGCGTT-1,1,52,70,17050,14794
GGTAGAAGACCGCCTG-1,1,53,71,17306,14935
GAGATGGGAGTCGACA-1,1,52,72,17055,15086
AACGATAATGCCGTAG-1,1,53,73,17312,15227
TGGTCCCACGCTACGG-1,1,52,74,17061,15377
CTGCTTGGCGATAGCT-1,1,53,75,17318,15518
ATCGGAGACAGACGGC-1,1,52,76,17067,15669
TAGCGTCCGGTGTGGT-1,1,53,77,17323,15810
GTTGAGTCCCGCCGGT-1,1,52,78,17072,15961
AAATAGGGTGCTATTG-1,1,53,79,17329,16101
AAGTGTTTGGAGACGG-1,1,52,80,17078,16252
AGCACTACCTCACCAG-1,1,53,81,17335,16393
TGCCTTGGCCAGGCAA-1,1,52,82,17084,16544
TCGTCTTAGGCGTTAA-1,1,53,83,17340,16685
TTCTGACCGGGCTCAA-1,1,52,84,17089,16835
CAGAACTTAGCCCTCT-1,1,53,85,17346,16976
AGCTCCTTCGCACATC-1,1,52,86,17095,17127
ACAGGCTTGCCCGACT-1,1,53,87,17351,17268
GCTATACGTCTCGGAC-1,1,52,88,17101,17419
GAGCCAGCTACCTGTG-1,1,53,89,17357,17560
TGCTAAGTGTCTATTT-1,1,52,90,17106,17710
GTCCTACGAATAGTCT-1,1,53,91,17363,17851
CAGTGTCGGCTGGCCC-1,1,52,92,17112,18002
CTATCGACGAAATACA-1,1,53,93,17368,18143
CATCATTACCCTGAGG-1,1,52,94,17117,18293
TAAGTTGCGACGTAGG-1,1,53,95,17374,18434
AGTGCACGCTTAAGAA-1,1,52,96,17123,18585
TGTGCCGGTGCCGGAA-1,1,53,97,17380,18726
AGGAGGCCTTCGCGCG-1,1,52,98,17129,18877
TCCGCGGCCCAATGAA-1,1,53,99,17385,19018
TCCGTTAAGCTAATAT-1,1,52,100,17134,19168
AAATCTAGCCCTGCTA-1,1,53,101,17391,19309
CGCAGGCGATCCAAAC-1,1,52,102,17140,19460
CCATATGGAAACTATA-1,1,53,103,17397,19601
CACCGTATCCCATCCG-1,1,52,104,17146,19752
GGTCAAGACTACTTCG-1,1,53,105,17402,19892
CCCGTTTCGCAGATGT-1,1,52,106,17151,20043
GTTATAATACGGTGAA-1,1,53,107,17408,20184
ACTTGTGGATGGAACG-1,1,52,108,17157,20335
GTTCGCTGAGACGTCT-1,1,53,109,17414,20476
GACACTGGAACCCGAT-1,1,52,110,17163,20626
CCCAGGTCTGAAGGCT-1,1,53,111,17419,20767
TCTCGAGGAGGTTCGC-1,1,52,112,17168,20918
ACTATCTGCCCGCGTA-1,1,53,113,17425,21059
CCTAAATTGTATCCTA-1,1,52,114,17174,21210
AGAAATTATGACTCGC-1,1,53,115,17430,21350
TCCAGCGCTATAAGCG-1,1,52,116,17180,21501
TCGTGTATTGGTCACG-1,1,53,117,17436,21642
CCACATACTGCACCCA-1,1,52,118,17185,21793
GTTGCGGACGGTCAGG-1,1,53,119,17442,21934
GTATTTAATGGCATAA-1,1,52,120,17191,22084
GTCGATAGGTGACTTT-1,1,53,121,17447,22225
AATAATCTTCGTATCG-1,1,52,122,17196,22376
ATTGTTCAACGATCCG-1,1,53,123,17453,22517
GTGCAGCGTAGAGTAG-1,1,52,124,17202,22668
TGTGGTAGGGTGCCTT-1,1,53,125,17459,22809
TGTGGACTATCTACGT-1,1,52,126,17208,22959
GGCGGGCTCTAAGAGT-1,1,53,127,17464,23100
TGTGCCAGAGGCAAAG-1,1,54,0,17360,4578
TGGCTTATGTATAATG-1,1,55,1,17616,4719
GCAAGCTGGAAACCGC-1,1,54,2,17365,4870
GATATCAAGCAGGAGC-1,1,55,3,17622,5010
CACCAATCATCCGTCT-1,1,54,4,17371,5161
CCACATGGCTCTTTAT-1,1,55,5,17627,5302
GTCCTACTCTACGGGC-1,1,54,6,17377,5453
CTCGAGACATACGATA-1,1,55,7,17633,5594
TATCAGTGGCGTAGTC-1,1,54,8,17382,5744
TGACAGGACAAGTCCA-1,1,55,9,17639,5885
TATTAACACCAAAGCA-1,1,54,10,17388,6036
TAGGCGATGAGGTCTC-1,1,55,11,17644,6177
CCGCCGGAACTTCTCG-1,1,54,12,17394,6328
GCCATTAGCCTCAAAC-1,1,55,13,17650,6469
GTTAGGCTACCCGTTT-1,1,54,14,17399,6619
GGGTATTCTAGCAAAC-1,1,55,15,17656,6760
GCCCTAGCCGTCGCGA-1,1,54,16,17405,6911
CAGATCCTGGTTTGAA-1,1,55,17,17661,7052
CTTCAGTGGTCGCCTA-1,1,54,18,17410,7202
GGGCAACCGCACGTGC-1,1,55,19,17667,7343
GACCCAATTATGATAC-1,1,54,20,17416,7494
GAAGCTCGGACCCGTC-1,1,55,21,17673,7635
CGTCGGGTCTAAGCGC-1,1,54,22,17422,7786
GAGGCCCGACTCCGCA-1,1,55,23,17678,7927
TTGCCATAGCCCGCTC-1,1,54,24,17427,8077
TAACATACACGCGATC-1,1,55,25,17684,8218
CCGACGGGCATGAGGT-1,1,54,26,17433,8369
AATGTGCCCGAGGTGT-1,1,55,27,17690,8510
AGCTGTAACCTCAATC-1,1,54,28,17439,8661
CGAGTGAAGGTACCAG-1,1,55,29,17695,8801
AGTCTCACAAGACTAC-1,1,54,30,17444,8952
AAATTGATAGTCCTTT-1,1,55,31,17701,9093
TAAGTCGCCGAGTATC-1,1,54,32,17450,9244
GCGGAGAAACTTCGCA-1,1,55,33,17706,9385
GGCAAAGGCGCCAATA-1,1,54,34,17456,9535
ATTTCCGGGTTCTGCG-1,1,55,35,17712,9676
TAAACCCAGGAGGGCA-1,1,54,36,17461,9827
TTCGGGCGCTAGTCTT-1,1,55,37,17718,9968
GTGGAGTCGGCGGTTG-1,1,54,38,17467,10119
GCACGCCTACTTAGAT-1,1,55,39,17723,10259
CAATATTCTTGACCTA-1,1,54,40,17473,10410
CGTTTGTGTAGAGGGT-1,1,55,41,17729,10551
CATAGCGTTGCCCACC-1,1,54,42,17478,10702
TGATACATTTAGCCGT-1,1,55,43,17735,10843
TTCCGGCCTTGAGGCT-1,1,54,44,17484,10993
CCTATACCGTCCTGTC-1,1,55,45,17740,11134
TCGTTGCTATCCGGTC-1,1,54,46,17489,11285
TGGCGACTGCTCCAAA-1,1,55,47,17746,11426
CAGAGGCGATGCATGA-1,1,54,48,17495,11577
TCACAGGAGAATAAGA-1,1,55,49,17752,11718
GGGTTAACATTTGAGT-1,1,54,50,17501,11868
GCGGGCGAGCCTTACC-1,1,55,51,17757,12009
TGCCAATGGGTACTCT-1,1,54,52,17506,12160
AGGGACTCTACGCGAC-1,1,55,53,17763,12301
GACGCCGTAAAGGCTA-1,1,54,54,17512,12451
AAAGGCTCTCGCGCCG-1,1,55,55,17769,12592
CTGGCTGGTTGTCAGT-1,1,54,56,17518,12743
ACATCCCGGCCATACG-1,1,55,57,17774,12884
CTCTTGTCCCGCTTGG-1,1,54,58,17523,13035
TACGCCTCCATTCCGA-1,1,55,59,17780,13176
CGGAGCAATTTAATCG-1,1,54,60,17529,13326
AACTAGGCTTGGGTGT-1,1,55,61,17785,13467
GCGTCGCCAGGGTGAT-1,1,54,62,17535,13618
GTTGGTCATGCTATCC-1,1,55,63,17791,13759
GCTGGCGGCGCATGCT-1,1,54,64,17540,13910
TGAGCGGAAAGTGTTC-1,1,55,65,17797,14050
CTTTCTGTGCGGGCTT-1,1,54,66,17546,14201
ATCTAATATCCTACGG-1,1,55,67,17802,14342
AACCTTTAAATACGGT-1,1,54,68,17552,14493
TTCACTCGAGCACCTA-1,1,55,69,17808,14634
CTGCACTCCAGTACAG-1,1,54,70,17557,14784
CCATTTCTACCTATTA-1,1,55,71,17814,14925
CAAGCGGCACATAATT-1,1,54,72,17563,15076
GTTAACATCACTTAAA-1,1,55,73,17819,15217
ATATAAATGTAGCTGC-1,1,54,74,17568,15368
GCCTCTATACATAGCA-1,1,55,75,17825,15508
GTGTCGTATAGCGTTC-1,1,54,76,17574,15659
ATACGTACTTAGCCAC-1,1,55,77,17831,15800
GCTATCATACTCATGG-1,1,54,78,17580,15951
TATCCAATTGGTTATC-1,1,55,79,17836,16092
TCTCCCTGGGCAGCGT-1,1,54,80,17585,16242
CCTATAATGAGTGCCC-1,1,55,81,17842,16383
CAATGCGAGAAGTATC-1,1,54,82,17591,16534
TACCAATAAAGTACCA-1,1,55,83,17848,16675
GCTAGGCACCACGGAG-1,1,54,84,17597,16826
GGTGGACTGCTCTGGC-1,1,55,85,17853,16967
TATTCCGAGCTGTTAT-1,1,54,86,17602,17117
TTGAGAAGTTTAGCAT-1,1,55,87,17859,17258
GTCCGGACCTGAAATT-1,1,54,88,17608,17409
CTGTGGTCGGGAGATA-1,1,55,89,17864,17550
CATGTAAGAGACATTT-1,1,54,90,17614,17700
CACGTTTCGTACACAC-1,1,55,91,17870,17841
CATCCTCTCAAAGATC-1,1,54,92,17619,17992
GATTAACCGAAAGCCC-1,1,55,93,17876,18133
AACGCTGTTGCTGAAA-1,1,54,94,17625,18284
TTCAGCTGGCGTGCCC-1,1,55,95,17881,18425
TAGAGGTTCTACTTGT-1,1,54,96,17631,18575
GTATCAAACGTTAGCT-1,1,55,97,17887,18716
AATCATGTAAAGACTC-1,1,54,98,17636,18867
AGTCACTAGCTCTCGA-1,1,55,99,17893,19008
GCGAAACGATCGGGAG-1,1,54,100,17642,19158
CATGGATTGTCTTCCG-1,1,55,101,17898,19299
ATTGGATTACAGCGTA-1,1,54,102,17647,19450
CACACACGCTAACGAG-1,1,55,103,17904,19591
CTATGGGAAGCGGAAT-1,1,54,104,17653,19742
TGCCTAATTGAAGATT-1,1,55,105,17910,19883
TGGCAATGGGACGGCG-1,1,54,106,17659,20033
ACCTCCGCCCTCGCTG-1,1,55,107,17915,20174
CGGCAATAAGATCGCC-1,1,54,108,17664,20325
CCTTGACCACTTTATT-1,1,55,109,17921,20466
TCATTTAGAAGTGTGA-1,1,54,110,17670,20617
CAGAATAACACACGGA-1,1,55,111,17927,20757
TCTGAGCAATTGACTG-1,1,54,112,17676,20908
CAACGTGGTGGAGTCT-1,1,55,113,17932,21049
CACAGTTCGCTTCCCA-1,1,54,114,17681,21200
TCTCTCGCCGCACATA-1,1,55,115,17938,21341
TGGGCAGGCCACCGCA-1,1,54,116,17687,21491
CTCCTGTTCAAGGCAG-1,1,55,117,17943,21632
TATTTGATTTGCACAG-1,1,54,118,17693,21783
GCCACTCCTTACGGTA-1,1,55,119,17949,21924
ACCGATATTTAATCAT-1,1,54,120,17698,22075
TTATTATCTGGAAGGC-1,1,55,121,17955,22215
TACATGCCGGAATTGT-1,1,54,122,17704,22366
GGCACTCAGCCGACCC-1,1,55,123,17960,22507
AAACCGGAAATGTTAA-1,1,54,124,17710,22658
AGACAGGCATCTCAGC-1,1,55,125,17966,22799
GTGGTGATGGTTTGTG-1,1,54,126,17715,22949
CCGATATGACGTAAGG-1,1,55,127,17972,23090
CATACACAAAGTCAGC-1,1,56,0,17867,4568
TGCCGTTCTTAATCGG-1,1,57,1,18124,4709
TCGAGTCTACGATTCG-1,1,56,2,17873,4860
ACTTCCAGTGGAAGCT-1,1,57,3,18129,5001
CAATTGGGCCGCACTC-1,1,56,4,17878,5151
AAATCGCGGAAGGAGT-1,1,57,5,18135,5292
ATATCAATTCCAGCCT-1,1,56,6,17884,5443
CTTTGTCGAATGCTCC-1,1,57,7,18141,5584
TGAGGCATGTACTGTG-1,1,56,8,17890,5735
TTCGCCGCTCGCGCTA-1,1,57,9,18146,5875
GACTCCTTCCAATTGA-1,1,56,10,17895,6026
ACCGAAGAGTCTGGTT-1,1,57,11,18152,6167
TGGCATGAAGTTTGGG-1,1,56,12,17901,6318
ACGAGGTTTACAACGT-1,1,57,13,18157,6459
AACCCATCCCATGATC-1,1,56,14,17907,6609
TCGACAACTGAACCCG-1,1,57,15,18163,6750
TATCTTGCAATACAAC-1,1,56,16,17912,6901
TATTATGTTTGCCTGC-1,1,57,17,18169,7042
GTCAAAGAAGTGGTGT-1,1,56,18,17918,7193
GGGACAGAGTTACTCC-1,1,57,19,18174,7334
AGCAACCGAAAGTAAT-1,1,56,20,17924,7484
CTCTCTAACTGCCTAG-1,1,57,21,18180,7625
ATACGGAACGTCGTTT-1,1,56,22,17929,7776
TCGGTCCCGACAATAG-1,1,57,23,18186,7917
CGCGCAAATGTCCAGA-1,1,56,24,17935,8067
TCTAATACTGCCTCAG-1,1,57,25,18191,8208
CTCGGTTGTCGGCCCT-1,1,56,26,17940,8359
GGTAACCGGGAGGATA-1,1,57,27,18197,8500
CAGGCGCACGGTGGTC-1,1,56,28,17946,8651
TCATCGATGGTCCCAA-1,1,57,29,18203,8792
CAAAGATTATTGGGCC-1,1,56,30,17952,8942
ACAATGAATACGGAGA-1,1,57,31,18208,9083
GCTCCTGACATACTGG-1,1,56,32,17957,9234
GATGACAAGTAGGGCA-1,1,57,33,18214,9375
TACGCCGAGGGTACCC-1,1,56,34,17963,9526
AAGCGTCCCTCATCGA-1,1,57,35,18220,9666
CACTCCTATGTAAGAT-1,1,56,36,17969,9817
TCGAGCCAGGCAGGCC-1,1,57,37,18225,9958
TCGTCAAGTACGCGCA-1,1,56,38,17974,10109
CCCGTAGCTGGGAAGA-1,1,57,39,18231,10250
ACCCTATGCCATATCG-1,1,56,40,17980,10400
GTGGTATAGTCTGCCG-1,1,57,41,18236,10541
CCGGTTTGTAATTGTG-1,1,56,42,17986,10692
GTCGCCGTTGTGTGTT-1,1,57,43,18242,10833
TACTGAACAGATTTAG-1,1,56,44,17991,10984
TATTAACCTGACCGCG-1,1,57,45,18248,11124
CTGTAGCCATCTCACT-1,1,56,46,17997,11275
TACTATGGTTCCTCAG-1,1,57,47,18253,11416
GAGTCAGACCAGAATC-1,1,56,48,18003,11567
TAAGGCATAACATCAA-1,1,57,49,18259,11708
CTTCCGCTCCGTGAAG-1,1,56,50,18008,11858
GGGCTATGATCGATGG-1,1,57,51,18265,11999
GGTCGGTCGTCCACAG-1,1,56,52,18014,12150
GGGACCCGTATATCTT-1,1,57,53,18270,12291
GAAAGCAGTGCACTTT-1,1,56,54,18019,12442
AGCGCATAATGAATCG-1,1,57,55,18276,12583
GCTGCTAAGTAGTCGA-1,1,56,56,18025,12733
AATAGTCCGTCCCGAC-1,1,57,57,18282,12874
AGCAGCCAGATGAATA-1,1,56,58,18031,13025
CCTCGCGCTGTGCGAT-1,1,57,59,18287,13166
TTGTGTATGCCACCAA-1,1,56,60,18036,13316
TGCTCGGCGAAACCCA-1,1,57,61,18293,13457
CGATTAAATATCTCCT-1,1,56,62,18042,13608
TGCCGTGGATCGTCCT-1,1,57,63,18299,13749
GTGGACGCATTTGTCC-1,1,56,64,18048,13900
ACCCGGAAACTCCCAG-1,1,57,65,18304,14041
CCGCATGTGGTACGAT-1,1,56,66,18053,14191
GCAAACCTTGGCCATA-1,1,57,67,18310,14332
ATTCACTGATGTTGGA-1,1,56,68,18059,14483
ACTCCCTAATGCTAAA-1,1,57,69,18315,14624
TCCTAAATTGGGAAGC-1,1,56,70,18065,14775
GAACAGATTACTAAAT-1,1,57,71,18321,14915
ATACAGGCCCTCCAAT-1,1,56,72,18070,15066
CGATTCGCCTGGCTGC-1,1,57,73,18327,15207
TCCGCCTGTCTACAAG-1,1,56,74,18076,15358
CACATCTCACCGACGA-1,1,57,75,18332,15499
CGTCGTCCTTCGCGAA-1,1,56,76,18082,15649
CGTTGAATACCGCGCT-1,1,57,77,18338,15790
ACCAATATGCAAGTTA-1,1,56,78,18087,15941
ACGGATGGTGCGGATA-1,1,57,79,18344,16082
CACCCTAACAAGATCT-1,1,56,80,18093,16233
AAGCTCTTTCATGGTG-1,1,57,81,18349,16373
CATGGGTATGCCTTAT-1,1,56,82,18098,16524
GCGCGTCATTGGTACA-1,1,57,83,18355,16665
TCTGAAGCACGTGGTC-1,1,56,84,18104,16816
AAGTTCACTCCAAGCT-1,1,57,85,18361,16957
TTGGACCTATAACAGT-1,1,56,86,18110,17107
ATCAGCCTCATGCTGC-1,1,57,87,18366,17248
AGTACTCTTATGCCCA-1,1,56,88,18115,17399
GCGCTTAAATAATTGG-1,1,57,89,18372,17540
TTGTGAACCTAATCCG-1,1,56,90,18121,17691
AGTCGTCGACCACCAA-1,1,57,91,18378,17832
TCCTTTAAATCCGCTT-1,1,56,92,18127,17982
ACTGAAACGCCGTTAG-1,1,57,93,18383,18123
GCACACACTGGTAGCC-1,1,56,94,18132,18274
TAAGGGCCTGTCCGAT-1,1,57,95,18389,18415
GCTAGAGTAGAGATGT-1,1,56,96,18138,18565
CACAGGGCCATATAGT-1,1,57,97,18394,18706
CCATGCCCTAGATTTC-1,1,56,98,18144,18857
TCGCGTAGCAGTGTCC-1,1,57,99,18400,18998
GACGAGGCTAATAAAC-1,1,56,100,18149,19149
CTACACTCGCAGATGG-1,1,57,101,18406,19290
ACGCATACGTTTACTA-1,1,56,102,18155,19440
GGAGCAACATTTCAAG-1,1,57,103,18411,19581
CGAGAGGGTAGCCGCG-1,1,56,104,18161,19732
TCGTGTTCGACCACAA-1,1,57,105,18417,19873
TCTACCCAATAGAGAG-1,1,56,106,18166,20024
ATAAACGTTGCACCAC-1,1,57,107,18423,20164
TCAACTGCAGAGTCAG-1,1,56,108,18172,20315
AGCTCCATATATGTTC-1,1,57,109,18428,20456
GTAACATCTAAGATAA-1,1,56,110,18177,20607
CCGACAATAGGCCGCC-1,1,57,111,18434,20748
ATGCTTAGGAGTTGAT-1,1,56,112,18183,20898
AACCCGAGCAGAATCG-1,1,57,113,18440,21039
CGGGTTTGTTAGGGCT-1,1,56,114,18189,21190
AGGCACGTGACTGTCC-1,1,57,115,18445,21331
GACAAGAGATGAGATT-1,1,56,116,18194,21482
AGCCCTTGGACATCCC-1,1,57,117,18451,21622
GCAGTTCGATCCGAGC-1,1,56,118,18200,21773
TCGAGGGCAACAGACG-1,1,57,119,18457,21914
ACTTTGTCGACGCACT-1,1,56,120,18206,22065
GAGTATCAAAGTTACA-1,1,57,121,18462,22206
CCAGGCTGGCGTCTGA-1,1,56,122,18211,22356
GGACTCTTCCGGTTGA-1,1,57,123,18468,22497
TCCCAGCACACGACAT-1,1,56,124,18217,22648
GCTCCATGAGTGCAGA-1,1,57,125,18473,22789
GCAGTGCGGGCGGATG-1,1,56,126,18223,22940
GCGTTCTGACTAAGCG-1,1,57,127,18479,23081
ATTTGGAGATTGCGGT-1,1,58,0,18374,4558
AAGGGTTTGATTTCAG-1,1,59,1,18631,4699
CCGGCCGCGAGCATAT-1,1,58,2,18380,4850
GAGTTCTGTGGGTGCT-1,1,59,3,18637,4991
AAACGAAGATGGAGTA-1,1,58,4,18386,5142
AATTACGAGACCCATC-1,1,59,5,18642,5282
CCTTTGAATTATGGCT-1,1,58,6,18391,5433
CATGGTATTAGTTTGT-1,1,59,7,18648,5574
AACGAAAGTCGTCCCA-1,1,58,8,18397,5725
ACATAAGTCGTGGTGA-1,1,59,9,18654,5866
GCACAACCTCGGGCGT-1,1,58,10,18403,6016
ATGCACGCGCTGTTCA-1,1,59,11,18659,6157
CGATGTTGTTATCTAC-1,1,58,12,18408,6308
GTCTCCTGCCAGTATG-1,1,59,13,18665,6449
GATGCCTTCTGCGGCA-1,1,58,14,18414,6600
ACCGGTCAGGTACACC-1,1,59,15,18670,6741
GTGGAGCGTTTACCGA-1,1,58,16,18420,6891
AGGCGGTTTGTCCCGC-1,1,59,17,18676,7032
TCCCTGGCGTATTAAC-1,1,58,18,18425,7183
AAACACCAATAACTGC-1,1,59,19,18682,7324
TGGACGCAATCCAGCC-1,1,58,20,18431,7474
GGAACCTTGACTCTGC-1,1,59,21,18687,7615
GTATCTCAGTCTTGAC-1,1,58,22,18437,7766
GCTGAATCTTCCAATC-1,1,59,23,18693,7907
AGATGCAAGACGTGCA-1,1,58,24,18442,8058
TTAAGGCCCGTACTTT-1,1,59,25,18699,8199
AGTATGCTGGAGACCA-1,1,58,26,18448,8349
GCGGCAAAGTATTGCC-1,1,59,27,18704,8490
GCGCAAATATATTCAA-1,1,58,28,18453,8641
GAAGAAACGATATTGT-1,1,59,29,18710,8782
GGACCTCTAGGCCGCC-1,1,58,30,18459,8932
AACAGCTGTGTGGCAA-1,1,59,31,18716,9073
TCGAATATCCCGCAGG-1,1,58,32,18465,9224
GCGACCCAACCATCTG-1,1,59,33,18721,9365
AGAGAAGGAGTACAAT-1,1,58,34,18470,9516
GGCTCCTCCACCTGTT-1,1,59,35,18727,9657
TCAGTGTATACGTCAT-1,1,58,36,18476,9807
ATTATTATGTCCGTCA-1,1,59,37,18733,9948
TTAGGTCATAACCGAC-1,1,58,38,18482,10099
AAGATGGCACCGGACC-1,1,59,39,18738,10240
CTACAAGAAATAACCC-1,1,58,40,18487,10391
ACTATTTCCGGGCCCA-1,1,59,41,18744,10531
TTGTTTCACATCCAGG-1,1,58,42,18493,10682
CGCTGTGTGGATGTTG-1,1,59,43,18750,10823
TCAACATAGCGCCCTA-1,1,58,44,18499,10974
GGCCGTTTGGGTTTCA-1,1,59,45,18755,11115
TACTCTTTCGTCTTCA-1,1,58,46,18504,11265
TTCGCGCGCCATACGA-1,1,59,47,18761,11406
CGGAAAGAATCAAACG-1,1,58,48,18510,11557
AGGCAGGGAGCGTACT-1,1,59,49,18766,11698
CCTTTAAGGGAGCACT-1,1,58,50,18516,11849
CGCCCAGCACGCCTAG-1,1,59,51,18772,11989
AGTATTTGGCACGACC-1,1,58,52,18521,12140
TATCCGCACCGTCGGG-1,1,59,53,18778,12281
ACCCGTGTCATCAGTA-1,1,58,54,18527,12432
CAACTGCTCATCCGAT-1,1,59,55,18783,12573
CCGGAGCGTACTTTCT-1,1,58,56,18532,12723
TACCGTAGGTTAACTA-1,1,59,57,18789,12864
TGAGGAGTGCCAGCTT-1,1,58,58,18538,13015
CCAGTCTTGTCATAGA-1,1,59,59,18795,13156
GGGCAGAGCAATCGTT-1,1,58,60,18544,13307
TACCAAATAGCCCAGA-1,1,59,61,18800,13448
TACCTACTCCCAGTAT-1,1,58,62,18549,13598
TGTGAGACTAGCCCAA-1,1,59,63,18806,13739
ATACCTAACCAAGAAA-1,1,58,64,18555,13890
GTCGGGAAGCAGAAAC-1,1,59,65,18812,14031
AATTAACGGATTTCCA-1,1,58,66,18561,14181
GAACCCTCTGTGTTCT-1,1,59,67,18817,14322
ATATAAAGCGCTCGTG-1,1,58,68,18566,14473
CCTGGTCGAATGTGGG-1,1,59,69,18823,14614
CTAGGTTCGGACGTGA-1,1,58,70,18572,14765
TCGGGAGACAGCGTAC-1,1,59,71,18829,14906
CATAAGAAGCTTGGCT-1,1,58,72,18578,15056
AAGCACCCTGCGTATC-1,1,59,73,18834,15197
AGTTTGCACCTGCCTC-1,1,58,74,18583,15348
GACTGCAAATCGAGCT-1,1,59,75,18840,15489
GTGTATATCAGCGGGC-1,1,58,76,18589,15640
CTTCAACTCCACTTGG-1,1,59,77,18845,15780
ACTTACGCATCCACGC-1,1,58,78,18595,15931
CATGAGATGCACTCTC-1,1,59,79,18851,16072
GAGCACCTGTGTCCAG-1,1,58,80,18600,16223
CGCGACCGCGACAGAT-1,1,59,81,18857,16364
GTCCCGCGACGTTATG-1,1,58,82,18606,16514
GCAGTGTGGCTATAGG-1,1,59,83,18862,16655
ATACTGCCTTACACCG-1,1,58,84,18611,16806
TACAGAAACGGTGGGC-1,1,59,85,18868,16947
GGCGCGGAGATCTTTC-1,1,58,86,18617,17098
CGTTAATGTCCCGACG-1,1,59,87,18874,17238
GCTAACTGAAGTCTGA-1,1,58,88,18623,17389
AGTGATAACCTGCGCG-1,1,59,89,18879,17530
TATGATCTTCTCTTTA-1,1,58,90,18628,17681
TGTACCTACACGAGGG-1,1,59,91,18885,17822
ATATCGTTCCTCGAAC-1,1,58,92,18634,17972
CGGCGCCATCAATCCC-1,1,59,93,18891,18113
CCTGTTTGAAGACACG-1,1,58,94,18640,18264
GCCACTCAGAGCGCGA-1,1,59,95,18896,18405
TCGGCTTGTATCGACG-1,1,58,96,18645,18556
TAGATGGTTCCTTACT-1,1,59,97,18902,18697
ATCGTTAGCTAGCGGA-1,1,58,98,18651,18847
ACAGCGACATTCTCAT-1,1,59,99,18908,18988
ATTCAACCATTTAAGG-1,1,58,100,18657,19139
CACTCTTCTGCTAGCC-1,1,59,101,18913,19280
CTAACTGATAATCGCC-1,1,58,102,18662,19430
TGATGTCAATTAAGTG-1,1,59,103,18919,19571
CGCCGTTCAGCATAGT-1,1,58,104,18668,19722
ATACTACCCGTACCAC-1,1,59,105,18924,19863
CCACTGTTTGGATTAA-1,1,58,106,18674,20014
CACTACGGGAGCTGCC-1,1,59,107,18930,20155
GACCAAACGTTGACTG-1,1,58,108,18679,20305
AAGAGGCCCTTTGGAA-1,1,59,109,18936,20446
ACACGTAGGCCACAAG-1,1,58,110,18685,20597
TACTCTTACTTTACTG-1,1,59,111,18941,20738
AGAGCCGCCGAGATTT-1,1,58,112,18690,20889
GGCCTGCTTCTCCCGA-1,1,59,113,18947,21029
TCAAGCGCGGACGGTA-1,1,58,114,18696,21180
ACACTGGGACAGTCGT-1,1,59,115,18953,21321
TGTGTAGTAGCACGTG-1,1,58,116,18702,21472
CTAGCCACAGGCGAGC-1,1,59,117,18958,21613
CTATCGCGTAGAGAAC-1,1,58,118,18707,21763
GTTCCCGTAAACATAT-1,1,59,119,18964,21904
TCTTTCCTTCGAGATA-1,1,58,120,18713,22055
ATATTGGAGAGGCCTT-1,1,59,121,18970,22196
AGGCGATAACTGGCGT-1,1,58,122,18719,22347
ACCCGGAGCACCACAA-1,1,59,123,18975,22487
TGAGCTCAACTGTATA-1,1,58,124,18724,22638
ACGACCCATGAGTTGC-1,1,59,125,18981,22779
CGGTCAGTCCATATTT-1,1,58,126,18730,22930
TCCGGCTGTCGGGTCG-1,1,59,127,18987,23071
ATTCCCGAAGGTACAG-1,1,60,0,18882,4549
CTAACAGCACAATAAC-1,1,61,1,19138,4689
TTGTGCGGAAGCGGAT-1,1,60,2,18888,4840
GGGCACTATTGACCAT-1,1,61,3,19144,4981
CCATAGAGGCTGCCAG-1,1,60,4,18893,5132
CCGAAGCATTGACCAA-1,1,61,5,19150,5273
TACTGAGGGAAGAAAG-1,1,60,6,18899,5423
TATGTAGAAACCCGGC-1,1,61,7,19155,5564
TGGTTAACTTACATTT-1,1,60,8,18904,5715
AGAACCCTCAATTGGG-1,1,61,9,19161,5856
CCTATATCGTGTCACG-1,1,60,10,18910,6007
ACGGCTGGATGTAGAA-1,1,61,11,19167,6147
CTCGCATTGCATAGCC-1,1,60,12,18916,6298
ACTTTGGTCGTGCTCC-1,1,61,13,19172,6439
GCTGGTTTAGGCCATA-1,1,60,14,18921,6590
TGTCGTTATCACATAT-1,1,61,15,19178,6731
ACACATGATCAAATCT-1,1,60,16,18927,6881
TATCCATCTCGGTTAG-1,1,61,17,19184,7022
CTCGTCGAGGGCTCAT-1,1,60,18,18933,7173
ATCAATGCCGTGGCTG-1,1,61,19,19189,7314
GAAACATAGGAAACAG-1,1,60,20,18938,7465
TAATAGGTCACCAGAA-1,1,61,21,19195,7606
CACCAGTCAGCATGCA-1,1,60,22,18944,7756
GAGCGCTGTTAGGTAA-1,1,61,23,19200,7897
CCCTATGTAGAGCAGA-1,1,60,24,18950,8048
GATCGCTATATCTCAG-1,1,61,25,19206,8189
AAGGGACTATGCATTC-1,1,60,26,18955,8339
CTCGGGTTCTCTGGCC-1,1,61,27,19212,8480
TATATATCGAGAAATG-1,1,60,28,18961,8631
ACCCGAGCGAAATTAC-1,1,61,29,19217,8772
TTGTTTCATTAGTCTA-1,1,60,30,18967,8923
ATGGGACCTGCTGAAC-1,1,61,31,19223,9064
TGCGACGGCCGAACGT-1,1,60,32,18972,9214
AGCTAACAAGCAATGT-1,1,61,33,19229,9355
CGTGTCTCGTTACGAC-1,1,60,34,18978,9506
CTAAATCCGGTGTACA-1,1,61,35,19234,9647
GAATAGTGCTCGATTA-1,1,60,36,18983,9798
AACAATACATTGTCGA-1,1,61,37,19240,9938
CACATCGTGCACGCGC-1,1,60,38,18989,10089
ACCGTGACCACGTGGG-1,1,61,39,19246,10230
CCCAATGAGATTTGCA-1,1,60,40,18995,10381
TCAGCAGTAGGCCCTG-1,1,61,41,19251,10522
CTACTCAAGGTATAGT-1,1,60,42,19000,10672
TAGTAGCTTATACCAG-1,1,61,43,19257,10813
ACGTTCGTTCAGGAAA-1,1,60,44,19006,10964
TTAGAATAAGGGTCGG-1,1,61,45,19263,11105
TTCTAGAAAGTCTTAT-1,1,60,46,19012,11256
CCTTCAGTTAAAGTGA-1,1,61,47,19268,11396
TAGCTAGTGATGATGG-1,1,60,48,19017,11547
AGCCCGGTAGCCTGTA-1,1,61,49,19274,11688
TACCTCAGTTGTCTGT-1,1,60,50,19023,11839
GACGGGTTGGCCCGTA-1,1,61,51,19279,11980
GAAACCTATACAAATG-1,1,60,52,19029,12130
TCCACCTCTAGCCTTT-1,1,61,53,19285,12271
AAGACCCAACTGAACA-1,1,60,54,19034,12422
CATACACGGTTCCCAC-1,1,61,55,19291,12563
ACTACGCGTTAGAATT-1,1,60,56,19040,12714
CTTGGCCAAGCTGGGA-1,1,61,57,19296,12855
TTACCCTAGGGATTGG-1,1,60,58,19046,13005
TTCGCACTGTACGACA-1,1,61,59,19302,13146
TAGGTGTTCCACAGAT-1,1,60,60,19051,13297
GAAGCCTGCACATTCC-1,1,61,61,19308,13438
GGCTTTCAATAAGGGT-1,1,60,62,19057,13588
TCCAGGGTATATACGA-1,1,61,63,19313,13729
CTCGCCGAATGTAGGG-1,1,60,64,19062,13880
AGGAAGCTGTCCGCCG-1,1,61,65,19319,14021
GTCTCAAGGCCCGGCT-1,1,60,66,19068,14172
ACCGACACATCTCCCA-1,1,61,67,19325,14313
TATACGCGTCATCACT-1,1,60,68,19074,14463
ATCTGGGCTGTTCTTG-1,1,61,69,19330,14604
TCAAATTTGAGACTCA-1,1,60,70,19079,14755
GTTAAGGGTGCGATGT-1,1,61,71,19336,14896
AGCAAAGGCCGCTAGT-1,1,60,72,19085,15046
TTATAGGTAATTGTCT-1,1,61,73,19342,15187
TTGTGCAGCCACGTCA-1,1,60,74,19091,15338
ACGGACTCTCAAAGCG-1,1,61,75,19347,15479
ATGCTCTGGCGCGGTA-1,1,60,76,19096,15630
ATAATCTTGGAGAACC-1,1,61,77,19353,15771
CTCATTGCTCTAACAA-1,1,60,78,19102,15921
TAGGTGACGATAACCT-1,1,61,79,19358,16062
CGGATCCTCAAGGACT-1,1,60,80,19108,16213
GGGCGTGGTTTCCCAG-1,1,61,81,19364,16354
TGGCTATGTGACATAC-1,1,60,82,19113,16505
CTTAGTGTAGTAGCAT-1,1,61,83,19370,16645
GGATTGCTGTGACTCC-1,1,60,84,19119,16796
ACTTCCATGCGGGACA-1,1,61,85,19375,16937
ACTCAAGTGCAAGGCT-1,1,60,86,19125,17088
ACAAGGATGCTTTAGG-1,1,61,87,19381,17229
TTGAACGACGTGCTGA-1,1,60,88,19130,17379
ATTCATCGTTGAGGCA-1,1,61,89,19387,17520
TGCAACCCATCTGCGG-1,1,60,90,19136,17671
AGTGCTAAACACAGCA-1,1,61,91,19392,17812
AACTCCAGAGCGTGTT-1,1,60,92,19141,17963
TCTCCACAAGTTGAAT-1,1,61,93,19398,18103
CTTTGCATCGCTCTTG-1,1,60,94,19147,18254
TCACAAACCGAGGTAC-1,1,61,95,19404,18395
CCGTAGGAAATCCCTG-1,1,60,96,19153,18546
AAACATTTCCCGGATT-1,1,61,97,19409,18687
GCCTCCGACAATTCAC-1,1,60,98,19158,18837
TCTGCATACCTTGCTT-1,1,61,99,19415,18978
ACCCATTTGTCCCTCT-1,1,60,100,19164,19129
CTGCAGAGAATCAGAG-1,1,61,101,19421,19270
GGAAACTAAATGGGCC-1,1,60,102,19170,19421
CAACCTACCGAGCAGT-1,1,61,103,19426,19562
CCGTAGGGTTGTTTAC-1,1,60,104,19175,19712
GGTTTGTGACCTGAGG-1,1,61,105,19432,19853
TAACCTAGGGAGTCCA-1,1,60,106,19181,20004
TTCCATCGACAGCGTG-1,1,61,107,19437,20145
ATCTCCCACGGAATAT-1,1,60,108,19187,20295
GTTTCAAACGAGTTGT-1,1,61,109,19443,20436
GGAACTTTGGCGATTA-1,1,60,110,19192,20587
CTGCAAGCACGTTCCG-1,1,61,111,19449,20728
CACAGTCCCGCTTCGC-1,1,60,112,19198,20879
TACGCTCGGTATTGGA-1,1,61,113,19454,21020
CTGGTAAAGTGTGGGC-1,1,60,114,19204,21170
CAACCAGTGGCCTACC-1,1,61,115,19460,21311
TCTTCGCGGTGAGAGG-1,1,60,116,19209,21462
TTCGGGTTGCCACGGG-1,1,61,117,19466,21603
ACCGATAGGCATAACC-1,1,60,118,19215,21754
CTTATAGATGGCTGTT-1,1,61,119,19471,21894
AGACGCCCACTTCGCC-1,1,60,120,19220,22045
AGGTCGCCTCCCAACA-1,1,61,121,19477,22186
CCTCACGTCAGCTAAT-1,1,60,122,19226,22337
CCACCTGTATGGAATA-1,1,61,123,19483,22478
GGACTCGAAGCTTTCA-1,1,60,124,19232,22628
AAGCCGGAGAGCAGGA-1,1,61,125,19488,22769
GCCTATCAGGTAAGAT-1,1,60,126,19237,22920
TCAGAGTGTGAGCATG-1,1,61,127,19494,23061
AAACATGGTGAGAGGA-1,1,62,0,19389,4539
ATCATTGTACCGCATT-1,1,63,1,19646,4680
TCAGCTTGAGCTTTCG-1,1,62,2,19395,4830
CCGCGCAAGATACCCA-1,1,63,3,19651,4971
CTATACTTAAAGCGAG-1,1,62,4,19401,5122
ACCGTCCACTGGGCCC-1,1,63,5,19657,5263
AAGACCAAATAACTCA-1,1,62,6,19406,5414
TGTTTCTGAAGCGTGC-1,1,63,7,19663,5554
TTCTCTTACAGGTGAT-1,1,62,8,19412,5705
AATTCATTGTCATGCA-1,1,63,9,19668,5846
GCCCGAGAGTCTAAAT-1,1,62,10,19417,5997
ATATAGAGTATTGGTC-1,1,63,11,19674,6138
TTGAAGGATGGGCGCC-1,1,62,12,19423,6288
TAGTACCACAACTTTC-1,1,63,13,19680,6429
ATCCCATCCACAGCGC-1,1,62,14,19429,6580
CTTAGGTATAGACCAG-1,1,63,15,19685,6721
TGACTCCGAATCATAC-1,1,62,16,19434,6872
ACTACATCCCGACAAG-1,1,63,17,19691,7012
TTGCCGCAGACCTACA-1,1,62,18,19440,7163
TAAGAGGGACAGGGAC-1,1,63,19,19697,7304
CGAATGAAGTCATTGC-1,1,62,20,19446,7455
AAGGGAACGACTGGCT-1,1,63,21,19702,7596
CGAATCTGCTCGACGC-1,1,62,22,19451,7746
ATCGTGGAAAGTCTGG-1,1,63,23,19708,7887
CCTATGGCTCCTAGTG-1,1,62,24,19457,8038
CGTCGCTTGGTTATAC-1,1,63,25,19714,8179
TGCTTAGAGAGAATGC-1,1,62,26,19463,8330
GATTGCTCCAGTTGCA-1,1,63,27,19719,8471
CGTGCTTCTACCTAAA-1,1,62,28,19468,8621
ACTCCAATATCATCAT-1,1,63,29,19725,8762
GCCGACCCACGACTGC-1,1,62,30,19474,8913
GAGGGTAGTAACAAAG-1,1,63,31,19730,9054
GGCCGAGACTCTGGTG-1,1,62,32,19480,9204
TATATAGGGCTTTACG-1,1,63,33,19736,9345
TGCCGGATGTACGAGC-1,1,62,34,19485,9496
AGGTAGATCGAGATAT-1,1,63,35,19742,9637
GATCAACATAAAGGGA-1,1,62,36,19491,9788
TAACAGCGTTTGTGCT-1,1,63,37,19747,9929
CTATAGGCGTTGATGT-1,1,62,38,19496,10079
GGTTTAATTACCATCG-1,1,63,39,19753,10220
CTCTTCTGGAAGTTAG-1,1,62,40,19502,10371
ATCTGACATGGAAGGA-1,1,63,41,19759,10512
TACGTACTAGTGCTGA-1,1,62,42,19508,10663
ATGACTATCAGCTGTG-1,1,63,43,19764,10803
CTTTGGGATTGTTGCA-1,1,62,44,19513,10954
AGACTGTTACCGGGTC-1,1,63,45,19770,11095
TCCTAACCGTCGGGCA-1,1,62,46,19519,11246
ACGCAAACTAATAGAT-1,1,63,47,19776,11387
AAGTGAGTCGGGTTTA-1,1,62,48,19525,11537
TAAAGCGGTATTTCCA-1,1,63,49,19781,11678
CTCCTCCAGCTCACAC-1,1,62,50,19530,11829
CGGTCCGTCGCAAGCC-1,1,63,51,19787,11970
CCTATATTTGTCCTGG-1,1,62,52,19536,12121
TCCAATAAAGGCTACC-1,1,63,53,19793,12261
AAAGGCTACGGACCAT-1,1,62,54,19542,12412
CGTGACCAGTCCTCTG-1,1,63,55,19798,12553
GATCTGCTATCTAAGG-1,1,62,56,19547,12704
CGAATGACGCATAATG-1,1,63,57,19804,12845
GCTCAATGTAATACCG-1,1,62,58,19553,12995
CTATGCCCGAATGCAA-1,1,63,59,19809,13136
CACAGGGCCGTTGTCA-1,1,62,60,19559,13287
TCAATACGCCGTCATG-1,1,63,61,19815,13428
AGCGGACACTTCGTAG-1,1,62,62,19564,13579
ATACGTTATGCACGGA-1,1,63,63,19821,13720
GAGTAGATACTAGTTG-1,1,62,64,19570,13870
CCAGCTCGAACGCATT-1,0,63,65,19826,14011
TGCTTCCCAAGCAGTA-1,1,62,66,19576,14162
GTAGACACGCCTGACT-1,1,63,67,19832,14303
CTCACATTTACTAAAT-1,1,62,68,19581,14453
GAATGCGAATCGGTTC-1,1,63,69,19838,14594
TAAGGCCCGTCACCCT-1,1,62,70,19587,14745
GAGTATGCGCGTGCAT-1,1,63,71,19843,14886
ATCCACATCGACAGAA-1,1,62,72,19592,15037
TAGACGAAACGCCAAT-1,1,63,73,19849,15178
CAGCAGTCTGTGCTGC-1,1,62,74,19598,15328
CTCACTGTGATACTTA-1,1,63,75,19855,15469
TTAATTGCTTTGGGTG-1,1,62,76,19604,15620
GTAGTCTACGATATTG-1,1,63,77,19860,15761
TTGCCGCTTTCTAGTA-1,1,62,78,19609,15912
GAACCTTTAACGATCC-1,1,63,79,19866,16052
TGGACCAATCTAAGAT-1,1,62,80,19615,16203
CTAGTAGAAAGGGATT-1,1,63,81,19872,16344
AACCTCGCTTTAGCCC-1,1,62,82,19621,16495
GAGTGTCAACCAGAAA-1,1,63,83,19877,16636
GTGATCCTTGTCATGA-1,1,62,84,19626,16786
CTCAACTAACCCGGAT-1,1,63,85,19883,16927
AGTGGCGTCTGAAGGT-1,1,62,86,19632,17078
GGGAAGGGCTTTCTCA-1,1,63,87,19888,17219
AGGCCTGAGAATCTCG-1,1,62,88,19638,17370
AGCCACAGGTTACCCG-1,1,63,89,19894,17510
TGCAATCTAACACGGT-1,1,62,90,19643,17661
GTTTGGGTTTCGCCCG-1,1,63,91,19900,17802
CCTATGTCCACTCCAC-1,1,62,92,19649,17953
CTGCCTTTCTAGTAAA-1,1,63,93,19905,18094
TTAGTAAACCTGCTCT-1,1,62,94,19655,18244
TTGTGGTGGTACTAAG-1,1,63,95,19911,18385
CCTCCTGTTGTGTCGT-1,1,62,96,19660,18536
ACAAAGCATGACCTAG-1,1,63,97,19917,18677
ATAGCAACTAGGGAAG-1,1,62,98,19666,18828
CCGCTCTTCCGAACTA-1,1,63,99,19922,18969
TAGAATAGCCGATGAA-1,1,62,100,19671,19119
GGTCTCCGTCCAGGTT-1,1,63,101,19928,19260
TAATTACGTCAGTAGA-1,1,62,102,19677,19411
TACGTAAAGCGGAGTG-1,1,63,103,19934,19552
GCTACAATCGAGGATA-1,1,62,104,19683,19702
TCAGCCAATCCGTAAA-1,1,63,105,19939,19843
ATCATAGCCCTATGTA-1,1,62,106,19688,19994
GAGGCCTGTTGATACA-1,1,63,107,19945,20135
ATATACGCTCGTGACG-1,1,62,108,19694,20286
CCCTTTAATGGAGTTC-1,1,63,109,19951,20427
TTACACGATCTGCGAC-1,1,62,110,19700,20577
TCGCATAAAGGGCGCA-1,1,63,111,19956,20718
TGTAGCCATCCCATTC-1,1,62,112,19705,20869
GGGTCTATCGCTTTCC-1,1,63,113,19962,21010
GGAGGGTCAAGTAAGA-1,1,62,114,19711,21160
TACGGCATGGACGCTA-1,1,63,115,19967,21301
CACGTCAATCAATGGA-1,1,62,116,19717,21452
CGCTTGGACGGATAGA-1,1,63,117,19973,21593
CGCGGTACGGTATACA-1,1,62,118,19722,21744
CCTACTCAACACGATT-1,1,63,119,19979,21885
CGTTTGGTGTTGTGGG-1,1,62,120,19728,22035
GTTGTTGCAAGATGGC-1,1,63,121,19984,22176
CATTCGTCGTAGCGGT-1,1,62,122,19734,22327
CAGCCTCGATAGCGGT-1,1,63,123,19990,22468
TCATAAGTCCAAGAAG-1,1,62,124,19739,22619
AAAGTGCCATCAATTA-1,1,63,125,19996,22759
GTTGCAGTCGACAACA-1,1,62,126,19745,22910
TAAATGGGCTACTGAG-1,1,63,127,20001,23051
GGACAAGCCATGATCG-1,1,64,0,19897,4529
TCCAATGCGTCGCCGC-1,1,65,1,20153,4670
AAAGAATGACCTTAGA-1,1,64,2,19902,4820
CCTATTATTCCGGCCG-1,1,65,3,20159,4961
CAGTAAGGGACGTCTC-1,1,64,4,19908,5112
GGGATGGACCCGCGTC-1,1,65,5,20164,5253
GACGCATACCCGTCGG-1,1,64,6,19914,5404
GGGCAGGATTTCTGTG-1,1,65,7,20170,5545
TATCTGAGCCGATATT-1,1,64,8,19919,5695
AATGTATGGCACTGTA-1,1,65,9,20176,5836
GCCTTTGTCAGTGGAC-1,1,64,10,19925,5987
AACCATAGGGTTGAAC-1,1,65,11,20181,6128
AAACTTAATTGCACGC-1,1,64,12,19931,6279
TAGGCGGCTGCAAAGA-1,1,65,13,20187,6419
TCCATCAATACTAATC-1,1,64,14,19936,6570
ACCTCGAACTTATGCT-1,1,65,15,20193,6711
ACAAACCATGCGTCCT-1,1,64,16,19942,6862
ACACCGGTCTGACCGC-1,1,65,17,20198,7003
ATGGCAGCATTACGAT-1,1,64,18,19947,7153
CTGGTGAATGGGCCTA-1,1,65,19,20204,7294
CACAGAGACGAGGACG-1,1,64,20,19953,7445
GCACAAACCCTAGATG-1,1,65,21,20210,7586
ACTATGTCCAGCTGCC-1,1,64,22,19959,7737
AAGCCGCCGTGAAATC-1,1,65,23,20215,7877
ATGGGTGTATACCTCC-1,1,64,24,19964,8028
TAAGCGCGAATCAAAT-1,1,65,25,20221,8169
AGCCCGGCATTAGAGG-1,1,64,26,19970,8320
GTGATCAAGCGTGCAC-1,1,65,27,20227,8461
CTGCCTTTAATACCTT-1,1,64,28,19976,8611
TACCTCCACACCAATG-1,1,65,29,20232,8752
GAGCATCAACAACTTG-1,1,64,30,19981,8903
CATACGAACTAGCTGG-1,1,65,31,20238,9044
GGGAACGGTTTCAGAT-1,1,64,32,19987,9195
AGGGTGCCGTTCTTTA-1,1,65,33,20243,9336
ACGACTGGTCATACTC-1,1,64,34,19993,9486
GGATCTTACTGCCCTT-1,1,65,35,20249,9627
TACTCCTCTAGTTGAC-1,1,64,36,19998,9778
GTAGCTCCGGGAGGCT-1,1,65,37,20255,9919
GGACTCGTGAGTGGTC-1,1,64,38,20004,10069
GTAGTTCGAAGGCGAA-1,1,65,39,20260,10210
CTCAAACCACTGCCCG-1,1,64,40,20010,10361
GAGGGAGTCAGATCGC-1,1,65,41,20266,10502
GCGTCCCTAAGACATA-1,1,64,42,20015,10653
TCTCTTACCGCGAACC-1,1,65,43,20272,10794
GGCTACTATACACTCC-1,1,64,44,20021,10944
CGTTGCCCGCGTGGGA-1,1,65,45,20277,11085
TATAGAGTCGCTTGAA-1,1,64,46,20026,11236
ATGTTGTAGTCTGTTT-1,1,65,47,20283,11377
AGTATACACAGCGACA-1,1,64,48,20032,11528
TGTGGTTGCTAAAGCT-1,1,65,49,20289,11668
TGATTCCCGGTTACCT-1,1,64,50,20038,11819
CACTGACGATTGTGGA-1,1,65,51,20294,11960
AACATTGTGACTCGAG-1,1,64,52,20043,12111
GTCCAATATTTAGCCT-1,1,65,53,20300,12252
GCTCTTTCCGCTAGTG-1,1,64,54,20049,12402
GGGTCAGGAGCTAGAT-1,1,65,55,20306,12543
AGGTGGTGACCTTCGC-1,1,64,56,20055,12694
CCCGGGTCGTTCAGGG-1,1,65,57,20311,12835
AGCCAAGCTTTGTGTC-1,1,64,58,20060,12986
TGTGGCGGGCTTCTGG-1,1,65,59,20317,13126
CGAGGGTATCCAGGTG-1,1,64,60,20066,13277
CGTTCAGACCCGCGAA-1,1,65,61,20322,13418
TCATATGAGCTTTGTT-1,1,64,62,20072,13569
AGTTGACGGTCCTTGC-1,1,65,63,20328,13710
ATAATTAGCTAAGTAG-1,1,64,64,20077,13860
GGTCTTGAGCGCTCTT-1,1,65,65,20334,14001
CGTTGTCGGCAATTGA-1,0,64,66,20083,14152
TCTTGCTCCCGATACT-1,1,65,67,20339,14293
AGCAGAAGGAGAAAGA-1,1,64,68,20089,14444
GAAGCCACTGATTATG-1,1,65,69,20345,14585
TGCTCTTGAGAGTTTG-1,1,64,70,20094,14735
GACATCCGTCGAACTG-1,1,65,71,20351,14876
AGATATAATACGACTA-1,1,64,72,20100,15027
TCGCTACTGGCTTTGA-1,1,65,73,20356,15168
GTGACAGCTTCCCACT-1,1,64,74,20105,15318
GTGACGCAGGTTTCAT-1,1,65,75,20362,15459
GGGAAGACGGTCTGTC-1,1,64,76,20111,15610
CGTCGCATGTGAGCCA-1,1,65,77,20368,15751
AGAAGGTTGTAGGTCG-1,1,64,78,20117,15902
GGCCGGCGTCTGCTAT-1,1,65,79,20373,16043
TTGACCAGGAACAACT-1,1,64,80,20122,16193
AGTCGTATAAAGCAGA-1,1,65,81,20379,16334
GGCGTAGGGAAAGCTG-1,1,64,82,20128,16485
AAACCTAAGCAGCCGG-1,1,65,83,20385,16626
ATTGCCTTTATGTTTG-1,1,64,84,20134,16777
CAGGCAGTCTTACCAG-1,1,65,85,20390,16917
AGCTAAGTACGCAGGC-1,1,64,86,20139,17068
AAATCCGATACACGCC-1,1,65,87,20396,17209
CGAGAGCTTTCACTAC-1,1,64,88,20145,17360
CGCCCAGCGTTTCACG-1,1,65,89,20402,17501
TTAAGTATTGTTATCC-1,1,64,90,20151,17651
AAACGGGCGTACGGGT-1,1,65,91,20407,17792
GTATCCTTTGGTAACC-1,1,64,92,20156,17943
CATAGTCAAATACATA-1,1,65,93,20413,18084
TCTATGCTATAACGAC-1,1,64,94,20162,18235
ACGTTCTGTACAAGTC-1,1,65,95,20418,18375
CGCGAAGTGGCATACT-1,1,64,96,20168,18526
ACCAACCGCACTCCAC-1,1,65,97,20424,18667
GTCATGCGCGAGGGCT-1,1,64,98,20173,18818
TAGGCTAAAGTGGCAC-1,1,65,99,20430,18959
TGGCTACACTCTACCT-1,1,64,100,20179,19109
TGTCCACGGCTCAACT-1,1,65,101,20435,19250
AATTGCAGCAATCGAC-1,1,64,102,20184,19401
GTCAACCAGGCCTATA-1,1,65,103,20441,19542
ATCTTATCGCACACCC-1,1,64,104,20190,19693
GTCTATTGCATGCTCG-1,1,65,105,20447,19834
GCACGTGGTTTACTTA-1,1,64,106,20196,19984
ATTCGCGCCTTGAGAG-1,1,65,107,20452,20125
AGCGATGCGCCTAATA-1,1,64,108,20201,20276
TCTATAGGTGGGTAAT-1,1,65,109,20458,20417
AGATACCAATAGAACC-1,1,64,110,20207,20567
CGTGTATGGGAGCTGA-1,1,65,111,20464,20708
ATGTACATGCGGTGAG-1,1,64,112,20213,20859
TTGGCTCAATATGTGT-1,1,65,113,20469,21000
GTTCGGAGCACTCAAC-1,1,64,114,20218,21151
TCCCTCTTCTCAAGGG-1,1,65,115,20475,21292
TTACGTATCTATGACA-1,1,64,116,20224,21442
CCCATATAGGTCGATT-1,1,65,117,20481,21583
GTCCACGTCGCATTCG-1,1,64,118,20230,21734
AATTGTGGTTGCCAAA-1,1,65,119,20486,21875
AGGAACGAACGACTTC-1,1,64,120,20235,22026
TAATTCCAATGCTTCA-1,1,65,121,20492,22166
AGGGCCCTAATGTTCT-1,1,64,122,20241,22317
AGGTGTTGCCGACCAC-1,1,65,123,20497,22458
CTGAGAGTAGAAATAC-1,1,64,124,20247,22609
TAGAAGAAGGGTTACA-1,1,65,125,20503,22750
GGTGACTGATAGAGAG-1,1,64,126,20252,22900
TACCCTCGGTAACCCT-1,1,65,127,20509,23041
TGTAAGACTGATAAGA-1,0,66,0,20404,4519
GTCACTCATGAGCGAT-1,0,67,1,20661,4660
CGGTTTACTGAACATT-1,0,66,2,20410,4811
GAGATCGATCTTACTC-1,0,67,3,20666,4952
TCTTTCATCCGTCCTT-1,1,66,4,20415,5102
TCGGATCTGGATGACC-1,1,67,5,20672,5243
GTCCTAGGATACCTTA-1,1,66,6,20421,5394
TGTACCCGACCCTAAT-1,1,67,7,20678,5535
AGGTTCTCCTTTCCGG-1,1,66,8,20427,5686
AATTGCGTGGATTACA-1,1,67,9,20683,5826
CGATAGCGATACAGTG-1,1,66,10,20432,5977
CGCCCTAATTGTTCAA-1,1,67,11,20689,6118
ATTATGAGACCCAATT-1,1,66,12,20438,6269
CCTCCTAGCTAGAGTC-1,1,67,13,20694,6410
CGAAGGGTTTCAGATT-1,1,66,14,20444,6560
CACAAGCTAAGAAAGG-1,1,67,15,20700,6701
CACCGGTAGAGACATT-1,1,66,16,20449,6852
ACTCATGGCAGCCTTC-1,1,67,17,20706,6993
CATCCAATATAGTTTG-1,1,66,18,20455,7144
CAGATATGAAGATGAC-1,1,67,19,20711,7284
GCAAAGGGCGTTAGCC-1,1,66,20,20461,7435
CTGTTGTTCAGTCGTA-1,1,67,21,20717,7576
AAAGGCCCTATAATAC-1,1,66,22,20466,7727
AACATTGAAGTTGATC-1,1,67,23,20723,7868
GCTAGCGATAGGTCTT-1,1,66,24,20472,8018
ATTGCCTATTAGACCG-1,1,67,25,20728,8159
GGGCGTTTACATTCAT-1,1,66,26,20477,8310
CCTCTACAAGGATTGG-1,1,67,27,20734,8451
AGTGACTGTGACACAA-1,1,66,28,20483,8602
AGCCCTCCCTGGTGGC-1,1,67,29,20740,8743
CGGTTGAGTATCCTTC-1,1,66,30,20489,8893
CATTATCCCATTAACG-1,1,67,31,20745,9034
AATGTGCTAATCTGAG-1,1,66,32,20494,9185
CTTAGTTGAGGAATCG-1,1,67,33,20751,9326
CTTCTGGGCGTACCTA-1,1,66,34,20500,9476
AGTCAAATGATGTGAT-1,1,67,35,20757,9617
TGAACAAGCAGGGACT-1,1,66,36,20506,9768
AATACCGGAGGGCTGT-1,1,67,37,20762,9909
GTTTGGTGATCGGTGC-1,1,66,38,20511,10060
GACTGCTGGTGAGAAA-1,1,67,39,20768,10201
CGATCCTCGCAACATA-1,1,66,40,20517,10351
CCAACCTTATGTAACT-1,1,67,41,20773,10492
CGTGGTACCCAAAGGC-1,1,66,42,20523,10643
AACCCGACAACCCGTG-1,1,67,43,20779,10784
TATGTAAAGTGCTTAA-1,1,66,44,20528,10934
GCAAGTGTAAAGCATG-1,1,67,45,20785,11075
GTAACTGCCCAAGGAG-1,1,66,46,20534,11226
GGTGCATAAATGATTA-1,1,67,47,20790,11367
TAGTCCCGGAGACCAC-1,1,66,48,20540,11518
CGGCCAGAGCGACCAT-1,1,67,49,20796,11659
TGAATGAGTGTTTCCC-1,1,66,50,20545,11809
TTCACTTCCTAGAACG-1,1,67,51,20802,11950
CGCTTAGTATTGATAC-1,1,66,52,20551,12101
AACGCGACCTTGGGCG-1,1,67,53,20807,12242
GTGCACCAGCTTCAAC-1,1,66,54,20556,12393
TTCTATTAAACGCAGC-1,1,67,55,20813,12533
TGGCAAGCACAAGTCG-1,1,66,56,20562,12684
ATCTGCTGTTATCGCC-1,1,67,57,20819,12825
AATTCCAAGCATGTAC-1,1,66,58,20568,12976
AAACGGTTGCGAACTG-1,1,67,59,20824,13117
GAAGGAGTCGAGTGCG-1,1,66,60,20573,13267
GGCAAGCCCATAGTGG-1,1,67,61,20830,13408
TGACCAAATCTTAAAC-1,1,66,62,20579,13559
TTCGGTACTGTAGAGG-1,1,67,63,20836,13700
ATGTACGATGACGTCG-1,1,66,64,20585,13851
ATCTAGCTTGTGAGGG-1,1,67,65,20841,13991
AGCGGGTCTGACACTC-1,1,66,66,20590,14142
GAGGTACGCGTGTCCC-1,1,67,67,20847,14283
GCACTGCCTACCTTTA-1,1,66,68,20596,14434
GGAGCGAGGCCTACTT-1,1,67,69,20852,14575
AAACTCGGTTCGCAAT-1,1,66,70,20602,14725
GGCGCTTCATTCCCTG-1,1,67,71,20858,14866
TGCTCGGTGGGTCACC-1,1,66,72,20607,15017
AAGCGCAGGGCTTTGA-1,1,67,73,20864,15158
GACCTTCCACGTCTAC-1,1,66,74,20613,15309
GTTAGCCCATGACATC-1,1,67,75,20869,15450
AATTCGATTCGAGGAT-1,1,66,76,20619,15600
AGTCTTTAAAGTGTCC-1,1,67,77,20875,15741
GACTAGGCCGTTAGGT-1,1,66,78,20624,15892
TCCAAGCCTAGACACA-1,1,67,79,20881,16033
GATTGGGAAAGGTTGT-1,1,66,80,20630,16183
GATGAGGAACCTTCGG-1,1,67,81,20886,16324
TGAATACCGACGCGTA-1,1,66,82,20635,16475
AATCGTGAGCCGAGCA-1,0,67,83,20892,16616
GCGAAGAATCTGACGG-1,1,66,84,20641,16767
GAACAACTGGGATGAA-1,1,67,85,20898,16908
TCGCCGACATATTCGC-1,1,66,86,20647,17058
CGTAGAGAGTAATTAT-1,1,67,87,20903,17199
CGATAGTCGTACTGCA-1,1,66,88,20652,17350
CGCATGCCGAATGCGT-1,1,67,89,20909,17491
CTCTAGCCCTCGGAAA-1,1,66,90,20658,17642
TCCAACTCAGCTATCT-1,1,67,91,20915,17782
GTCTAGTGAGCCGCTT-1,1,66,92,20664,17933
TACCGAATAATTGTAA-1,1,67,93,20920,18074
ATATAACACGGGCGCA-1,1,66,94,20669,18225
GCATGCTAATAACGAT-1,1,67,95,20926,18366
TCCGGGCTTGACGGGA-1,1,66,96,20675,18516
ATTATTCAGAGTCACT-1,1,67,97,20931,18657
TAGCAGTATGACTAAA-1,1,66,98,20681,18808
TATGAAGAATTAAGGT-1,1,67,99,20937,18949
CAAGGCCAGTGGTGCA-1,1,66,100,20686,19100
TGCGTACGGCTAATTG-1,1,67,101,20943,19240
CAGATAATGGGCGGGT-1,1,66,102,20692,19391
GAGAACGGTTCTGACT-1,1,67,103,20948,19532
CGCTTCGGTCTAAGAC-1,1,66,104,20698,19683
AGCATTACGAGGCAAG-1,1,67,105,20954,19824
AAGTTGTGATGTTATA-1,1,66,106,20703,19974
TTGCTCATAGTACGTG-1,1,67,107,20960,20115
TACTTAAACATGTACA-1,1,66,108,20709,20266
AGTGAGTCGAATTAAC-1,1,67,109,20965,20407
TAGGCCTATATAGTCT-1,1,66,110,20714,20558
ACTCGCCGTTCGATAA-1,1,67,111,20971,20699
GGTACGTTGCGGCCGG-1,1,66,112,20720,20849
TATTGCCGGGCTTGTA-1,1,67,113,20977,20990
GGTAAACTCTGCGCTG-1,1,66,114,20726,21141
TCCCTTGTCTGAAACT-1,0,67,115,20982,21282
CATGATCGCTTTGAGA-1,1,66,116,20731,21432
GGACGGGCGACCAACC-1,1,67,117,20988,21573
GAGAGGCCTATGTGTA-1,1,66,118,20737,21724
TCGTAACTCCCAAGAC-1,1,67,119,20994,21865
CGTATCTAGAACTAAG-1,1,66,120,20743,22016
GCACCTTCCCGAAGGT-1,1,67,121,20999,22157
TACCTCTTTACCATCC-1,1,66,122,20748,22307
TGACTCTAACTGGTAA-1,1,67,123,21005,22448
GAGAAACTGGATCCCA-1,1,66,124,20754,22599
ATCCGGACCAGCCTGA-1,1,67,125,21010,22740
TTATTTAGGTTCCTTA-1,1,66,126,20760,22891
CGAATTCCCGGTTCAA-1,1,67,127,21016,23031
TAGTTTGATCGGTCGC-1,0,68,0,20911,4509
AGTCGAAACGATTCAG-1,1,69,1,21168,4650
ACGTCGGGCAACTCGG-1,0,68,2,20917,4801
ACTTGCTCTATCTACC-1,0,69,3,21174,4942
ATTACGGGCTACGGTT-1,0,68,4,20923,5092
GCAAACGTAAGCGACC-1,1,69,5,21179,5233
TTCGGACTGGGCATGG-1,1,68,6,20928,5384
GGGCCATTCGTGCTGG-1,0,69,7,21185,5525
GAGTTGTCACCAGTCT-1,1,68,8,20934,5676
AGTAATTTGCAAGCGT-1,1,69,9,21191,5817
GTGGCCGGTTTCTCGG-1,1,68,10,20940,5967
ATCTTAGGGCATTAAT-1,1,69,11,21196,6108
CTACATATCGCGGGAC-1,1,68,12,20945,6259
ATGGTATTTACTGATT-1,1,69,13,21202,6400
CCGTCAACCTCTGGCG-1,1,68,14,20951,6551
GCTTCGACGTTCAATC-1,1,69,15,21208,6691
GACCGATTAAATATGT-1,1,68,16,20957,6842
GTCGAATTTGGGCGCT-1,1,69,17,21213,6983
TCACGGCCCAAGAGAG-1,1,68,18,20962,7134
CTACGATCCTATCCTA-1,1,69,19,21219,7275
TGCAGTGGTAGGGAAC-1,1,68,20,20968,7425
TTGCCTAATCCAAAGT-1,1,69,21,21224,7566
AGCGAGACGTGAAGGC-1,1,68,22,20974,7717
TTCTACCTCAATCGGT-1,1,69,23,21230,7858
TACGCTGCTGTGTTAA-1,1,68,24,20979,8009
TAGTCCTGCACTAAGC-1,1,69,25,21236,8149
AGCACACGTTTAGACT-1,1,68,26,20985,8300
GTTCGACAATTGTATA-1,1,69,27,21241,8441
CCATGTTCATCTATAT-1,1,68,28,20990,8592
CCCTCGATAATACACA-1,1,69,29,21247,8733
ACTGCCCGCCATTCTC-1,1,68,30,20996,8883
CTATATCCAGCCTGGC-1,1,69,31,21253,9024
CGCACGTCTGTTTATG-1,1,68,32,21002,9175
AATCAGGTTTCATTTA-1,1,69,33,21258,9316
AGAGAAACACCAGAAA-1,1,68,34,21007,9467
ACCCGATTGGTTCCGA-1,1,69,35,21264,9608
TACCAGGAATCCCGTC-1,1,68,36,21013,9758
AAGTGCTTCTCTATTG-1,1,69,37,21270,9899
TGCATGTGACCCATAG-1,1,68,38,21019,10050
TAGATTCAAAGTGCGG-1,1,69,39,21275,10191
AGGGTCAGAGCACTCG-1,1,68,40,21024,10341
GTGAGATAACCTTATA-1,1,69,41,21281,10482
GTGTCAGTGTACGTGG-1,1,68,42,21030,10633
CTGTAGTGAGGATCGA-1,1,69,43,21287,10774
GATAGTGCGAGTAAGT-1,1,68,44,21036,10925
AGGGTTCAGACGGTCC-1,1,69,45,21292,11066
GGACTCGACAGCGCAT-1,1,68,46,21041,11216
CACTCTCAAGCATCGA-1,1,69,47,21298,11357
GAGCGGAATGCGGTGT-1,1,68,48,21047,11508
CAGTTCGAGGACCCGA-1,1,69,49,21303,11649
CGTAACTTCGACACTT-1,1,68,50,21053,11800
TGATCACCACACTGAC-1,1,69,51,21309,11940
CATACTTCTTTCTCCG-1,1,68,52,21058,12091
CAAGTAAGTGATAGAC-1,1,69,53,21315,12232
AGCCCGCAACAAGCAG-1,1,68,54,21064,12383
GCTCCATGCAAAGCAA-1,1,69,55,21320,12524
TCGTACCGACGTCAAG-1,1,68,56,21069,12674
ATTATCGGAATGTACG-1,1,69,57,21326,12815
ACCTACTATAAATCTA-1,1,68,58,21075,12966
TATCCTATCAACTGGT-1,1,69,59,21332,13107
GCGCGGTCTAGTAACT-1,1,68,60,21081,13258
CCTTCGTATAGAATCC-1,1,69,61,21337,13398
TGGGCGATACAATAAG-1,1,68,62,21086,13549
TGACATGTAACGTGAC-1,1,69,63,21343,13690
TTGGGAAGACGAGCCG-1,1,68,64,21092,13841
GGTGTAAATCGATTGT-1,1,69,65,21349,13982
GAACTGTGGAGAGACA-1,1,68,66,21098,14132
TCCACATCGTATATTG-1,1,69,67,21354,14273
CCTATGGTCAAAGCTG-1,1,68,68,21103,14424
TCCTTGTCCTTTAATT-1,1,69,69,21360,14565
AAGTTTATGGGCCCAA-1,1,68,70,21109,14716
GTCCGGGTTCACATTA-1,1,69,71,21366,14857
ATGTAGCGCGCGTAGG-1,1,68,72,21115,15007
TACGGAAGCCAAACCA-1,1,69,73,21371,15148
GCCCTGAGGATGGGCT-1,1,68,74,21120,15299
CGGGCGATGGATCACG-1,1,69,75,21377,15440
TGCGGACTTGACTCCG-1,1,68,76,21126,15590
TAATACTAGAACAGAC-1,1,69,77,21382,15731
TCAAATTGTTGTGCCG-1,1,68,78,21132,15882
GGGCAGTCAACGCCAA-1,1,69,79,21388,16023
TCGCTGCCAATGCTGT-1,1,68,80,21137,16174
TACGTGGGCCCAGGGC-1,1,69,81,21394,16315
GCCTACGTTCTGTGCA-1,1,68,82,21143,16465
TTGCGTGTGTAGGCAT-1,1,69,83,21399,16606
TCCTAAAGATTCAGAC-1,1,68,84,21148,16757
TGGGTGCACAAGCCAT-1,0,69,85,21405,16898
GGGAGCGACCGTAGTG-1,1,68,86,21154,17048
CATAGAGGAGATACTA-1,0,69,87,21411,17189
CTTCGATTGCGCAAGC-1,1,68,88,21160,17340
GTGCCTGAGACCAAAC-1,1,69,89,21416,17481
TCATCCTCAGCTGCTT-1,1,68,90,21165,17632
TGCAACTACTGGTTGA-1,1,69,91,21422,17773
ATGTTGATTAGAGACT-1,1,68,92,21171,17923
GTTTCTAGAGGCGCGG-1,1,69,93,21428,18064
TACAAGGGCTTCTTTA-1,1,68,94,21177,18215
ACAGGCACGGATCCTT-1,1,69,95,21433,18356
CCCAAGTCATTACACT-1,1,68,96,21182,18507
ACTCTGACCTAATAGA-1,1,69,97,21439,18647
GGATGGCTTGAAGTAT-1,1,68,98,21188,18798
ACCCTCCCGTCAGGGC-1,1,69,99,21445,18939
AGCTTCTTCTCGAGCA-1,1,68,100,21194,19090
TTGCGCTTGATCAATA-1,1,69,101,21450,19231
TGGGTGTAATAGATTT-1,1,68,102,21199,19381
CATGGTTTATTAATCA-1,1,69,103,21456,19522
TTGCCTTCTCGCCGGG-1,1,68,104,21205,19673
TTAAAGTAAGTCGCCA-1,1,69,105,21461,19814
AGTTGGCAAGGCTAGA-1,0,68,106,21211,19965
CCGCACTTGCAATGAC-1,1,69,107,21467,20105
AATGTTGTCGTGAGAC-1,1,68,108,21216,20256
CCAAGGTTGCCCTTTC-1,0,69,109,21473,20397
TGTGACTAGAGTTTGC-1,1,68,110,21222,20548
TTGTGATCTGTTCAGT-1,0,69,111,21478,20689
GGAGTTGATTCTGTGT-1,1,68,112,21228,20839
GTAGTGAGCAACCTCA-1,0,69,113,21484,20980
AAGACATACGTGGTTT-1,1,68,114,21233,21131
CATCCCGAGATTCATA-1,0,69,115,21490,21272
GGCCGCAGGAACCGCA-1,1,68,116,21239,21423
CCAGAAACTGATGCGA-1,0,69,117,21495,21564
ACCCGTAGTCTAGTTG-1,0,68,118,21244,21714
AGGGTCTGGACGCAGT-1,1,69,119,21501,21855
TTGAAACCCTCATTCC-1,0,68,120,21250,22006
TCAATCCCGCGCCAAA-1,0,69,121,21507,22147
AGGACATCGGCACACT-1,1,68,122,21256,22297
GACAAGACGCCCGTGC-1,0,69,123,21512,22438
GAGTAAATTAAGAACC-1,0,68,124,21261,22589
TAAGTCGGTGAGCTAG-1,1,69,125,21518,22730
CTTACTGACTCCTCTG-1,1,68,126,21267,22881
TTAACTGATCGTTTGG-1,1,69,127,21524,23022
GGGCGATCCATAGGCC-1,1,70,0,21419,4499
CGTATTGTTTGGCGCC-1,1,71,1,21675,4640
CGCGTGGGCCTGTGTT-1,1,70,2,21425,4791
AAATCTGCCCGCGTCC-1,0,71,3,21681,4932
GCTGAAGGGTTCTTGG-1,1,70,4,21430,5083
TAATTGCGCTGATTAC-1,1,71,5,21687,5224
TCGCGCGTTTACATGA-1,1,70,6,21436,5374
TAACTGAAATACGCCT-1,1,71,7,21692,5515
CCTGTCGTGTATGAAG-1,0,70,8,21441,5666
CGGGAACGCCCTGCAT-1,0,71,9,21698,5807
AGTTGCGGTCCTCAAC-1,0,70,10,21447,5957
GGGTCCTTGGAAGAAG-1,0,71,11,21704,6098
CGGGAAGTACCGTGGC-1,1,70,12,21453,6249
ACGGTCACCGAGAACA-1,1,71,13,21709,6390
TAGACTCAGTTGGCCT-1,1,70,14,21458,6541
CCTTCCGCAACGCTGC-1,1,71,15,21715,6682
CAGTGTTAATCTCTCA-1,1,70,16,21464,6832
CAGGCCAGTACCACCT-1,1,71,17,21721,6973
GATCGCTGTGGTGCGT-1,1,70,18,21470,7124
GTATCTCGGGCGCTTT-1,1,71,19,21726,7265
CCGGGCTAAGAATTTC-1,1,70,20,21475,7416
CTTCACGCCCTGGTAC-1,1,71,21,21732,7556
CGGATGAATGCTGTGA-1,1,70,22,21481,7707
CTCTGCAGGCATTCTT-1,1,71,23,21737,7848
TCAAAGTCACGGCGTC-1,1,70,24,21487,7999
TGGGTTTCGGGCGTAC-1,1,71,25,21743,8140
TGCTATGGCAAAGGGA-1,1,70,26,21492,8290
TTCACGGTCGTCACGT-1,1,71,27,21749,8431
CGTAAAGCAAGAAATC-1,1,70,28,21498,8582
CTGATCCCTTTATGCA-1,1,71,29,21754,8723
GAGTATACCCTAATCA-1,1,70,30,21504,8874
CCACGGCAGGTGTAGG-1,1,71,31,21760,9014
ACGTACTTTGGCACGG-1,1,70,32,21509,9165
CCTGAGAATAAATGCA-1,1,71,33,21766,9306
TTGATGCCGCTCGTCG-1,1,70,34,21515,9457
GCCAGGAAAGAACACT-1,1,71,35,21771,9598
TCCGACCGCTAATCAA-1,1,70,36,21520,9748
TATATCAAAGTGATCT-1,1,71,37,21777,9889
CCTCGGTTTCCTTGCC-1,1,70,38,21526,10040
TAAATTTAGTAACACC-1,1,71,39,21783,10181
CTCGTTACGGCTACCA-1,1,70,40,21532,10332
GCCGTCGGTTTCGGGC-1,1,71,41,21788,10473
GTTCCGTCCGCCTGCA-1,1,70,42,21537,10623
CTAGGGATAGGGACAA-1,1,71,43,21794,10764
GTCCAGGCACGTGTGC-1,1,70,44,21543,10915
GAGGAATATCTCTTTG-1,1,71,45,21800,11056
CGTTCAAGGAAACGGA-1,1,70,46,21549,11206
GTGGGAACAAACCGGG-1,1,71,47,21805,11347
GGGCACGTAGTACTGT-1,1,70,48,21554,11498
ACTACAAAGAGAGGTG-1,1,71,49,21811,11639
GGTGTAGGTAAGTAAA-1,1,70,50,21560,11790
CCTGTTCAACCTCGGG-1,1,71,51,21816,11931
TGAGGTGTGTGGCGGA-1,1,70,52,21566,12081
ATTGTCTGTTTCATGT-1,1,71,53,21822,12222
GCCGGTCGTATCTCTC-1,1,70,54,21571,12373
ATATGGGATAGCAACT-1,1,71,55,21828,12514
GATAGAACCCGCTAGG-1,1,70,56,21577,12665
ATCCCATTTCCGTGGG-1,1,71,57,21833,12805
GATGCTACCTTCGATG-1,1,70,58,21583,12956
TGCAAAGTTCGTCTGT-1,1,71,59,21839,13097
GTTCAGTCGCCAAATG-1,1,70,60,21588,13248
GTCTCCGCCTCAATAC-1,1,71,61,21845,13389
AGTAGAAGGCGCCTCA-1,1,70,62,21594,13539
GTTGTAGATTTATGAG-1,1,71,63,21850,13680
CTATTTGCTTGGAGGA-1,1,70,64,21599,13831
AGCCATATAGTATGTG-1,1,71,65,21856,13972
TGTTCCGGCCTGAGCT-1,1,70,66,21605,14123
TGCCGTGGGACCCAAT-1,1,71,67,21862,14263
TTGCAAGAAGACTCCT-1,1,70,68,21611,14414
CCGCTCCAGGGCGATC-1,1,71,69,21867,14555
CAAACCCTCCGGCGGG-1,1,70,70,21616,14706
CGGACCTTTACGTCCC-1,1,71,71,21873,14847
ACGTAGGAGAGTCGCT-1,1,70,72,21622,14997
CTGCGACCTCGCCGAA-1,0,71,73,21879,15138
GGCCCAGCTGGTTTGC-1,1,70,74,21628,15289
GGATTAATCATGGACC-1,1,71,75,21884,15430
GAGATGGCTTTAATCA-1,1,70,76,21633,15581
AGTACAGAAGCTTATA-1,0,71,77,21890,15722
GCGGCTTTAGCAAGTT-1,0,70,78,21639,15872
ACCGAGTCTCCTTATT-1,0,71,79,21895,16013
GACCACACTTCCCTTT-1,0,70,80,21645,16164
TGTAGCCAATTCCGTT-1,0,71,81,21901,16305
CTCGTCTGTGCCTTCG-1,0,70,82,21650,16455
GGACTCTTTGACTAAG-1,0,71,83,21907,16596
TCATCGACGACCGTCG-1,0,70,84,21656,16747
TACTACGTGCAATGCG-1,0,71,85,21912,16888
CCCTACTTGAACAATG-1,0,70,86,21662,17039
GCAGCTGTCAACGCAT-1,0,71,87,21918,17180
ATCTACCATCTGCTCC-1,0,70,88,21667,17330
TCTCAAATCAATCGGG-1,0,71,89,21924,17471
ACTCCGGCCGACCACT-1,0,70,90,21673,17622
TACACCTCTTCGAATC-1,0,71,91,21929,17763
GTGGCTGTTTCTGTTC-1,1,70,92,21678,17914
ACGACTCTAGGGCCGA-1,0,71,93,21935,18054
TCGTTTACGCGACCCT-1,1,70,94,21684,18205
AGGATATCCGACTGCA-1,0,71,95,21941,18346
GACACTTCCAATTACC-1,1,70,96,21690,18497
ACGGTACAGTTCAATG-1,0,71,97,21946,18638
CTTGATGACCATCCAG-1,1,70,98,21695,18788
CTGGTAAAGACTTACA-1,0,71,99,21952,18929
CTTGCCCACCCACGCA-1,1,70,100,21701,19080
CATTACGCAGGAAGGG-1,1,71,101,21958,19221
GGACAACCATGAAGCC-1,1,70,102,21707,19372
GTTATCAAGCTATCGA-1,1,71,103,21963,19512
AGGTGCACGTCCACAT-1,0,70,104,21712,19663
AAAGAATGTGGACTAA-1,0,71,105,21969,19804
ACCAAGTCATCGGCAG-1,0,70,106,21718,19955
AGTAACTATAGCAGCC-1,0,71,107,21974,20096
GGGAAAGAATGCCAAC-1,1,70,108,21724,20246
AATCGGTATAGCCCTC-1,1,71,109,21980,20387
GGCACTGCGGTGGTTT-1,1,70,110,21729,20538
CGTCCTCATCGCGTGC-1,1,71,111,21986,20679
CTTAACTTACAGTATA-1,1,70,112,21735,20830
GTGAGTCGACTAATAG-1,0,71,113,21991,20971
TGTACTTCCGGGCATG-1,1,70,114,21741,21121
CACAAACCGCAGAACT-1,1,71,115,21997,21262
GCTTTACACAACTGGG-1,1,70,116,21746,21413
CACCGATGATGGGTAC-1,1,71,117,22003,21554
TCAATATACAGGAGGC-1,1,70,118,21752,21704
AACGACCTCCTAGCCG-1,1,71,119,22008,21845
GTTACCAAGGCGTACG-1,1,70,120,21757,21996
TAGCTCACTGTGTTTG-1,1,71,121,22014,22137
TCGGCAGGGTTAAGGG-1,1,70,122,21763,22288
TGTTAACAAAGTGACT-1,1,71,123,22020,22429
CAGAGCGATGGATGCT-1,1,70,124,21769,22579
CATAGTGGGCACGCCT-1,1,71,125,22025,22720
AAACGCTGGGCACGAC-1,1,70,126,21774,22871
TGTTCTCATACTATAG-1,1,71,127,22031,23012
TCCGCTGGGTCGATCG-1,1,72,0,21926,4490
TTAGCATCCCTCACGT-1,1,73,1,22183,4630
AGCCTTGTCACTGATA-1,1,72,2,21932,4781
GTTTCTTGTTAGAGCT-1,1,73,3,22188,4922
TCGGAGTCCTGGTTGC-1,0,72,4,21938,5073
ACGGGTTGTGACCTGT-1,0,73,5,22194,5214
TGACAGAAATCTTGCT-1,1,72,6,21943,5364
TAGCCATGATTGCCTA-1,0,73,7,22200,5505
CGAAGCCACAGCATGG-1,0,72,8,21949,5656
ACCCGTAGCAGAGAAT-1,0,73,9,22205,5797
AGCTTGATCAGGGTAG-1,0,72,10,21955,5948
CTATAAGTAGGGTTTG-1,0,73,11,22211,6089
TATAGTTAGGTGTACT-1,0,72,12,21960,6239
TACGCTGATAGTTGTA-1,0,73,13,22217,6380
TTCTCAATTGCTACAA-1,1,72,14,21966,6531
GTTGCCCTAACGGGTG-1,0,73,15,22222,6672
GACATTTCGCCCAGCC-1,1,72,16,21971,6822
GTAACTACGTAGACCT-1,1,73,17,22228,6963
CCAGTGTACAGACCGA-1,1,72,18,21977,7114
GCCCGATGCCCAGTTC-1,1,73,19,22234,7255
CGAACCTCTTTCCTAG-1,1,72,20,21983,7406
CATGCACATGAGAGGC-1,1,73,21,22239,7547
CCAAATCAAAGGGCAA-1,1,72,22,21988,7697
GTAGTTTAAGCACACG-1,1,73,23,22245,7838
TAAGTGAATAGTCTAC-1,1,72,24,21994,7989
GGTCCACGTCTATTTG-1,1,73,25,22251,8130
CCCTCAGATCGAGAAC-1,1,72,26,22000,8281
ACATTCGCGCGGAATA-1,1,73,27,22256,8421
CTATGAACACCTTGCC-1,1,72,28,22005,8572
CGAATGGTAGGTCGTC-1,1,73,29,22262,8713
TCGACATAGCGTAGCG-1,1,72,30,22011,8864
GACGTTGCTCGGCGGC-1,1,73,31,22267,9005
CTCGAGGCAAGTTTCA-1,1,72,32,22017,9155
GCTGGGAGCGCGTCAA-1,1,73,33,22273,9296
GACGATATCACTGGGT-1,1,72,34,22022,9447
CAGCTCTGGGCTCACT-1,0,73,35,22279,9588
TAGTCTGCGGCACATT-1,1,72,36,22028,9739
TGGTCGATATACCTCT-1,1,73,37,22284,9879
TTCAGTTCAAGAGGAG-1,1,72,38,22034,10030
GTCTGTAGGTTGAACA-1,0,73,39,22290,10171
GAGAGTCTCGGGAGAG-1,1,72,40,22039,10322
TTGTTTGTATTACACG-1,0,73,41,22296,10463
GCACAGCACGGGCCGA-1,1,72,42,22045,10613
AAACAGTGTTCCTGGG-1,1,73,43,22301,10754
TGGAGAATAATCGTCC-1,1,72,44,22050,10905
CGCCGCGTTCTGAACG-1,1,73,45,22307,11046
CATGCGTTGAGAGGAG-1,1,72,46,22056,11197
TACGCTCCTAGAACTG-1,1,73,47,22313,11338
CCTTGTGAACGTGGTT-1,1,72,48,22062,11488
TTAAAGGCGATGCTCG-1,1,73,49,22318,11629
TAAAGTGCACGTCTCG-1,1,72,50,22067,11780
TGTCCGCAAACAATTC-1,1,73,51,22324,11921
AGGCCTATCATACCAA-1,1,72,52,22073,12071
ACTGGGATGCCAGTGC-1,1,73,53,22330,12212
CGATCCACCATTGTTG-1,1,72,54,22079,12363
GGGCATGCATGTCGAG-1,1,73,55,22335,12504
TCCAGGCAGGACGATC-1,1,72,56,22084,12655
CAATGACCCTTAATTT-1,1,73,57,22341,12796
ATCAAGATCCCAGGAC-1,1,72,58,22090,12946
CTCAGAGCTAATGTCG-1,1,73,59,22346,13087
CTGCGATTTCGAGATT-1,1,72,60,22096,13238
ATGGTATTGGGAACCG-1,1,73,61,22352,13379
TAGGTTCTGCTGAGAA-1,1,72,62,22101,13530
GCCTGTCCCGGTGCAT-1,1,73,63,22358,13670
GGCCTGCTCTGATGTT-1,1,72,64,22107,13821
TAGAGGGAGTTTATCT-1,1,73,65,22363,13962
CTCTACATCCTGCGTG-1,1,72,66,22113,14113
ACACATTTCCGTAGAC-1,1,73,67,22369,14254
TGGGTGTTAAGTAGAA-1,1,72,68,22118,14404
GAGCTCAACATGAGCG-1,0,73,69,22375,14545
GCACACAGCTATTACC-1,1,72,70,22124,14696
GCGACGGTAGTCTCCT-1,0,73,71,22380,14837
GTATCAAGGTACTTCC-1,0,72,72,22129,14988
GGAAAGGGAATTGAGC-1,0,73,73,22386,15128
TACACAGCCGTGGTGC-1,0,72,74,22135,15279
CGGTTGGGCAGGGTCC-1,0,73,75,22392,15420
GCACGCCGATTCCCGC-1,1,72,76,22141,15571
CGCTTTCCGCCAAGGT-1,0,73,77,22397,15712
TGCCCGATAGTTAGAA-1,0,72,78,22146,15862
TCAGAACGGCGGTAAT-1,0,73,79,22403,16003
CCACTCAGATCCGCAA-1,0,72,80,22152,16154
GAAGGGTCATTAAGAC-1,0,73,81,22409,16295
GCGGTCTTGCTTTCAC-1,0,72,82,22158,16446
GGAAGGACACCGTATA-1,0,73,83,22414,16587
CGCGGGAATTCCTTTC-1,0,72,84,22163,16737
TCTATCCGATTGCACA-1,0,73,85,22420,16878
TACTCGTTTGAATCAA-1,0,72,86,22169,17029
GTCTGCCGACTCGACG-1,0,73,87,22425,17170
TACGGGTAATAACATA-1,0,72,88,22175,17320
CCAGTTCGGTAACTCA-1,0,73,89,22431,17461
CGTGCACACCACTGTA-1,0,72,90,22180,17612
CTTCAGTTGGACAACG-1,0,73,91,22437,17753
TGATCTATCACACTCT-1,0,72,92,22186,17904
TAGCAGATACTTAGGG-1,0,73,93,22442,18045
CACCGGGCATCACAAG-1,0,72,94,22192,18195
AGTGGCCCGCAAATGG-1,0,73,95,22448,18336
CTCGCTAGGTAAGCGA-1,0,72,96,22197,18487
GATAGATAGTACAGTC-1,0,73,97,22454,18628
CGAGACTACTGCTGCT-1,0,72,98,22203,18779
ACATTTGAAACCTAAC-1,0,73,99,22459,18919
GACACAGCCGGGACTG-1,0,72,100,22208,19070
ACGGAACACGAGTGCC-1,1,73,101,22465,19211
ACGCCAGTGCGTTTGC-1,0,72,102,22214,19362
GCACCTAGGCGAGTCC-1,1,73,103,22471,19503
TCACTATCCCTTCGGT-1,1,72,104,22220,19653
TGAGTGTAACAACGGG-1,0,73,105,22476,19794
ATTGGTTGTGCATTAC-1,1,72,106,22225,19945
CTGGCGATTTACATGT-1,1,73,107,22482,20086
TCCACCAAGACATAGG-1,1,72,108,22231,20237
AACGTCGCTGCACTTC-1,1,73,109,22488,20377
GTCTCCCGAGTCCCGT-1,1,72,110,22237,20528
AGCCCGCACTACAATG-1,1,73,111,22493,20669
GGCACGCTGCTACAGT-1,0,72,112,22242,20820
GCTTGAGTGACCTCTG-1,1,73,113,22499,20961
ATAGCCATAACAGTCA-1,1,72,114,22248,21111
TAGGAGGCTCGAGAAC-1,1,73,115,22504,21252
GTCGGGTGAAGTACCG-1,1,72,116,22254,21403
CACCCGCGTTTGACAC-1,1,73,117,22510,21544
TCTCAGGCTACTCGCT-1,1,72,118,22259,21695
TAGATTCTCTAGCAAA-1,1,73,119,22516,21836
CCCATTATTGTATCCT-1,0,72,120,22265,21986
GTTAATAGCGTCATTA-1,0,73,121,22521,22127
TACTCATTGACGCATC-1,0,72,122,22271,22278
TAGTGACAAGCTCTAC-1,0,73,123,22527,22419
ATCGCCGTGGTTCATG-1,1,72,124,22276,22569
CTGCTCTCAACACACC-1,1,73,125,22533,22710
GCATGACACAAAGGAA-1,1,72,126,22282,22861
CAACGATCGATCCAAT-1,0,73,127,22538,23002
ATACAGCGTCCACTGA-1,1,74,0,22434,4480
TCACGATTAATACGTT-1,0,75,1,22690,4621
CGTGAACTGACCCGAT-1,1,74,2,22439,4771
TCGATGTTACGGCCGT-1,0,75,3,22696,4912
GACCGGTGATACTCTC-1,0,74,4,22445,5063
TCTGTTTAGATTGTTC-1,0,75,5,22702,5204
GCTACTCGGACGCAGA-1,0,74,6,22451,5355
AAGAAAGTTTGATGGG-1,0,75,7,22707,5496
CGCCAGTAGTACCTTG-1,0,74,8,22456,5646
CTCCCTTGTATCAAGG-1,0,75,9,22713,5787
ACTTTATACACCACTT-1,0,74,10,22462,5938
AGATCTGGAGAGGATA-1,0,75,11,22718,6079
TCATCCATCTGATCAC-1,0,74,12,22468,6229
AGAACACGGCGATGGT-1,0,75,13,22724,6370
CCGCTCCGGATAAGCT-1,0,74,14,22473,6521
TGGTCGGGTACAGGGC-1,0,75,15,22730,6662
ACGGACGCAGCGACAA-1,0,74,16,22479,6813
ACATGCTTACGGCAGC-1,0,75,17,22735,6954
CAGGGAGATAGGCCAG-1,0,74,18,22484,7104
TCGCCACCCGGATTAC-1,0,75,19,22741,7245
TCTTGGTCAATGATAC-1,0,74,20,22490,7396
CATAGGGACACTTGTG-1,0,75,21,22747,7537
CACGAGCAAACCAGAC-1,0,74,22,22496,7687
GGGATATTGATCGCCA-1,0,75,23,22752,7828
TAATGTCGGTTCATGG-1,1,74,24,22501,7979
CGATTTGTCATTAATG-1,0,75,25,22758,8120
TTAAGATACCCAGAGA-1,0,74,26,22507,8271
CGACCGTTGGTATTCG-1,0,75,27,22764,8412
ACTACCATCCGAGGGC-1,0,74,28,22513,8562
TCTACGCACGATCTCC-1,0,75,29,22769,8703
AAGCCACTTGCAGGTA-1,0,74,30,22518,8854
ACGTTGTCGTTGAAAG-1,0,75,31,22775,8995
ACCGCTAGTCATTGGT-1,0,74,32,22524,9146
CATGAGTCCATCACGG-1,0,75,33,22781,9286
ATGTCTTGTTTGACTC-1,0,74,34,22530,9437
TCCCAAACATCCTCTA-1,0,75,35,22786,9578
CAACGCGATGAGCCAA-1,0,74,36,22535,9729
GACACCCAAAGACGCG-1,0,75,37,22792,9870
ACGTTCACTATGCCGC-1,0,74,38,22541,10020
ATGGACTGCTTAGTTG-1,0,75,39,22797,10161
CCATGGCAAACGCTCA-1,0,74,40,22547,10312
TTGTCTCGGCAAGATG-1,0,75,41,22803,10453
TTCGAACGAAACATGC-1,1,74,42,22552,10604
GGAAAGTCTTGATTGT-1,1,75,43,22809,10744
ATCATAGATCGACGAG-1,1,74,44,22558,10895
GATTAGAAACAAGCGT-1,1,75,45,22814,11036
GCTGCGAAGAATTATT-1,1,74,46,22563,11187
TTCCAGTGGGTTTCGT-1,1,75,47,22820,11328
GCTCATTGATCATATC-1,1,74,48,22569,11478
ATACGAGGTTTGTAAG-1,1,75,49,22826,11619
GTCTATACACGCATGG-1,1,74,50,22575,11770
GATTTGCGCTAACACC-1,1,75,51,22831,11911
TGGTGCCCTGCCTTAC-1,1,74,52,22580,12062
TCGAATCGCAGGGTAG-1,1,75,53,22837,12203
GGTAGGCCAATATCAC-1,1,74,54,22586,12353
CGTAAATAACAAAGGG-1,1,75,55,22843,12494
GACTCTAGAGTTCCAA-1,1,74,56,22592,12645
ACTTGTTACCGGATCA-1,1,75,57,22848,12786
GGCATTGAACATCTCA-1,1,74,58,22597,12936
AACCCGCTGTATTCCA-1,1,75,59,22854,13077
TAACAGGTTCCCTTAG-1,1,74,60,22603,13228
GTTCTTGTAACTCAAT-1,1,75,61,22860,13369
GATTCTGTTAATGAGT-1,1,74,62,22609,13520
GGACACCTCGGTGTTG-1,1,75,63,22865,13661
CGATCGAGAAGCACCA-1,1,74,64,22614,13811
CTGCTCTGACGGCAAA-1,1,75,65,22871,13952
CCCAGGAAGAATTCGA-1,1,74,66,22620,14103
TGTCGTGGGTATAGGC-1,1,75,67,22876,14244
ATATGTCTAGAGCGTG-1,1,74,68,22626,14395
GCGGGCAGACGGGTGA-1,1,75,69,22882,14535
CGAAGATCAGTTTCAT-1,1,74,70,22631,14686
ACGCCACTCGAAACAG-1,1,75,71,22888,14827
CTTAGATGTTTCATCC-1,0,74,72,22637,14978
GCGAATGGACTAGCGA-1,1,75,73,22893,15119
TAAATTGTGGGTAAAG-1,0,74,74,22642,15269
ATTTATACTGGTAAAG-1,1,75,75,22899,15410
GCGTCGTAACATGGTC-1,1,74,76,22648,15561
CGGTATGGGCACTCTG-1,1,75,77,22905,15702
CTATCACAACGCTGGA-1,0,74,78,22654,15853
ACCACACGGTTGATGG-1,1,75,79,22910,15993
TCAGCGCACGCCGTTT-1,0,74,80,22659,16144
AATGTTAAGACCCTGA-1,0,75,81,22916,16285
CTTACATAGATTTCTT-1,0,74,82,22665,16436
AACATAGCGTGTATCG-1,1,75,83,22922,16577
AGCAGTCGAAGCATGC-1,0,74,84,22671,16727
GTACTACGGCCTCGTT-1,0,75,85,22927,16868
TTGGCCAAATTGTATC-1,0,74,86,22676,17019
TCAGAGGACGCGTTAG-1,1,75,87,22933,17160
AGTAATCTAAGGGTGG-1,1,74,88,22682,17311
AATTATACCCAGCAAG-1,1,75,89,22939,17452
CCCTACCCACACCCAG-1,1,74,90,22688,17602
CTCTGTCCATGCACCA-1,1,75,91,22944,17743
TCGCCTCCTTCGGCTC-1,1,74,92,22693,17894
CCTGATTCGCGAAGAA-1,1,75,93,22950,18035
GACTTCAACGCATCAA-1,0,74,94,22699,18185
GCTTCCCGTAAGCTCC-1,1,75,95,22955,18326
AGAACTGTACTTTGTA-1,1,74,96,22705,18477
CCTTAAGTACGCAATT-1,1,75,97,22961,18618
GGCCAATTGTATAGAC-1,1,74,98,22710,18769
AGAATACAGGCTATCC-1,1,75,99,22967,18910
AATACCTGATGTGAAC-1,0,74,100,22716,19060
TAGAGTGTTCCGGGTA-1,1,75,101,22972,19201
GCTTCCATGTAACCGC-1,1,74,102,22721,19352
GGTTCGCATTTGCCGT-1,1,75,103,22978,19493
TCAATCCGGGAAGTTT-1,1,74,104,22727,19644
CCGGAAGTGCAATATG-1,1,75,105,22984,19784
CTCATAAATGTGTATA-1,1,74,106,22733,19935
GACGGGCATCGAATTT-1,1,75,107,22989,20076
GCTAAGCCCAGTATGC-1,1,74,108,22738,20227
GCTATAAGGGCCAGGA-1,1,75,109,22995,20368
GCGGATTACTTGTTCT-1,1,74,110,22744,20518
TACAACAGCGCATACA-1,1,75,111,23001,20659
TCTAACCTAGCCTGCG-1,1,74,112,22750,20810
TCTACCCGCATCATTT-1,1,75,113,23006,20951
GTCTTACCACGCCAAG-1,1,74,114,22755,21102
AATAACGTCGCGCCCA-1,1,75,115,23012,21242
CGTTTCGGTTATATGC-1,1,74,116,22761,21393
TACGCTGCACGGTCGT-1,1,75,117,23018,21534
CGTTAAATACGACCAG-1,1,74,118,22767,21685
TCGACTGACGATGGCT-1,1,75,119,23023,21826
ACGCTACTGAATGGGC-1,1,74,120,22772,21976
AAGGGTTAGCCATGCG-1,0,75,121,23029,22117
ACGTTTCGGTGCACTT-1,0,74,122,22778,22268
TTAACCCGAGGCGTGT-1,0,75,123,23034,22409
GCCCGTCAAGCCCAAT-1,1,74,124,22784,22560
ATTCGTCCCGAGGTTA-1,1,75,125,23040,22701
TCAAATTATGTTCGAC-1,0,74,126,22789,22851
AACGTTCTACCATTGT-1,0,75,127,23046,22992
CTGTCCTGCGCACTAC-1,0,76,0,22941,4470
GCCCAGCGACACAAAG-1,1,77,1,23198,4611
TATAGCTATTATCTCT-1,1,76,2,22947,4762
AAGCTATGGATTGACC-1,0,77,3,23203,4902
CCGAAACACGACCTCT-1,0,76,4,22952,5053
ATCAGAAGCTGGTTGC-1,0,77,5,23209,5194
TGAACCTGAATGTGAG-1,0,76,6,22958,5345
TCAGAGCATGTCAACG-1,0,77,7,23215,5486
ATACCCTCCCGGCCAA-1,0,76,8,22964,5636
GCCACCTTATTCGCGA-1,0,77,9,23220,5777
CAACGAGCTTATTATG-1,0,76,10,22969,5928
GATCCAACCTTTAAAC-1,0,77,11,23226,6069
TTGTGGAGACAGCCGG-1,0,76,12,22975,6220
AGATAATCACACCTAT-1,0,77,13,23231,6361
GGTTAGGGATGCTAAT-1,0,76,14,22981,6511
TCATGAAGCGCTGCAT-1,0,77,15,23237,6652
CCAGGCGAGATGGTCT-1,0,76,16,22986,6803
CGACTTGCCGGGAAAT-1,0,77,17,23243,6944
GTGCCAAACGTTTCGA-1,0,76,18,22992,7094
TGCTCAAAGGATGCAC-1,0,77,19,23248,7235
GCCTCAGGTACCGGTC-1,0,76,20,22998,7386
ACAAGTAATTGTAAGG-1,0,77,21,23254,7527
TTAGAGTATTGTCGAG-1,0,76,22,23003,7678
GTCATCCCAAACTCAC-1,0,77,23,23260,7819
CTCCTAGTAATCGTGA-1,0,76,24,23009,7969
CCCTCATCACAGAGTA-1,0,77,25,23265,8110
GGAAACAGAGCTTGGG-1,0,76,26,23014,8261
ACATCGCAATATTCGG-1,0,77,27,23271,8402
TTAGCCATAGGGCTCG-1,0,76,28,23020,8553
CGGATTCTGCCTTATG-1,0,77,29,23277,8693
TTGTTGGCAATGACTG-1,0,76,30,23026,8844
GGATCTACCGTTCGTC-1,0,77,31,23282,8985
GGTGGGATTAGGTCCC-1,0,76,32,23031,9136
AATAGGCACGACCCTT-1,0,77,33,23288,9277
GAGGTCCGTTCGCTGT-1,0,76,34,23037,9427
TGACAACTTAAAGGTG-1,0,77,35,23294,9568
AGCTAAGCTCCGTCCG-1,0,76,36,23043,9719
CTAGCCCGGGAGACGA-1,0,77,37,23299,9860
CCCAGATTCCCGTGAC-1,0,76,38,23048,10011
GCCCGTTCACACAATT-1,1,77,39,23305,10151
ACAAACTCCATCAGAG-1,0,76,40,23054,10302
GGTTCCGTACGACTAA-1,1,77,41,23310,10443
TTGCGGAAAGCTGCCC-1,1,76,42,23060,10594
GGAACTCGTGAATACG-1,1,77,43,23316,10735
GGTTACCGCTCCCTAC-1,1,76,44,23065,10885
AGCGACTTTGAAGACA-1,1,77,45,23322,11026
CCGTTTCCTTTCCGTG-1,1,76,46,23071,11177
TGGATGGCATCTTGGA-1,1,77,47,23327,11318
CAAGTCGTTGAAATCT-1,1,76,48,23077,11469
TGCAAACGTACTAGTT-1,1,77,49,23333,11610
GGCTGTCCTACTGCGG-1,1,76,50,23082,11760
TACTGCATGATTAAAT-1,1,77,51,23339,11901
CGGACCTCTGTAGTTA-1,1,76,52,23088,12052
CCCTAGCTCTAAGGTC-1,1,77,53,23344,12193
GTAACAGGTTAACGGC-1,1,76,54,23093,12343
CCCGCAAATAATCATC-1,1,77,55,23350,12484
AATCCCGCTCAGAGCC-1,1,76,56,23099,12635
AACGTCATCCGGCTTG-1,1,77,57,23356,12776
CTCGTGGCACTGAAAG-1,1,76,58,23105,12927
CTTTATCCGACGCATG-1,1,77,59,23361,13068
AAATGACTGATCAAAC-1,1,76,60,23110,13218
TTCGTGCATGTTATAG-1,0,77,61,23367,13359
ATCAAAGAGCCGTGGT-1,1,76,62,23116,13510
ATGTCATAATAAACGA-1,0,77,63,23373,13651
CTTAATCGACTTAGTA-1,1,76,64,23122,13801
CTAAAGGATGAGATAC-1,1,77,65,23378,13942
GTGCTATCCAGCTGGA-1,1,76,66,23127,14093
GACAGAGGTCTTCAGT-1,1,77,67,23384,14234
TCGATTTACGAAACGA-1,1,76,68,23133,14385
AGGCTTAAGTTGCACA-1,1,77,69,23389,14526
TAGGATCTTAACCGCA-1,1,76,70,23139,14676
GACTTTCGAGCGGTTC-1,1,77,71,23395,14817
CCCTGGGAGGGATCCT-1,1,76,72,23144,14968
TAGTAGTTGCCGGACA-1,1,77,73,23401,15109
GCCCTAAGTGCAGGAT-1,1,76,74,23150,15260
ACTTGGGCTTTCGCCA-1,1,77,75,23406,15400
CATGATACGGTGAAAC-1,1,76,76,23156,15551
TCCTGCAGCCGCCAAT-1,1,77,77,23412,15692
GTCCGTTAGAGGGCCT-1,1,76,78,23161,15843
GCTTTATTAAGTTACC-1,1,77,79,23418,15984
AATCGAGGTCTCAAGG-1,1,76,80,23167,16134
GTGCTGTTAGAACATA-1,1,77,81,23423,16275
GGCTTCTCGTGGGTGG-1,1,76,82,23172,16426
CCTACAGTTGAGGGAG-1,1,77,83,23429,16567
TATCCCTCGATCTGCA-1,1,76,84,23178,16718
CCGGTATCTGGCGACT-1,1,77,85,23435,16858
CTCTAACACCGGCAGC-1,1,76,86,23184,17009
CTTCATCACCAGGGCT-1,1,77,87,23440,17150
GGCTGGCAATCCCACG-1,1,76,88,23189,17301
CAAACCATAAGCGTAT-1,1,77,89,23446,17442
CATGTGGGCTCATCAC-1,1,76,90,23195,17592
CCCGTGACAGTGCCTT-1,1,77,91,23452,17733
GATTATCTTGCATTAT-1,1,76,92,23201,17884
GAGTCCACCAGGTTTA-1,1,77,93,23457,18025
TGTACTATCGCTCGTT-1,1,76,94,23206,18176
TTAGCGAATAGATAGG-1,1,77,95,23463,18317
ACATACAATCAAGCGG-1,1,76,96,23212,18467
ATTCGTGTACCCATTC-1,1,77,97,23468,18608
GCTAGCAACGCACCTA-1,1,76,98,23218,18759
ACCTCAGCGAGGCGCA-1,1,77,99,23474,18900
TCCGGGCCACTAACGG-1,1,76,100,23223,19050
TCCCAATATCGACGAC-1,1,77,101,23480,19191
GGATTGAAGTAGCCTC-1,1,76,102,23229,19342
GGCGCACAGTTTACCT-1,1,77,103,23485,19483
CCCGGCACGTGTCAGG-1,1,76,104,23235,19634
AGTAAGGGACAGAATC-1,1,77,105,23491,19775
TTGCGCACAACCACGT-1,1,76,106,23240,19925
CCTGCTACAACCATAC-1,1,77,107,23497,20066
CTGGGCTACTGGAGAG-1,1,76,108,23246,20217
AGCTACGAATGGTGGT-1,1,77,109,23502,20358
ATTCGTTTATCGTATT-1,1,76,110,23251,20509
GGCATTCCCTCCCTCG-1,1,77,111,23508,20649
AGTTATTCAGACTGTG-1,0,76,112,23257,20800
CCACTTTCCTTCTAGG-1,0,77,113,23514,20941
CGCAGTTCTATCTTTC-1,1,76,114,23263,21092
AGGAGCGTTTATTATC-1,1,77,115,23519,21233
GACAGGTAATCCGTGT-1,1,76,116,23268,21383
TTCCCAAAGTACTGAT-1,1,77,117,23525,21524
CTGCAGGGTGACGCTC-1,1,76,118,23274,21675
TCATGGAGGCCTTTGT-1,1,77,119,23531,21816
ATGGCCCGAAAGGTTA-1,1,76,120,23280,21967
CGTAATATGGCCCTTG-1,0,77,121,23536,22107
AGAGTCTTAATGAAAG-1,0,76,122,23285,22258
GAACGTTTGTATCCAC-1,0,77,123,23542,22399
ATTGAATTCCCTGTAG-1,0,76,124,23291,22550
TACCTCACCAATTGTA-1,0,77,125,23547,22691
AGTCGAATTAGCGTAA-1,0,76,126,23297,22841
TTGAAGTGCATCTACA-1,0,77,127,23553,22982
